2025-06-19 19:11:48.168 | INFO     | mamba2.crew.rates:_run_loop:194 - 📈 Starting rate fetcher thread
2025-06-19 19:12:00.285 | INFO     | mamba2.crew.atr_manager:start:43 - ATR manager started
2025-06-19 19:12:00.285 | INFO     | mamba2.crew.position_manager:run:191 - 🚀 Position manager started
2025-06-19 19:12:00.286 | DEBUG    | mamba2.crew.position_manager:update_trailing_stops:44 - Waiting for ATR manager to initialize...
2025-06-19 19:12:00.286 | INFO     | mamba2.crew.day_trader:run:81 - 📈 Starting day trader...
2025-06-19 19:25:08.326 | INFO     | mamba2.crew.position_manager:stop:219 - 🛑 Stopping position manager...
2025-06-19 19:25:08.327 | DEBUG    | mamba2.crew.position_manager:stop:224 - Cleared positions cache
2025-06-19 19:25:08.328 | INFO     | mamba2.crew.position_manager:stop:226 - Position manager stopped
2025-06-19 19:25:08.329 | INFO     | mamba2.crew.atr_manager:stop:120 - Stopping ATR manager...
2025-06-19 19:25:08.344 | INFO     | mamba2.crew.day_trader:run:97 - 📈 Trading loop cancelled
2025-06-19 19:25:08.345 | INFO     | mamba2.crew.day_trader:run:110 - 📈 Day trader stopped
2025-06-19 19:25:08.345 | WARNING  | mamba2.crew.position_manager:run:207 - Position manager task cancelled
2025-06-19 19:25:22.201 | INFO     | mamba2.crew.rates:_run_loop:194 - 📈 Starting rate fetcher thread
2025-06-19 19:26:00.535 | INFO     | mamba2.crew.atr_manager:start:43 - ATR manager started
2025-06-19 19:26:00.536 | INFO     | mamba2.crew.position_manager:run:191 - 🚀 Position manager started
2025-06-19 19:26:00.537 | DEBUG    | mamba2.crew.position_manager:update_trailing_stops:44 - Waiting for ATR manager to initialize...
2025-06-19 19:26:00.538 | INFO     | mamba2.crew.day_trader:run:81 - 📈 Starting day trader...
2025-06-19 19:26:30.778 | INFO     | mamba2.strategy.triple_cross:evaluate:234 - 📉 SELL Signal - EURJPY: Trend is downtrend - Higher K=39.11 < D=42.56, Trading K=18.02 < D=29.16, Entry K=85.07 < D=85.59
2025-06-19 19:26:30.778 | INFO     | mamba2.strategy.triple_cross:evaluate:262 - Bearish entry signal. Placing SELL order: {'action': 1, 'symbol': 'EURJPY', 'type': 1, 'volume': 0.1, 'price': 166.926, 'sl': 0.0, 'tp': 0.0, 'deviation': 10, 'magic': 123456, 'comment': 'Stochastic Triple Cross', 'type_time': 0, 'type_filling': 1}
2025-06-19 19:27:00.432 | WARNING  | mamba2.strategy.triple_cross:evaluate:287 - Requote rejected (price diff: 166.9260)
2025-06-19 19:27:00.433 | ERROR    | mamba2.strategy.triple_cross:evaluate:290 - Order failed: {'retcode': 10004, 'deal': 0, 'order': 0, 'volume': 0.0, 'price': 0.0, 'bid': 166.915, 'ask': 166.941, 'comment': 'Requote'}
2025-06-19 19:27:32.725 | DEBUG    | mamba2.strategy.triple_cross:evaluate:232 - EURJPY - Sell signal skipped - waiting for red candle below EMA7. Current close: 166.915, EMA7: 166.93583
2025-06-19 19:28:02.863 | DEBUG    | mamba2.strategy.triple_cross:evaluate:232 - EURJPY - Sell signal skipped - waiting for red candle below EMA7. Current close: 166.922, EMA7: 166.93237
2025-06-19 19:28:32.978 | DEBUG    | mamba2.strategy.triple_cross:evaluate:232 - EURJPY - Sell signal skipped - waiting for red candle below EMA7. Current close: 166.922, EMA7: 166.93237
2025-06-19 19:29:03.121 | INFO     | mamba2.strategy.triple_cross:evaluate:234 - 📉 SELL Signal - EURJPY: Trend is downtrend - Higher K=39.11 < D=42.56, Trading K=18.02 < D=29.16, Entry K=66.62 < D=82.19
2025-06-19 19:29:03.122 | INFO     | mamba2.strategy.triple_cross:evaluate:262 - Bearish entry signal. Placing SELL order: {'action': 1, 'symbol': 'EURJPY', 'type': 1, 'volume': 0.1, 'price': 166.921, 'sl': 0.0, 'tp': 0.0, 'deviation': 10, 'magic': 123456, 'comment': 'Stochastic Triple Cross', 'type_time': 0, 'type_filling': 1}
2025-06-19 19:29:03.589 | ERROR    | mamba2.strategy.triple_cross:evaluate:290 - Order failed: {'retcode': 10009, 'deal': 52631434175, 'order': 52681684849, 'volume': 0.1, 'price': 166.921, 'bid': 166.921, 'ask': 166.941, 'comment': 'Request executed'}
2025-06-19 19:29:06.660 | SUCCESS  | mamba2.crew.position_manager:_update_position_sl:169 - Successfully updated position 52681684849 (SL=167.01161, TP=166.79979)
2025-06-19 19:30:22.226 | ERROR    | mamba2.broker.mt5_broker:position_by_ticket:179 - Error getting position by ticket 1750350421: (1, 'Success')
2025-06-19 19:34:03.374 | INFO     | mamba2.crew.position_manager:stop:219 - 🛑 Stopping position manager...
2025-06-19 19:34:03.375 | DEBUG    | mamba2.crew.position_manager:stop:224 - Cleared positions cache
2025-06-19 19:34:03.376 | INFO     | mamba2.crew.position_manager:stop:226 - Position manager stopped
2025-06-19 19:34:03.376 | INFO     | mamba2.crew.atr_manager:stop:120 - Stopping ATR manager...
2025-06-19 19:34:03.377 | INFO     | mamba2.crew.day_trader:run:97 - 📈 Trading loop cancelled
2025-06-19 19:34:03.378 | INFO     | mamba2.crew.day_trader:run:110 - 📈 Day trader stopped
2025-06-19 19:34:03.378 | WARNING  | mamba2.crew.position_manager:run:207 - Position manager task cancelled
2025-06-19 19:34:12.984 | INFO     | mamba2.crew.rates:_run_loop:194 - 📈 Starting rate fetcher thread
2025-06-19 19:35:00.547 | INFO     | mamba2.crew.atr_manager:start:43 - ATR manager started
2025-06-19 19:35:00.547 | INFO     | mamba2.crew.position_manager:run:191 - 🚀 Position manager started
2025-06-19 19:35:00.548 | DEBUG    | mamba2.crew.position_manager:update_trailing_stops:44 - Waiting for ATR manager to initialize...
2025-06-19 19:35:00.548 | INFO     | mamba2.crew.day_trader:run:81 - 📈 Starting day trader...
2025-06-19 19:41:01.837 | INFO     | mamba2.strategy.triple_cross:evaluate:129 - 📈 BUY Signal - GBPJPY: Trend is uptrend - Higher K=55.19 > D=53.41, Trading K=49.14 > D=47.65, Entry K=61.88 > D=54.42
2025-06-19 19:41:01.838 | INFO     | mamba2.strategy.triple_cross:evaluate:157 - Bullish entry signal. Placing BUY order: {'action': 1, 'symbol': 'GBPJPY', 'type': 0, 'volume': 0.1, 'price': 195.655, 'sl': 0.0, 'tp': 0.0, 'deviation': 10, 'magic': 123456, 'comment': 'Stochastic Triple Cross', 'type_time': 0, 'type_filling': 1}
2025-06-19 19:41:02.087 | ERROR    | mamba2.strategy.triple_cross:evaluate:185 - Order failed: {'retcode': 10009, 'deal': 52631482158, 'order': 52681732498, 'volume': 0.1, 'price': 195.655, 'bid': 195.604, 'ask': 195.655, 'comment': 'Request executed'}
2025-06-19 19:41:08.687 | SUCCESS  | mamba2.crew.position_manager:_update_position_sl:169 - Successfully updated position 52681732498 (SL=195.51821, TP=195.78757)
2025-06-19 19:55:36.556 | INFO     | mamba2.strategy.triple_cross:evaluate:129 - 📈 BUY Signal - USDJPY: Trend is uptrend - Higher K=79.44 > D=71.30, Trading K=61.59 > D=61.48, Entry K=45.86 > D=40.78
2025-06-19 19:55:36.556 | INFO     | mamba2.strategy.triple_cross:evaluate:157 - Bullish entry signal. Placing BUY order: {'action': 1, 'symbol': 'USDJPY', 'type': 0, 'volume': 0.1, 'price': 145.73, 'sl': 0.0, 'tp': 0.0, 'deviation': 10, 'magic': 123456, 'comment': 'Stochastic Triple Cross', 'type_time': 0, 'type_filling': 1}
2025-06-19 19:55:36.840 | ERROR    | mamba2.strategy.triple_cross:evaluate:185 - Order failed: {'retcode': 10009, 'deal': 52631534464, 'order': 52681784066, 'volume': 0.1, 'price': 145.73, 'bid': 145.709, 'ask': 145.73, 'comment': 'Request executed'}
2025-06-19 19:55:42.724 | SUCCESS  | mamba2.crew.position_manager:_update_position_sl:169 - Successfully updated position 52681784066 (SL=145.65396, TP=145.82207)
2025-06-19 20:00:38.879 | DEBUG    | mamba2.strategy.triple_cross:evaluate:232 - EURUSD - Sell signal skipped - waiting for red candle below EMA7. Current close: 1.1456, EMA7: 1.14559
2025-06-19 20:00:38.904 | DEBUG    | mamba2.strategy.triple_cross:evaluate:232 - GBPUSD - Sell signal skipped - waiting for red candle below EMA7. Current close: 1.34241, EMA7: 1.34237
2025-06-19 20:01:08.969 | DEBUG    | mamba2.strategy.triple_cross:evaluate:232 - EURUSD - Sell signal skipped - waiting for red candle below EMA7. Current close: 1.1456, EMA7: 1.14559
2025-06-19 20:01:09.003 | DEBUG    | mamba2.strategy.triple_cross:evaluate:232 - GBPUSD - Sell signal skipped - waiting for red candle below EMA7. Current close: 1.34241, EMA7: 1.34237
2025-06-19 20:09:13.084 | ERROR    | mamba2.broker.mt5_broker:position_by_ticket:179 - Error getting position by ticket 52681732498: (1, 'Success')
2025-06-19 20:09:13.084 | ERROR    | mamba2.broker.mt5_broker:position_by_ticket:179 - Error getting position by ticket 52681784066: (1, 'Success')
2025-06-19 20:15:37.602 | WARNING  | mamba2.crew.position_manager:run:207 - Position manager task cancelled
2025-06-19 20:15:37.605 | INFO     | mamba2.crew.position_manager:stop:219 - 🛑 Stopping position manager...
2025-06-19 20:15:37.608 | DEBUG    | mamba2.crew.position_manager:stop:224 - Cleared positions cache
2025-06-19 20:15:37.609 | INFO     | mamba2.crew.position_manager:stop:226 - Position manager stopped
2025-06-19 20:15:37.611 | INFO     | mamba2.crew.atr_manager:stop:120 - Stopping ATR manager...
2025-06-19 20:15:37.614 | INFO     | mamba2.crew.day_trader:run:97 - 📈 Trading loop cancelled
2025-06-19 20:15:37.615 | INFO     | mamba2.crew.day_trader:run:110 - 📈 Day trader stopped
2025-06-19 20:15:43.360 | INFO     | mamba2.crew.rates:_run_loop:194 - 📈 Starting rate fetcher thread
2025-06-19 20:16:00.474 | INFO     | mamba2.crew.atr_manager:start:43 - ATR manager started
2025-06-19 20:16:00.475 | INFO     | mamba2.crew.position_manager:run:191 - 🚀 Position manager started
2025-06-19 20:16:00.476 | DEBUG    | mamba2.crew.position_manager:update_trailing_stops:44 - Waiting for ATR manager to initialize...
2025-06-19 20:16:00.477 | INFO     | mamba2.crew.day_trader:run:81 - 📈 Starting day trader...
2025-06-19 20:40:35.826 | DEBUG    | mamba2.strategy.triple_cross:evaluate:127 - GBPJPY - Buy signal skipped - waiting for green candle above EMA7. Current close: 195.666, EMA7: 195.64782
2025-06-19 20:41:05.916 | DEBUG    | mamba2.strategy.triple_cross:evaluate:127 - GBPJPY - Buy signal skipped - waiting for green candle above EMA7. Current close: 195.666, EMA7: 195.64782
2025-06-19 20:41:36.065 | INFO     | mamba2.strategy.triple_cross:evaluate:129 - 📈 BUY Signal - GBPJPY: Trend is uptrend - Higher K=55.20 > D=54.74, Trading K=72.79 > D=65.10, Entry K=94.20 > D=80.78
2025-06-19 20:41:36.065 | INFO     | mamba2.strategy.triple_cross:evaluate:157 - Bullish entry signal. Placing BUY order: {'action': 1, 'symbol': 'GBPJPY', 'type': 0, 'volume': 0.1, 'price': 195.742, 'sl': 0.0, 'tp': 0.0, 'deviation': 10, 'magic': 123456, 'comment': 'Stochastic Triple Cross', 'type_time': 0, 'type_filling': 1}
2025-06-19 20:41:39.393 | ERROR    | mamba2.strategy.triple_cross:evaluate:185 - Order failed: {'retcode': 10009, 'deal': 52631743558, 'order': 52681991341, 'volume': 0.1, 'price': 195.742, 'bid': 195.695, 'ask': 195.744, 'comment': 'Request executed'}
2025-06-19 20:42:19.334 | SUCCESS  | mamba2.crew.position_manager:_update_position_sl:169 - Successfully updated position 52681991341 (SL=195.62443, TP=195.83914)
2025-06-19 20:45:50.359 | INFO     | mamba2.strategy.triple_cross:evaluate:234 - 📉 SELL Signal - USDJPY: Trend is downtrend - Higher K=74.62 < D=77.70, Trading K=18.80 < D=33.57, Entry K=57.32 < D=64.80
2025-06-19 20:45:50.361 | INFO     | mamba2.strategy.triple_cross:evaluate:262 - Bearish entry signal. Placing SELL order: {'action': 1, 'symbol': 'USDJPY', 'type': 1, 'volume': 0.1, 'price': 145.556, 'sl': 0.0, 'tp': 0.0, 'deviation': 10, 'magic': 123456, 'comment': 'Stochastic Triple Cross', 'type_time': 0, 'type_filling': 1}
2025-06-19 20:45:50.622 | ERROR    | mamba2.strategy.triple_cross:evaluate:290 - Order failed: {'retcode': 10009, 'deal': 52631764021, 'order': 52682011558, 'volume': 0.1, 'price': 145.556, 'bid': 145.556, 'ask': 145.577, 'comment': 'Request executed'}
2025-06-19 20:45:54.122 | SUCCESS  | mamba2.crew.position_manager:_update_position_sl:169 - Successfully updated position 52682011558 (SL=145.63804, TP=145.46093)
2025-06-19 20:50:23.606 | DEBUG    | mamba2.strategy.triple_cross:evaluate:127 - EURUSD - Buy signal skipped - waiting for green candle above EMA7. Current close: 1.14752, EMA7: 1.14737
2025-06-19 20:50:53.681 | DEBUG    | mamba2.strategy.triple_cross:evaluate:127 - EURUSD - Buy signal skipped - waiting for green candle above EMA7. Current close: 1.14752, EMA7: 1.14737
2025-06-19 20:51:23.759 | INFO     | mamba2.strategy.triple_cross:evaluate:129 - 📈 BUY Signal - EURUSD: Trend is uptrend - Higher K=21.73 > D=14.06, Trading K=75.76 > D=54.19, Entry K=95.35 > D=89.80
2025-06-19 20:51:23.759 | INFO     | mamba2.strategy.triple_cross:evaluate:157 - Bullish entry signal. Placing BUY order: {'action': 1, 'symbol': 'EURUSD', 'type': 0, 'volume': 0.1, 'price': 1.14774, 'sl': 0.0, 'tp': 0.0, 'deviation': 10, 'magic': 123456, 'comment': 'Stochastic Triple Cross', 'type_time': 0, 'type_filling': 1}
2025-06-19 20:51:24.029 | ERROR    | mamba2.strategy.triple_cross:evaluate:185 - Order failed: {'retcode': 10009, 'deal': 52631785847, 'order': 52682033286, 'volume': 0.1, 'price': 1.14774, 'bid': 1.14761, 'ask': 1.14774, 'comment': 'Request executed'}
2025-06-19 20:51:29.079 | SUCCESS  | mamba2.crew.position_manager:_update_position_sl:169 - Successfully updated position 52682033286 (SL=1.14704, TP=1.14875)
2025-06-19 20:55:41.728 | SUCCESS  | mamba2.crew.position_manager:_update_position_sl:169 - Successfully updated position 52682011558 (SL=145.57575, TP=145.40250)
2025-06-19 20:57:08.248 | SUCCESS  | mamba2.crew.position_manager:_update_position_sl:169 - Successfully updated position 52682033286 (SL=1.14760, TP=1.14937)
2025-06-19 20:57:18.635 | SUCCESS  | mamba2.crew.position_manager:_update_position_sl:169 - Successfully updated position 52681991341 (SL=195.70607, TP=195.90086)
2025-06-19 21:06:57.059 | INFO     | mamba2.strategy.triple_cross:evaluate:129 - 📈 BUY Signal - EURJPY: Trend is uptrend - Higher K=33.75 > D=29.57, Trading K=89.37 > D=66.56, Entry K=58.78 > D=55.06
2025-06-19 21:06:57.059 | INFO     | mamba2.strategy.triple_cross:evaluate:157 - Bullish entry signal. Placing BUY order: {'action': 1, 'symbol': 'EURJPY', 'type': 0, 'volume': 0.1, 'price': 167.097, 'sl': 0.0, 'tp': 0.0, 'deviation': 10, 'magic': 123456, 'comment': 'Stochastic Triple Cross', 'type_time': 0, 'type_filling': 1}
2025-06-19 21:06:57.384 | ERROR    | mamba2.strategy.triple_cross:evaluate:185 - Order failed: {'retcode': 10009, 'deal': 52631851589, 'order': 52682098251, 'volume': 0.1, 'price': 167.097, 'bid': 167.077, 'ask': 167.097, 'comment': 'Request executed'}
2025-06-19 21:07:02.827 | SUCCESS  | mamba2.crew.position_manager:_update_position_sl:169 - Successfully updated position 52682098251 (SL=167.02021, TP=167.19057)
2025-06-19 21:07:28.552 | DEBUG    | mamba2.strategy.triple_cross:evaluate:127 - GBPUSD - Buy signal skipped - waiting for green candle above EMA7. Current close: 1.34581, EMA7: 1.34558
2025-06-19 21:07:58.609 | DEBUG    | mamba2.strategy.triple_cross:evaluate:127 - GBPUSD - Buy signal skipped - waiting for green candle above EMA7. Current close: 1.34581, EMA7: 1.34558
2025-06-19 21:08:28.646 | DEBUG    | mamba2.strategy.triple_cross:evaluate:127 - GBPUSD - Buy signal skipped - waiting for green candle above EMA7. Current close: 1.34573, EMA7: 1.34561
2025-06-19 21:08:58.677 | DEBUG    | mamba2.strategy.triple_cross:evaluate:127 - GBPUSD - Buy signal skipped - waiting for green candle above EMA7. Current close: 1.34573, EMA7: 1.34561
2025-06-19 21:09:28.739 | DEBUG    | mamba2.strategy.triple_cross:evaluate:127 - GBPUSD - Buy signal skipped - waiting for green candle above EMA7. Current close: 1.34573, EMA7: 1.34561
2025-06-19 21:09:58.766 | DEBUG    | mamba2.strategy.triple_cross:evaluate:127 - GBPUSD - Buy signal skipped - waiting for green candle above EMA7. Current close: 1.34568, EMA7: 1.34563
2025-06-19 21:10:28.796 | DEBUG    | mamba2.strategy.triple_cross:evaluate:127 - GBPUSD - Buy signal skipped - waiting for green candle above EMA7. Current close: 1.34568, EMA7: 1.34563
2025-06-19 21:10:58.856 | INFO     | mamba2.strategy.triple_cross:evaluate:129 - 📈 BUY Signal - GBPUSD: Trend is uptrend - Higher K=55.53 > D=49.14, Trading K=93.78 > D=89.19, Entry K=88.65 > D=83.36
2025-06-19 21:10:58.859 | INFO     | mamba2.strategy.triple_cross:evaluate:157 - Bullish entry signal. Placing BUY order: {'action': 1, 'symbol': 'GBPUSD', 'type': 0, 'volume': 0.1, 'price': 1.34603, 'sl': 0.0, 'tp': 0.0, 'deviation': 10, 'magic': 123456, 'comment': 'Stochastic Triple Cross', 'type_time': 0, 'type_filling': 1}
2025-06-19 21:11:00.298 | WARNING  | mamba2.strategy.triple_cross:evaluate:182 - Requote rejected (price diff: 1.3460)
2025-06-19 21:11:00.301 | ERROR    | mamba2.strategy.triple_cross:evaluate:185 - Order failed: {'retcode': 10004, 'deal': 0, 'order': 0, 'volume': 0.0, 'price': 0.0, 'bid': 1.3458, 'ask': 1.34601, 'comment': 'Requote'}
2025-06-19 21:11:31.563 | DEBUG    | mamba2.strategy.triple_cross:evaluate:127 - GBPUSD - Buy signal skipped - waiting for green candle above EMA7. Current close: 1.3458, EMA7: 1.34571
2025-06-19 21:12:01.615 | DEBUG    | mamba2.strategy.triple_cross:evaluate:127 - GBPUSD - Buy signal skipped - waiting for green candle above EMA7. Current close: 1.3458, EMA7: 1.34571
2025-06-19 21:12:31.651 | DEBUG    | mamba2.strategy.triple_cross:evaluate:127 - GBPUSD - Buy signal skipped - waiting for green candle above EMA7. Current close: 1.34571, EMA7: 1.34571
2025-06-19 21:13:01.702 | DEBUG    | mamba2.strategy.triple_cross:evaluate:127 - GBPUSD - Buy signal skipped - waiting for green candle above EMA7. Current close: 1.34571, EMA7: 1.34571
2025-06-19 21:13:31.734 | DEBUG    | mamba2.strategy.triple_cross:evaluate:127 - GBPUSD - Buy signal skipped - waiting for green candle above EMA7. Current close: 1.34571, EMA7: 1.34571
2025-06-19 21:14:01.785 | DEBUG    | mamba2.strategy.triple_cross:evaluate:127 - GBPUSD - Buy signal skipped - waiting for green candle above EMA7. Current close: 1.34571, EMA7: 1.34571
2025-06-19 21:14:31.825 | DEBUG    | mamba2.strategy.triple_cross:evaluate:127 - GBPUSD - Buy signal skipped - waiting for green candle above EMA7. Current close: 1.34571, EMA7: 1.34571
2025-06-19 21:15:01.883 | DEBUG    | mamba2.strategy.triple_cross:evaluate:127 - GBPUSD - Buy signal skipped - waiting for green candle above EMA7. Current close: 1.34571, EMA7: 1.34571
2025-06-19 21:15:31.909 | DEBUG    | mamba2.strategy.triple_cross:evaluate:127 - GBPUSD - Buy signal skipped - waiting for green candle above EMA7. Current close: 1.34571, EMA7: 1.34571
2025-06-19 21:16:01.959 | DEBUG    | mamba2.strategy.triple_cross:evaluate:127 - GBPUSD - Buy signal skipped - waiting for green candle above EMA7. Current close: 1.34571, EMA7: 1.34571
2025-06-19 21:16:31.984 | DEBUG    | mamba2.strategy.triple_cross:evaluate:127 - GBPUSD - Buy signal skipped - waiting for green candle above EMA7. Current close: 1.34571, EMA7: 1.34571
2025-06-19 21:17:02.034 | DEBUG    | mamba2.strategy.triple_cross:evaluate:127 - GBPUSD - Buy signal skipped - waiting for green candle above EMA7. Current close: 1.34571, EMA7: 1.34571
2025-06-19 21:17:32.064 | DEBUG    | mamba2.strategy.triple_cross:evaluate:127 - GBPUSD - Buy signal skipped - waiting for green candle above EMA7. Current close: 1.34571, EMA7: 1.34571
2025-06-19 21:18:02.109 | DEBUG    | mamba2.strategy.triple_cross:evaluate:127 - GBPUSD - Buy signal skipped - waiting for green candle above EMA7. Current close: 1.34571, EMA7: 1.34571
2025-06-19 21:18:32.152 | DEBUG    | mamba2.strategy.triple_cross:evaluate:127 - GBPUSD - Buy signal skipped - waiting for green candle above EMA7. Current close: 1.34571, EMA7: 1.34571
2025-06-19 21:19:02.209 | DEBUG    | mamba2.strategy.triple_cross:evaluate:127 - GBPUSD - Buy signal skipped - waiting for green candle above EMA7. Current close: 1.34571, EMA7: 1.34571
2025-06-19 21:19:32.248 | DEBUG    | mamba2.strategy.triple_cross:evaluate:127 - GBPUSD - Buy signal skipped - waiting for green candle above EMA7. Current close: 1.34571, EMA7: 1.34571
2025-06-19 21:20:02.289 | DEBUG    | mamba2.strategy.triple_cross:evaluate:127 - GBPUSD - Buy signal skipped - waiting for green candle above EMA7. Current close: 1.34571, EMA7: 1.34571
2025-06-19 21:20:32.340 | DEBUG    | mamba2.strategy.triple_cross:evaluate:127 - GBPUSD - Buy signal skipped - waiting for green candle above EMA7. Current close: 1.34571, EMA7: 1.34571
2025-06-19 21:21:02.379 | DEBUG    | mamba2.strategy.triple_cross:evaluate:127 - GBPUSD - Buy signal skipped - waiting for green candle above EMA7. Current close: 1.34571, EMA7: 1.34571
2025-06-19 21:21:32.396 | DEBUG    | mamba2.strategy.triple_cross:evaluate:127 - GBPUSD - Buy signal skipped - waiting for green candle above EMA7. Current close: 1.34571, EMA7: 1.34571
2025-06-19 21:22:02.431 | DEBUG    | mamba2.strategy.triple_cross:evaluate:127 - GBPUSD - Buy signal skipped - waiting for green candle above EMA7. Current close: 1.34571, EMA7: 1.34571
2025-06-19 21:34:23.002 | SUCCESS  | mamba2.crew.position_manager:_update_position_sl:169 - Successfully updated position 52682011558 (SL=145.51621, TP=145.34457)
2025-06-19 21:36:03.667 | INFO     | mamba2.strategy.triple_cross:evaluate:129 - 📈 BUY Signal - GBPUSD: Trend is uptrend - Higher K=74.18 > D=54.68, Trading K=93.83 > D=93.37, Entry K=76.72 > D=56.31
2025-06-19 21:36:03.667 | INFO     | mamba2.strategy.triple_cross:evaluate:157 - Bullish entry signal. Placing BUY order: {'action': 1, 'symbol': 'GBPUSD', 'type': 0, 'volume': 0.1, 'price': 1.34608, 'sl': 0.0, 'tp': 0.0, 'deviation': 10, 'magic': 123456, 'comment': 'Stochastic Triple Cross', 'type_time': 0, 'type_filling': 1}
2025-06-19 21:36:03.927 | ERROR    | mamba2.strategy.triple_cross:evaluate:185 - Order failed: {'retcode': 10009, 'deal': 52631929922, 'order': 52682175641, 'volume': 0.1, 'price': 1.34608, 'bid': 1.34588, 'ask': 1.34608, 'comment': 'Request executed'}
2025-06-19 21:36:05.284 | SUCCESS  | mamba2.crew.position_manager:_update_position_sl:169 - Successfully updated position 52682175641 (SL=1.34521, TP=1.34724)
2025-06-20 06:31:12.639 | DEBUG    | mamba2.strategy.triple_cross:evaluate:127 - GBPUSD - Buy signal skipped - waiting for green candle above EMA7. Current close: 1.34574, EMA7: 1.34578
2025-06-20 06:34:43.566 | INFO     | mamba2.strategy.triple_cross:evaluate:234 - 📉 SELL Signal - USDJPY: Trend is downtrend - Higher K=34.42 < D=36.37, Trading K=17.34 < D=20.21, Entry K=77.57 < D=77.67
2025-06-20 06:34:43.566 | INFO     | mamba2.strategy.triple_cross:evaluate:262 - Bearish entry signal. Placing SELL order: {'action': 1, 'symbol': 'USDJPY', 'type': 1, 'volume': 0.1, 'price': 145.234, 'sl': 0.0, 'tp': 0.0, 'deviation': 10, 'magic': 123456, 'comment': 'Stochastic Triple Cross', 'type_time': 0, 'type_filling': 1}
2025-06-20 06:34:43.835 | ERROR    | mamba2.strategy.triple_cross:evaluate:290 - Order failed: {'retcode': 10009, 'deal': 52632969472, 'order': 52683202473, 'volume': 0.1, 'price': 145.234, 'bid': 145.234, 'ask': 145.254, 'comment': 'Request executed'}
2025-06-20 06:34:48.346 | SUCCESS  | mamba2.crew.position_manager:_update_position_sl:169 - Successfully updated position 52683202473 (SL=145.31164, TP=145.13871)
2025-06-20 06:40:46.202 | INFO     | mamba2.strategy.triple_cross:evaluate:129 - 📈 BUY Signal - GBPJPY: Trend is uptrend - Higher K=74.26 > D=71.72, Trading K=87.45 > D=67.70, Entry K=82.62 > D=81.13
2025-06-20 06:40:46.206 | INFO     | mamba2.strategy.triple_cross:evaluate:157 - Bullish entry signal. Placing BUY order: {'action': 1, 'symbol': 'GBPJPY', 'type': 0, 'volume': 0.1, 'price': 196.085, 'sl': 0.0, 'tp': 0.0, 'deviation': 10, 'magic': 123456, 'comment': 'Stochastic Triple Cross', 'type_time': 0, 'type_filling': 1}
2025-06-20 06:40:46.478 | ERROR    | mamba2.strategy.triple_cross:evaluate:185 - Order failed: {'retcode': 10009, 'deal': 52632984984, 'order': 52683218104, 'volume': 0.1, 'price': 196.085, 'bid': 196.039, 'ask': 196.085, 'comment': 'Request executed'}
2025-06-20 06:40:48.166 | SUCCESS  | mamba2.crew.position_manager:_update_position_sl:169 - Successfully updated position 52683218104 (SL=195.96846, TP=196.17707)
2025-06-20 06:45:48.777 | DEBUG    | mamba2.strategy.triple_cross:evaluate:127 - EURUSD - Buy signal skipped - waiting for green candle above EMA7. Current close: 1.15239, EMA7: 1.15236
2025-06-20 06:45:48.809 | DEBUG    | mamba2.strategy.triple_cross:evaluate:127 - GBPUSD - Buy signal skipped - waiting for green candle above EMA7. Current close: 1.34951, EMA7: 1.34946
2025-06-20 06:46:18.859 | DEBUG    | mamba2.strategy.triple_cross:evaluate:127 - EURUSD - Buy signal skipped - waiting for green candle above EMA7. Current close: 1.15239, EMA7: 1.15236
2025-06-20 06:46:18.914 | DEBUG    | mamba2.strategy.triple_cross:evaluate:127 - GBPUSD - Buy signal skipped - waiting for green candle above EMA7. Current close: 1.34951, EMA7: 1.34946
2025-06-20 06:46:48.999 | INFO     | mamba2.strategy.triple_cross:evaluate:129 - 📈 BUY Signal - EURUSD: Trend is uptrend - Higher K=84.70 > D=81.52, Trading K=81.93 > D=76.63, Entry K=75.34 > D=59.83
2025-06-20 06:46:49.000 | INFO     | mamba2.strategy.triple_cross:evaluate:157 - Bullish entry signal. Placing BUY order: {'action': 1, 'symbol': 'EURUSD', 'type': 0, 'volume': 0.1, 'price': 1.15274, 'sl': 0.0, 'tp': 0.0, 'deviation': 10, 'magic': 123456, 'comment': 'Stochastic Triple Cross', 'type_time': 0, 'type_filling': 1}
2025-06-20 06:46:49.285 | ERROR    | mamba2.strategy.triple_cross:evaluate:185 - Order failed: {'retcode': 10009, 'deal': 52633005515, 'order': 52683238808, 'volume': 0.1, 'price': 1.15274, 'bid': 1.1526, 'ask': 1.15274, 'comment': 'Request executed'}
2025-06-20 06:46:50.479 | DEBUG    | mamba2.strategy.triple_cross:evaluate:127 - GBPUSD - Buy signal skipped - waiting for green candle above EMA7. Current close: 1.34949, EMA7: 1.34946
2025-06-20 06:46:53.789 | SUCCESS  | mamba2.crew.position_manager:_update_position_sl:169 - Successfully updated position 52683238808 (SL=1.15213, TP=1.15373)
2025-06-20 06:47:20.547 | DEBUG    | mamba2.strategy.triple_cross:evaluate:127 - GBPUSD - Buy signal skipped - waiting for green candle above EMA7. Current close: 1.34949, EMA7: 1.34946
2025-06-20 06:47:50.627 | INFO     | mamba2.strategy.triple_cross:evaluate:129 - 📈 BUY Signal - GBPUSD: Trend is uptrend - Higher K=89.06 > D=84.20, Trading K=93.60 > D=91.40, Entry K=66.79 > D=52.68
2025-06-20 06:47:50.627 | INFO     | mamba2.strategy.triple_cross:evaluate:157 - Bullish entry signal. Placing BUY order: {'action': 1, 'symbol': 'GBPUSD', 'type': 0, 'volume': 0.1, 'price': 1.34981, 'sl': 0.0, 'tp': 0.0, 'deviation': 10, 'magic': 123456, 'comment': 'Stochastic Triple Cross', 'type_time': 0, 'type_filling': 1}
2025-06-20 06:47:50.909 | ERROR    | mamba2.strategy.triple_cross:evaluate:185 - Order failed: {'retcode': 10009, 'deal': 52633008588, 'order': 52683241928, 'volume': 0.1, 'price': 1.34981, 'bid': 1.3496000000000001, 'ask': 1.34981, 'comment': 'Request executed'}
2025-06-20 06:47:55.495 | SUCCESS  | mamba2.crew.position_manager:_update_position_sl:169 - Successfully updated position 52683241928 (SL=1.34908, TP=1.35051)
2025-06-20 06:59:57.231 | INFO     | mamba2.crew.position_manager:stop:219 - 🛑 Stopping position manager...
2025-06-20 06:59:57.231 | DEBUG    | mamba2.crew.position_manager:stop:224 - Cleared positions cache
2025-06-20 06:59:57.231 | INFO     | mamba2.crew.position_manager:stop:226 - Position manager stopped
2025-06-20 06:59:57.231 | INFO     | mamba2.crew.atr_manager:stop:120 - Stopping ATR manager...
2025-06-20 06:59:57.237 | INFO     | mamba2.crew.day_trader:run:97 - 📈 Trading loop cancelled
2025-06-20 06:59:57.239 | INFO     | mamba2.crew.day_trader:run:110 - 📈 Day trader stopped
2025-06-20 06:59:57.240 | WARNING  | mamba2.crew.position_manager:run:207 - Position manager task cancelled
2025-06-20 07:00:07.874 | INFO     | mamba2.crew.rates:_run_loop:194 - 📈 Starting rate fetcher thread
2025-06-20 07:01:00.493 | INFO     | mamba2.crew.atr_manager:start:43 - ATR manager started
2025-06-20 07:01:00.494 | INFO     | mamba2.crew.position_manager:run:198 - 🚀 Position manager started
2025-06-20 07:01:00.495 | DEBUG    | mamba2.crew.position_manager:update_trailing_stops:44 - Waiting for ATR manager to initialize...
2025-06-20 07:01:00.506 | INFO     | mamba2.crew.day_trader:run:81 - 📈 Starting day trader...
2025-06-20 07:15:32.600 | DEBUG    | mamba2.strategy.triple_cross:evaluate:127 - EURJPY - Buy signal skipped - waiting for green candle above EMA7. Current close: 167.491, EMA7: 167.48696
2025-06-20 07:16:02.649 | DEBUG    | mamba2.strategy.triple_cross:evaluate:127 - EURJPY - Buy signal skipped - waiting for green candle above EMA7. Current close: 167.491, EMA7: 167.48696
2025-06-20 07:16:32.713 | DEBUG    | mamba2.strategy.triple_cross:evaluate:127 - EURJPY - Buy signal skipped - waiting for green candle above EMA7. Current close: 167.491, EMA7: 167.48797
2025-06-20 07:17:02.796 | DEBUG    | mamba2.strategy.triple_cross:evaluate:127 - EURJPY - Buy signal skipped - waiting for green candle above EMA7. Current close: 167.491, EMA7: 167.48797
2025-06-20 07:17:32.878 | INFO     | mamba2.strategy.triple_cross:evaluate:129 - 📈 BUY Signal - EURJPY: Trend is uptrend - Higher K=81.26 > D=76.65, Trading K=89.31 > D=83.05, Entry K=67.92 > D=56.07
2025-06-20 07:17:32.879 | INFO     | mamba2.strategy.triple_cross:evaluate:157 - Bullish entry signal. Placing BUY order: {'action': 1, 'symbol': 'EURJPY', 'type': 0, 'volume': 0.1, 'price': 167.509, 'sl': 0.0, 'tp': 0.0, 'deviation': 10, 'magic': 123456, 'comment': 'Stochastic Triple Cross', 'type_time': 0, 'type_filling': 1}
2025-06-20 07:17:33.135 | ERROR    | mamba2.strategy.triple_cross:evaluate:185 - Order failed: {'retcode': 10009, 'deal': 52633090740, 'order': 52683325044, 'volume': 0.1, 'price': 167.509, 'bid': 167.489, 'ask': 167.51, 'comment': 'Request executed'}
2025-06-20 07:17:41.166 | DEBUG    | mamba2.crew.position_manager:update_trailing_stops:83 - Calculated initial SL/TP for EURJPY: Entry=167.50900, ATR=0.04271, SL=167.44493, TP=167.63714
2025-06-20 07:17:41.437 | SUCCESS  | mamba2.crew.position_manager:_update_position_sl:176 - Successfully updated position 52683325044 (SL=167.44493, TP=167.63714)
2025-06-20 07:19:26.516 | WARNING  | mamba2.crew.position_manager:run:214 - Position manager task cancelled
2025-06-20 07:19:26.517 | INFO     | mamba2.crew.position_manager:stop:226 - 🛑 Stopping position manager...
2025-06-20 07:19:26.518 | DEBUG    | mamba2.crew.position_manager:stop:231 - Cleared positions cache
2025-06-20 07:19:26.519 | INFO     | mamba2.crew.position_manager:stop:233 - Position manager stopped
2025-06-20 07:19:26.519 | INFO     | mamba2.crew.atr_manager:stop:120 - Stopping ATR manager...
2025-06-20 07:19:26.525 | INFO     | mamba2.crew.day_trader:run:97 - 📈 Trading loop cancelled
2025-06-20 07:19:26.525 | INFO     | mamba2.crew.day_trader:run:110 - 📈 Day trader stopped
2025-06-20 07:19:32.903 | INFO     | mamba2.crew.rates:_run_loop:194 - 📈 Starting rate fetcher thread
2025-06-20 07:20:01.141 | INFO     | mamba2.crew.atr_manager:start:43 - ATR manager started
2025-06-20 07:20:01.141 | INFO     | mamba2.crew.position_manager:run:198 - 🚀 Position manager started
2025-06-20 07:20:01.142 | DEBUG    | mamba2.crew.position_manager:update_trailing_stops:44 - Waiting for ATR manager to initialize...
2025-06-20 07:20:01.143 | INFO     | mamba2.crew.day_trader:run:81 - 📈 Starting day trader...
2025-06-20 07:30:48.271 | SUCCESS  | mamba2.crew.position_manager:_update_position_sl:176 - Successfully updated position 52683218104 (SL=196.04000, TP=196.24700)
2025-06-20 07:40:21.216 | SUCCESS  | mamba2.crew.position_manager:_update_position_sl:176 - Successfully updated position 52683218104 (SL=196.10875, TP=196.32250)
2025-06-20 07:40:34.341 | SUCCESS  | mamba2.crew.position_manager:_update_position_sl:176 - Successfully updated position 52683325044 (SL=167.51557, TP=167.71486)
2025-06-20 07:40:34.431 | INFO     | mamba2.strategy.triple_cross:evaluate:129 - 📈 BUY Signal - USDJPY: Trend is uptrend - Higher K=34.61 > D=33.69, Trading K=76.88 > D=60.28, Entry K=92.83 > D=91.75
2025-06-20 07:40:34.432 | INFO     | mamba2.strategy.triple_cross:evaluate:157 - Bullish entry signal. Placing BUY order: {'action': 1, 'symbol': 'USDJPY', 'type': 0, 'volume': 0.1, 'price': 145.401, 'sl': 0.0, 'tp': 0.0, 'deviation': 10, 'magic': 123456, 'comment': 'Stochastic Triple Cross', 'type_time': 0, 'type_filling': 1}
2025-06-20 07:40:34.733 | ERROR    | mamba2.strategy.triple_cross:evaluate:185 - Order failed: {'retcode': 10009, 'deal': 52633147671, 'order': 52683382636, 'volume': 0.1, 'price': 145.401, 'bid': 145.38, 'ask': 145.401, 'comment': 'Request executed'}
2025-06-20 07:40:40.887 | DEBUG    | mamba2.crew.position_manager:update_trailing_stops:83 - Calculated initial SL/TP for USDJPY: Entry=145.40100, ATR=0.04050, SL=145.34025, TP=145.52250
2025-06-20 07:40:41.159 | SUCCESS  | mamba2.crew.position_manager:_update_position_sl:176 - Successfully updated position 52683382636 (SL=145.34025, TP=145.52250)
2025-06-20 07:54:31.161 | WARNING  | mamba2.crew.position_manager:run:214 - Position manager task cancelled
2025-06-20 07:54:31.161 | INFO     | mamba2.crew.position_manager:stop:226 - 🛑 Stopping position manager...
2025-06-20 07:54:31.163 | DEBUG    | mamba2.crew.position_manager:stop:231 - Cleared positions cache
2025-06-20 07:54:31.164 | INFO     | mamba2.crew.position_manager:stop:233 - Position manager stopped
2025-06-20 07:54:31.164 | INFO     | mamba2.crew.atr_manager:stop:120 - Stopping ATR manager...
2025-06-20 07:54:31.164 | INFO     | mamba2.crew.day_trader:run:97 - 📈 Trading loop cancelled
2025-06-20 07:54:31.164 | INFO     | mamba2.crew.day_trader:run:110 - 📈 Day trader stopped
2025-06-20 07:54:36.602 | INFO     | mamba2.crew.rates:_run_loop:194 - 📈 Starting rate fetcher thread
2025-06-20 07:55:00.855 | INFO     | mamba2.crew.atr_manager:start:43 - ATR manager started
2025-06-20 07:55:00.857 | INFO     | mamba2.crew.position_manager:run:198 - 🚀 Position manager started
2025-06-20 07:55:00.858 | DEBUG    | mamba2.crew.position_manager:update_trailing_stops:44 - Waiting for ATR manager to initialize...
2025-06-20 07:55:00.866 | INFO     | mamba2.crew.day_trader:run:81 - 📈 Starting day trader...
2025-06-20 08:08:31.806 | DEBUG    | mamba2.strategy.triple_cross:evaluate:127 - USDJPY - Buy signal skipped - waiting for green candle above EMA7. Current close: 145.346, EMA7: 145.34884
2025-06-20 08:09:01.864 | DEBUG    | mamba2.strategy.triple_cross:evaluate:127 - USDJPY - Buy signal skipped - waiting for green candle above EMA7. Current close: 145.346, EMA7: 145.34884
2025-06-20 08:09:31.909 | INFO     | mamba2.strategy.triple_cross:evaluate:129 - 📈 BUY Signal - USDJPY: Trend is uptrend - Higher K=48.74 > D=35.97, Trading K=85.94 > D=81.78, Entry K=41.07 > D=38.43
2025-06-20 08:09:31.909 | INFO     | mamba2.strategy.triple_cross:evaluate:157 - Bullish entry signal. Placing BUY order: {'action': 1, 'symbol': 'USDJPY', 'type': 0, 'volume': 0.1, 'price': 145.356, 'sl': 0.0, 'tp': 0.0, 'deviation': 10, 'magic': 123456, 'comment': 'Stochastic Triple Cross', 'type_time': 0, 'type_filling': 1}
2025-06-20 08:09:32.184 | DEBUG    | mamba2.strategy.triple_cross:evaluate:167 - Order executed: {'retcode': 10009, 'deal': 52633229459, 'order': 52683464971, 'volume': 0.1, 'price': 145.356, 'bid': 145.336, 'ask': 145.356, 'comment': 'Request executed'}
2025-06-20 08:09:37.029 | DEBUG    | mamba2.crew.position_manager:update_trailing_stops:83 - Calculated initial SL/TP for USDJPY: Entry=145.35600, ATR=0.03829, SL=145.29857, TP=145.47086
2025-06-20 08:09:37.298 | SUCCESS  | mamba2.crew.position_manager:_update_position_sl:176 - Successfully updated position 52683464971 (SL=145.29857, TP=145.47086)
2025-06-20 08:27:04.359 | SUCCESS  | mamba2.crew.position_manager:_update_position_sl:176 - Successfully updated position 52683218104 (SL=196.18000, TP=196.42300)
2025-06-20 08:30:36.599 | DEBUG    | mamba2.strategy.triple_cross:evaluate:127 - USDJPY - Buy signal skipped - waiting for green candle above EMA7. Current close: 145.443, EMA7: 145.42400
2025-06-20 08:31:06.666 | DEBUG    | mamba2.strategy.triple_cross:evaluate:127 - USDJPY - Buy signal skipped - waiting for green candle above EMA7. Current close: 145.443, EMA7: 145.42400
2025-06-20 08:31:36.748 | INFO     | mamba2.strategy.triple_cross:evaluate:129 - 📈 BUY Signal - USDJPY: Trend is uptrend - Higher K=65.94 > D=43.86, Trading K=86.24 > D=84.13, Entry K=96.45 > D=94.06
2025-06-20 08:31:36.751 | INFO     | mamba2.strategy.triple_cross:evaluate:157 - Bullish entry signal. Placing BUY order: {'action': 1, 'symbol': 'USDJPY', 'type': 0, 'volume': 0.1, 'price': 145.469, 'sl': 0.0, 'tp': 0.0, 'deviation': 10, 'magic': 123456, 'comment': 'Stochastic Triple Cross', 'type_time': 0, 'type_filling': 1}
2025-06-20 08:31:37.014 | DEBUG    | mamba2.strategy.triple_cross:evaluate:167 - Order executed: {'retcode': 10009, 'deal': 52633306994, 'order': 52683542770, 'volume': 0.1, 'price': 145.469, 'bid': 145.448, 'ask': 145.469, 'comment': 'Request executed'}
2025-06-20 08:31:38.166 | DEBUG    | mamba2.crew.position_manager:update_trailing_stops:83 - Calculated initial SL/TP for USDJPY: Entry=145.46900, ATR=0.04286, SL=145.40471, TP=145.59757
2025-06-20 08:31:38.426 | SUCCESS  | mamba2.crew.position_manager:_update_position_sl:176 - Successfully updated position 52683542770 (SL=145.40471, TP=145.59757)
2025-06-20 08:43:39.705 | INFO     | mamba2.strategy.triple_cross:evaluate:238 - 📉 SELL Signal - GBPUSD: Trend is downtrend - Higher K=87.31 < D=91.97, Trading K=38.09 < D=52.23, Entry K=16.05 < D=19.27
2025-06-20 08:43:39.706 | INFO     | mamba2.strategy.triple_cross:evaluate:266 - Bearish entry signal. Placing SELL order: {'action': 1, 'symbol': 'GBPUSD', 'type': 1, 'volume': 0.1, 'price': 1.34923, 'sl': 0.0, 'tp': 0.0, 'deviation': 10, 'magic': 123456, 'comment': 'Stochastic Triple Cross', 'type_time': 0, 'type_filling': 1}
2025-06-20 08:43:39.966 | DEBUG    | mamba2.strategy.triple_cross:evaluate:276 - Order executed: {'retcode': 10009, 'deal': 52633351550, 'order': 52683587823, 'volume': 0.1, 'price': 1.34923, 'bid': 1.34923, 'ask': 1.34943, 'comment': 'Request executed'}
2025-06-20 08:43:43.229 | DEBUG    | mamba2.crew.position_manager:update_trailing_stops:83 - Calculated initial SL/TP for GBPUSD: Entry=1.34923, ATR=0.00026, SL=1.34962, TP=1.34844
2025-06-20 08:43:43.507 | SUCCESS  | mamba2.crew.position_manager:_update_position_sl:176 - Successfully updated position 52683587823 (SL=1.34962, TP=1.34844)
2025-06-20 08:45:41.389 | INFO     | mamba2.strategy.triple_cross:evaluate:129 - 📈 BUY Signal - EURJPY: Trend is uptrend - Higher K=93.96 > D=90.22, Trading K=84.99 > D=83.43, Entry K=82.45 > D=68.49
2025-06-20 08:45:41.389 | INFO     | mamba2.strategy.triple_cross:evaluate:157 - Bullish entry signal. Placing BUY order: {'action': 1, 'symbol': 'EURJPY', 'type': 0, 'volume': 0.1, 'price': 167.637, 'sl': 0.0, 'tp': 0.0, 'deviation': 10, 'magic': 123456, 'comment': 'Stochastic Triple Cross', 'type_time': 0, 'type_filling': 1}
2025-06-20 08:45:41.664 | DEBUG    | mamba2.strategy.triple_cross:evaluate:167 - Order executed: {'retcode': 10009, 'deal': 52633359830, 'order': 52683596229, 'volume': 0.1, 'price': 167.637, 'bid': 167.613, 'ask': 167.635, 'comment': 'Request executed'}
2025-06-20 08:45:46.063 | DEBUG    | mamba2.crew.position_manager:update_trailing_stops:83 - Calculated initial SL/TP for EURJPY: Entry=167.63700, ATR=0.03950, SL=167.57775, TP=167.75550
2025-06-20 08:45:46.329 | SUCCESS  | mamba2.crew.position_manager:_update_position_sl:176 - Successfully updated position 52683596229 (SL=167.57775, TP=167.75550)
2025-06-20 08:59:44.781 | INFO     | mamba2.strategy.triple_cross:evaluate:238 - 📉 SELL Signal - GBPUSD: Trend is downtrend - Higher K=84.05 < D=90.84, Trading K=30.18 < D=37.92, Entry K=80.08 < D=85.89
2025-06-20 08:59:44.781 | INFO     | mamba2.strategy.triple_cross:evaluate:266 - Bearish entry signal. Placing SELL order: {'action': 1, 'symbol': 'GBPUSD', 'type': 1, 'volume': 0.1, 'price': 1.34955, 'sl': 0.0, 'tp': 0.0, 'deviation': 10, 'magic': 123456, 'comment': 'Stochastic Triple Cross', 'type_time': 0, 'type_filling': 1}
2025-06-20 08:59:45.056 | DEBUG    | mamba2.strategy.triple_cross:evaluate:276 - Order executed: {'retcode': 10009, 'deal': 52633442127, 'order': 52683678596, 'volume': 0.1, 'price': 1.34955, 'bid': 1.34955, 'ask': 1.34974, 'comment': 'Request executed'}
2025-06-20 08:59:47.135 | DEBUG    | mamba2.crew.position_manager:update_trailing_stops:83 - Calculated initial SL/TP for GBPUSD: Entry=1.34955, ATR=0.00029, SL=1.34999, TP=1.34868
2025-06-20 08:59:47.402 | SUCCESS  | mamba2.crew.position_manager:_update_position_sl:176 - Successfully updated position 52683678596 (SL=1.34999, TP=1.34868)
2025-06-20 09:00:02.865 | SUCCESS  | mamba2.crew.position_manager:_update_position_sl:176 - Successfully updated position 52683678596 (SL=1.34941, TP=1.34810)
2025-06-20 09:00:23.364 | SUCCESS  | mamba2.crew.position_manager:_update_position_sl:176 - Successfully updated position 52683678596 (SL=1.34896, TP=1.34765)
2025-06-20 09:02:16.502 | INFO     | mamba2.strategy.triple_cross:evaluate:238 - 📉 SELL Signal - GBPUSD: Trend is downtrend - Higher K=80.84 < D=88.85, Trading K=33.38 < D=35.11, Entry K=59.20 < D=81.70
2025-06-20 09:02:16.502 | INFO     | mamba2.strategy.triple_cross:evaluate:266 - Bearish entry signal. Placing SELL order: {'action': 1, 'symbol': 'GBPUSD', 'type': 1, 'volume': 0.1, 'price': 1.34842, 'sl': 0.0, 'tp': 0.0, 'deviation': 10, 'magic': 123456, 'comment': 'Stochastic Triple Cross', 'type_time': 0, 'type_filling': 1}
2025-06-20 09:02:16.859 | DEBUG    | mamba2.strategy.triple_cross:evaluate:276 - Order executed: {'retcode': 10009, 'deal': 52633454819, 'order': 52683691353, 'volume': 0.1, 'price': 1.34842, 'bid': 1.34843, 'ask': 1.34863, 'comment': 'Request executed'}
2025-06-20 09:02:21.045 | DEBUG    | mamba2.crew.position_manager:update_trailing_stops:83 - Calculated initial SL/TP for GBPUSD: Entry=1.34842, ATR=0.00031, SL=1.34888, TP=1.34750
2025-06-20 09:02:21.309 | SUCCESS  | mamba2.crew.position_manager:_update_position_sl:176 - Successfully updated position 52683691353 (SL=1.34888, TP=1.34750)
2025-06-20 09:05:18.459 | DEBUG    | mamba2.strategy.triple_cross:evaluate:236 - GBPUSD - Sell signal skipped - waiting for red candle below EMA7. Current close: 1.34835, EMA7: 1.34873
2025-06-20 09:20:51.626 | DEBUG    | mamba2.strategy.triple_cross:evaluate:236 - GBPUSD - Sell signal skipped - waiting for red candle below EMA7. Current close: 1.34811, EMA7: 1.34828
2025-06-20 09:21:21.755 | DEBUG    | mamba2.strategy.triple_cross:evaluate:236 - GBPUSD - Sell signal skipped - waiting for red candle below EMA7. Current close: 1.34811, EMA7: 1.34828
2025-06-20 09:21:51.856 | INFO     | mamba2.strategy.triple_cross:evaluate:238 - 📉 SELL Signal - GBPUSD: Trend is downtrend - Higher K=74.03 < D=85.98, Trading K=31.47 < D=31.98, Entry K=24.57 < D=28.98
2025-06-20 09:21:51.856 | INFO     | mamba2.strategy.triple_cross:evaluate:266 - Bearish entry signal. Placing SELL order: {'action': 1, 'symbol': 'GBPUSD', 'type': 1, 'volume': 0.1, 'price': 1.34823, 'sl': 0.0, 'tp': 0.0, 'deviation': 10, 'magic': 123456, 'comment': 'Stochastic Triple Cross', 'type_time': 0, 'type_filling': 1}
2025-06-20 09:21:52.189 | DEBUG    | mamba2.strategy.triple_cross:evaluate:276 - Order executed: {'retcode': 10009, 'deal': 52633536613, 'order': 52683774043, 'volume': 0.1, 'price': 1.34823, 'bid': 1.34823, 'ask': 1.34843, 'comment': 'Request executed'}
2025-06-20 09:21:57.429 | DEBUG    | mamba2.crew.position_manager:update_trailing_stops:83 - Calculated initial SL/TP for GBPUSD: Entry=1.34823, ATR=0.00049, SL=1.34897, TP=1.34676
2025-06-20 09:21:57.679 | SUCCESS  | mamba2.crew.position_manager:_update_position_sl:176 - Successfully updated position 52683774043 (SL=1.34897, TP=1.34676)
2025-06-20 09:33:01.029 | SUCCESS  | mamba2.crew.position_manager:_update_position_sl:176 - Successfully updated position 52683774043 (SL=1.34820, TP=1.34598)
2025-06-20 09:34:55.831 | DEBUG    | mamba2.strategy.triple_cross:evaluate:236 - GBPJPY - Sell signal skipped - waiting for red candle below EMA7. Current close: 195.874, EMA7: 195.93291
2025-06-20 09:35:25.883 | INFO     | mamba2.strategy.triple_cross:evaluate:238 - 📉 SELL Signal - EURUSD: Trend is downtrend - Higher K=62.37 < D=77.08, Trading K=32.67 < D=46.58, Entry K=14.78 < D=16.51
2025-06-20 09:35:25.883 | INFO     | mamba2.strategy.triple_cross:evaluate:266 - Bearish entry signal. Placing SELL order: {'action': 1, 'symbol': 'EURUSD', 'type': 1, 'volume': 0.1, 'price': 1.15155, 'sl': 0.0, 'tp': 0.0, 'deviation': 10, 'magic': 123456, 'comment': 'Stochastic Triple Cross', 'type_time': 0, 'type_filling': 1}
2025-06-20 09:35:26.152 | DEBUG    | mamba2.strategy.triple_cross:evaluate:276 - Order executed: {'retcode': 10009, 'deal': 52633606058, 'order': 52683843796, 'volume': 0.1, 'price': 1.15155, 'bid': 1.15155, 'ask': 1.1516899999999999, 'comment': 'Request executed'}
2025-06-20 09:35:27.309 | INFO     | mamba2.strategy.triple_cross:evaluate:238 - 📉 SELL Signal - GBPJPY: Trend is downtrend - Higher K=78.29 < D=90.14, Trading K=14.99 < D=44.35, Entry K=41.00 < D=54.34
2025-06-20 09:35:27.310 | INFO     | mamba2.strategy.triple_cross:evaluate:266 - Bearish entry signal. Placing SELL order: {'action': 1, 'symbol': 'GBPJPY', 'type': 1, 'volume': 0.1, 'price': 195.868, 'sl': 0.0, 'tp': 0.0, 'deviation': 10, 'magic': 123456, 'comment': 'Stochastic Triple Cross', 'type_time': 0, 'type_filling': 1}
2025-06-20 09:35:27.572 | DEBUG    | mamba2.strategy.triple_cross:evaluate:276 - Order executed: {'retcode': 10009, 'deal': 52633606140, 'order': 52683843880, 'volume': 0.1, 'price': 195.868, 'bid': 195.867, 'ask': 195.903, 'comment': 'Request executed'}
2025-06-20 09:35:29.946 | DEBUG    | mamba2.crew.position_manager:update_trailing_stops:83 - Calculated initial SL/TP for EURUSD: Entry=1.15155, ATR=0.00039, SL=1.15214, TP=1.15037
2025-06-20 09:35:30.203 | SUCCESS  | mamba2.crew.position_manager:_update_position_sl:176 - Successfully updated position 52683843796 (SL=1.15214, TP=1.15037)
2025-06-20 09:35:30.204 | DEBUG    | mamba2.crew.position_manager:update_trailing_stops:83 - Calculated initial SL/TP for GBPJPY: Entry=195.86800, ATR=0.09057, SL=196.00386, TP=195.59629
2025-06-20 09:35:30.459 | SUCCESS  | mamba2.crew.position_manager:_update_position_sl:176 - Successfully updated position 52683843880 (SL=196.00386, TP=195.59629)
2025-06-20 09:40:29.516 | DEBUG    | mamba2.strategy.triple_cross:evaluate:236 - EURJPY - Sell signal skipped - waiting for red candle below EMA7. Current close: 167.394, EMA7: 167.40935
2025-06-20 09:40:59.583 | DEBUG    | mamba2.strategy.triple_cross:evaluate:236 - EURJPY - Sell signal skipped - waiting for red candle below EMA7. Current close: 167.394, EMA7: 167.40935
2025-06-20 09:41:29.627 | DEBUG    | mamba2.strategy.triple_cross:evaluate:236 - EURJPY - Sell signal skipped - waiting for red candle below EMA7. Current close: 167.394, EMA7: 167.40552
2025-06-20 09:41:59.711 | DEBUG    | mamba2.strategy.triple_cross:evaluate:236 - EURJPY - Sell signal skipped - waiting for red candle below EMA7. Current close: 167.394, EMA7: 167.40552
2025-06-20 09:42:29.783 | DEBUG    | mamba2.strategy.triple_cross:evaluate:236 - EURJPY - Sell signal skipped - waiting for red candle below EMA7. Current close: 167.403, EMA7: 167.40489
2025-06-20 09:42:59.859 | DEBUG    | mamba2.strategy.triple_cross:evaluate:236 - EURJPY - Sell signal skipped - waiting for red candle below EMA7. Current close: 167.403, EMA7: 167.40489
2025-06-20 09:43:29.914 | DEBUG    | mamba2.strategy.triple_cross:evaluate:236 - EURJPY - Sell signal skipped - waiting for red candle below EMA7. Current close: 167.402, EMA7: 167.40417
2025-06-20 09:43:59.956 | DEBUG    | mamba2.strategy.triple_cross:evaluate:236 - EURJPY - Sell signal skipped - waiting for red candle below EMA7. Current close: 167.402, EMA7: 167.40417
2025-06-20 09:44:29.989 | INFO     | mamba2.strategy.triple_cross:evaluate:238 - 📉 SELL Signal - EURJPY: Trend is downtrend - Higher K=82.49 < D=90.96, Trading K=19.53 < D=46.74, Entry K=16.95 < D=21.45
2025-06-20 09:44:29.989 | INFO     | mamba2.strategy.triple_cross:evaluate:266 - Bearish entry signal. Placing SELL order: {'action': 1, 'symbol': 'EURJPY', 'type': 1, 'volume': 0.1, 'price': 167.403, 'sl': 0.0, 'tp': 0.0, 'deviation': 10, 'magic': 123456, 'comment': 'Stochastic Triple Cross', 'type_time': 0, 'type_filling': 1}
2025-06-20 09:44:30.259 | DEBUG    | mamba2.strategy.triple_cross:evaluate:276 - Order executed: {'retcode': 10009, 'deal': 52633654045, 'order': 52683892169, 'volume': 0.1, 'price': 167.403, 'bid': 167.403, 'ask': 167.423, 'comment': 'Request executed'}
2025-06-20 09:44:32.564 | DEBUG    | mamba2.crew.position_manager:update_trailing_stops:83 - Calculated initial SL/TP for EURJPY: Entry=167.40300, ATR=0.06829, SL=167.50543, TP=167.19814
2025-06-20 09:44:32.832 | SUCCESS  | mamba2.crew.position_manager:_update_position_sl:176 - Successfully updated position 52683892169 (SL=167.50543, TP=167.19814)
2025-06-20 09:55:32.336 | INFO     | mamba2.strategy.triple_cross:evaluate:129 - 📈 BUY Signal - USDJPY: Trend is uptrend - Higher K=77.98 > D=74.80, Trading K=46.36 > D=44.75, Entry K=50.50 > D=41.30
2025-06-20 09:55:32.336 | INFO     | mamba2.strategy.triple_cross:evaluate:157 - Bullish entry signal. Placing BUY order: {'action': 1, 'symbol': 'USDJPY', 'type': 0, 'volume': 0.1, 'price': 145.388, 'sl': 0.0, 'tp': 0.0, 'deviation': 10, 'magic': 123456, 'comment': 'Stochastic Triple Cross', 'type_time': 0, 'type_filling': 1}
2025-06-20 09:55:51.898 | WARNING  | mamba2.strategy.triple_cross:evaluate:185 - Requote rejected (price diff: 145.3880)
2025-06-20 09:55:53.409 | ERROR    | mamba2.crew.day_trader:run_strategy:69 - Error evaluating USDJPY: Error tokenizing data. C error: Expected 21 fields in line 8, saw 22

2025-06-20 09:55:53.413 | DEBUG    | mamba2.crew.day_trader:run_strategy:70 - Full error details
Traceback (most recent call last):

  File "e:\mamba2\main.py", line 237, in <module>
    asyncio.run(main())
    │       │   └ <function main at 0x00000231F2345E10>
    │       └ <function run at 0x00000231E2117BE0>
    └ <module 'asyncio' from 'C:\\Users\\USER\\AppData\\Roaming\\uv\\python\\cpython-3.10.17-windows-x86_64-none\\lib\\asyncio\\__i...

  File "C:\Users\USER\AppData\Roaming\uv\python\cpython-3.10.17-windows-x86_64-none\lib\asyncio\runners.py", line 44, in run
    return loop.run_until_complete(main)
           │    │                  └ <coroutine object main at 0x00000231EA152AB0>
           │    └ <function BaseEventLoop.run_until_complete at 0x00000231E2119630>
           └ <ProactorEventLoop running=True closed=False debug=False>

  File "C:\Users\USER\AppData\Roaming\uv\python\cpython-3.10.17-windows-x86_64-none\lib\asyncio\base_events.py", line 636, in run_until_complete
    self.run_forever()
    │    └ <function ProactorEventLoop.run_forever at 0x00000231E21D0670>
    └ <ProactorEventLoop running=True closed=False debug=False>

  File "C:\Users\USER\AppData\Roaming\uv\python\cpython-3.10.17-windows-x86_64-none\lib\asyncio\windows_events.py", line 321, in run_forever
    super().run_forever()

  File "C:\Users\USER\AppData\Roaming\uv\python\cpython-3.10.17-windows-x86_64-none\lib\asyncio\base_events.py", line 603, in run_forever
    self._run_once()
    │    └ <function BaseEventLoop._run_once at 0x00000231E211B0A0>
    └ <ProactorEventLoop running=True closed=False debug=False>

  File "C:\Users\USER\AppData\Roaming\uv\python\cpython-3.10.17-windows-x86_64-none\lib\asyncio\base_events.py", line 1909, in _run_once
    handle._run()
    │      └ <function Handle._run at 0x00000231E20828C0>
    └ <Handle Task.task_wakeup(<Future finished result=None>)>

  File "C:\Users\USER\AppData\Roaming\uv\python\cpython-3.10.17-windows-x86_64-none\lib\asyncio\events.py", line 80, in _run
    self._context.run(self._callback, *self._args)
    │    │            │    │           │    └ <member '_args' of 'Handle' objects>
    │    │            │    │           └ <Handle Task.task_wakeup(<Future finished result=None>)>
    │    │            │    └ <member '_callback' of 'Handle' objects>
    │    │            └ <Handle Task.task_wakeup(<Future finished result=None>)>
    │    └ <member '_context' of 'Handle' objects>
    └ <Handle Task.task_wakeup(<Future finished result=None>)>

  File "e:\mamba2\mamba2\crew\day_trader.py", line 90, in run
    await self.run_strategy(symbol)
          │    │            └ 'USDJPY'
          │    └ <function DayTrader.run_strategy at 0x00000231F2345870>
          └ <mamba2.crew.day_trader.DayTrader object at 0x00000231F232D540>

> File "e:\mamba2\mamba2\crew\day_trader.py", line 61, in run_strategy
    await self.strategies[symbol].evaluate(market_context)
          │    │          │                └ {'broker': <mamba2.broker.mt5_broker.MT5Broker object at 0x00000231F232F880>, 'rate_fetcher': <RatesFetcher(RateFetcherThread...
          │    │          └ 'USDJPY'
          │    └ {'EURUSD': <mamba2.strategy.triple_cross.StochasticTripleTFStrategy object at 0x00000231F232D5D0>, 'EURJPY': <mamba2.strategy...
          └ <mamba2.crew.day_trader.DayTrader object at 0x00000231F232D540>

  File "e:\mamba2\mamba2\strategy\triple_cross.py", line 214, in evaluate
    csv_path = get_metrics(position_ticket, self.symbol, market['rate_fetcher'],
               │           │                │    │       └ {'broker': <mamba2.broker.mt5_broker.MT5Broker object at 0x00000231F232F880>, 'rate_fetcher': <RatesFetcher(RateFetcherThread...
               │           │                │    └ 'USDJPY'
               │           │                └ <mamba2.strategy.triple_cross.StochasticTripleTFStrategy object at 0x00000231F232D870>
               │           └ 1750402551
               └ <function get_metrics at 0x00000231EA1A4160>

  File "e:\mamba2\mamba2\crew\market_analyst.py", line 171, in get_metrics
    existing_df = pd.read_csv(csv_path)
                  │  │        └ 'E:\\mamba2\\backtest\\market_metrics.csv'
                  │  └ <function read_csv at 0x00000231E9EF84C0>
                  └ <module 'pandas' from 'E:\\mamba2\\.venv\\lib\\site-packages\\pandas\\__init__.py'>

  File "E:\mamba2\.venv\lib\site-packages\pandas\io\parsers\readers.py", line 1026, in read_csv
    return _read(filepath_or_buffer, kwds)
           │     │                   └ {'delimiter': ',', 'header': 'infer', 'names': None, 'index_col': None, 'usecols': None, 'dtype': None, 'engine': 'c', 'conve...
           │     └ 'E:\\mamba2\\backtest\\market_metrics.csv'
           └ <function _read at 0x00000231E9EF8430>

  File "E:\mamba2\.venv\lib\site-packages\pandas\io\parsers\readers.py", line 626, in _read
    return parser.read(nrows)
           │      │    └ None
           │      └ <function TextFileReader.read at 0x00000231E9EF8B80>
           └ <pandas.io.parsers.readers.TextFileReader object at 0x00000231F78E9D80>

  File "E:\mamba2\.venv\lib\site-packages\pandas\io\parsers\readers.py", line 1923, in read
    ) = self._engine.read(  # type: ignore[attr-defined]
        │    │       └ <function CParserWrapper.read at 0x00000231E9EC6320>
        │    └ <pandas.io.parsers.c_parser_wrapper.CParserWrapper object at 0x00000231F78E9180>
        └ <pandas.io.parsers.readers.TextFileReader object at 0x00000231F78E9D80>

  File "E:\mamba2\.venv\lib\site-packages\pandas\io\parsers\c_parser_wrapper.py", line 234, in read
    chunks = self._reader.read_low_memory(nrows)
             │    │       │               └ None
             │    │       └ <cyfunction TextReader.read_low_memory at 0x00000231E9E4A680>
             │    └ <pandas._libs.parsers.TextReader object at 0x00000231F6664B80>
             └ <pandas.io.parsers.c_parser_wrapper.CParserWrapper object at 0x00000231F78E9180>

  File "pandas/_libs/parsers.pyx", line 838, in pandas._libs.parsers.TextReader.read_low_memory
  File "pandas/_libs/parsers.pyx", line 905, in pandas._libs.parsers.TextReader._read_rows
  File "pandas/_libs/parsers.pyx", line 874, in pandas._libs.parsers.TextReader._tokenize_rows
  File "pandas/_libs/parsers.pyx", line 891, in pandas._libs.parsers.TextReader._check_tokenize_status
  File "pandas/_libs/parsers.pyx", line 2061, in pandas._libs.parsers.raise_parser_error

pandas.errors.ParserError: Error tokenizing data. C error: Expected 21 fields in line 8, saw 22

2025-06-20 09:56:23.487 | INFO     | mamba2.strategy.triple_cross:evaluate:129 - 📈 BUY Signal - USDJPY: Trend is uptrend - Higher K=77.98 > D=74.80, Trading K=46.36 > D=44.75, Entry K=60.52 > D=44.79
2025-06-20 09:56:23.487 | INFO     | mamba2.strategy.triple_cross:evaluate:157 - Bullish entry signal. Placing BUY order: {'action': 1, 'symbol': 'USDJPY', 'type': 0, 'volume': 0.1, 'price': 145.385, 'sl': 0.0, 'tp': 0.0, 'deviation': 10, 'magic': 123456, 'comment': 'Stochastic Triple Cross', 'type_time': 0, 'type_filling': 1}
2025-06-20 09:56:24.343 | WARNING  | mamba2.strategy.triple_cross:evaluate:185 - Requote rejected (price diff: 145.3850)
2025-06-20 09:56:25.670 | ERROR    | mamba2.crew.day_trader:run_strategy:69 - Error evaluating USDJPY: Error tokenizing data. C error: Expected 21 fields in line 8, saw 22

2025-06-20 09:56:25.670 | DEBUG    | mamba2.crew.day_trader:run_strategy:70 - Full error details
Traceback (most recent call last):

  File "e:\mamba2\main.py", line 237, in <module>
    asyncio.run(main())
    │       │   └ <function main at 0x00000231F2345E10>
    │       └ <function run at 0x00000231E2117BE0>
    └ <module 'asyncio' from 'C:\\Users\\USER\\AppData\\Roaming\\uv\\python\\cpython-3.10.17-windows-x86_64-none\\lib\\asyncio\\__i...

  File "C:\Users\USER\AppData\Roaming\uv\python\cpython-3.10.17-windows-x86_64-none\lib\asyncio\runners.py", line 44, in run
    return loop.run_until_complete(main)
           │    │                  └ <coroutine object main at 0x00000231EA152AB0>
           │    └ <function BaseEventLoop.run_until_complete at 0x00000231E2119630>
           └ <ProactorEventLoop running=True closed=False debug=False>

  File "C:\Users\USER\AppData\Roaming\uv\python\cpython-3.10.17-windows-x86_64-none\lib\asyncio\base_events.py", line 636, in run_until_complete
    self.run_forever()
    │    └ <function ProactorEventLoop.run_forever at 0x00000231E21D0670>
    └ <ProactorEventLoop running=True closed=False debug=False>

  File "C:\Users\USER\AppData\Roaming\uv\python\cpython-3.10.17-windows-x86_64-none\lib\asyncio\windows_events.py", line 321, in run_forever
    super().run_forever()

  File "C:\Users\USER\AppData\Roaming\uv\python\cpython-3.10.17-windows-x86_64-none\lib\asyncio\base_events.py", line 603, in run_forever
    self._run_once()
    │    └ <function BaseEventLoop._run_once at 0x00000231E211B0A0>
    └ <ProactorEventLoop running=True closed=False debug=False>

  File "C:\Users\USER\AppData\Roaming\uv\python\cpython-3.10.17-windows-x86_64-none\lib\asyncio\base_events.py", line 1909, in _run_once
    handle._run()
    │      └ <function Handle._run at 0x00000231E20828C0>
    └ <Handle Task.task_wakeup(<Future finished result=None>)>

  File "C:\Users\USER\AppData\Roaming\uv\python\cpython-3.10.17-windows-x86_64-none\lib\asyncio\events.py", line 80, in _run
    self._context.run(self._callback, *self._args)
    │    │            │    │           │    └ <member '_args' of 'Handle' objects>
    │    │            │    │           └ <Handle Task.task_wakeup(<Future finished result=None>)>
    │    │            │    └ <member '_callback' of 'Handle' objects>
    │    │            └ <Handle Task.task_wakeup(<Future finished result=None>)>
    │    └ <member '_context' of 'Handle' objects>
    └ <Handle Task.task_wakeup(<Future finished result=None>)>

  File "e:\mamba2\mamba2\crew\day_trader.py", line 90, in run
    await self.run_strategy(symbol)
          │    │            └ 'USDJPY'
          │    └ <function DayTrader.run_strategy at 0x00000231F2345870>
          └ <mamba2.crew.day_trader.DayTrader object at 0x00000231F232D540>

> File "e:\mamba2\mamba2\crew\day_trader.py", line 61, in run_strategy
    await self.strategies[symbol].evaluate(market_context)
          │    │          │                └ {'broker': <mamba2.broker.mt5_broker.MT5Broker object at 0x00000231F232F880>, 'rate_fetcher': <RatesFetcher(RateFetcherThread...
          │    │          └ 'USDJPY'
          │    └ {'EURUSD': <mamba2.strategy.triple_cross.StochasticTripleTFStrategy object at 0x00000231F232D5D0>, 'EURJPY': <mamba2.strategy...
          └ <mamba2.crew.day_trader.DayTrader object at 0x00000231F232D540>

  File "e:\mamba2\mamba2\strategy\triple_cross.py", line 214, in evaluate
    csv_path = get_metrics(position_ticket, self.symbol, market['rate_fetcher'],
               │           │                │    │       └ {'broker': <mamba2.broker.mt5_broker.MT5Broker object at 0x00000231F232F880>, 'rate_fetcher': <RatesFetcher(RateFetcherThread...
               │           │                │    └ 'USDJPY'
               │           │                └ <mamba2.strategy.triple_cross.StochasticTripleTFStrategy object at 0x00000231F232D870>
               │           └ 1750402584
               └ <function get_metrics at 0x00000231EA1A4160>

  File "e:\mamba2\mamba2\crew\market_analyst.py", line 171, in get_metrics
    existing_df = pd.read_csv(csv_path)
                  │  │        └ 'E:\\mamba2\\backtest\\market_metrics.csv'
                  │  └ <function read_csv at 0x00000231E9EF84C0>
                  └ <module 'pandas' from 'E:\\mamba2\\.venv\\lib\\site-packages\\pandas\\__init__.py'>

  File "E:\mamba2\.venv\lib\site-packages\pandas\io\parsers\readers.py", line 1026, in read_csv
    return _read(filepath_or_buffer, kwds)
           │     │                   └ {'delimiter': ',', 'header': 'infer', 'names': None, 'index_col': None, 'usecols': None, 'dtype': None, 'engine': 'c', 'conve...
           │     └ 'E:\\mamba2\\backtest\\market_metrics.csv'
           └ <function _read at 0x00000231E9EF8430>

  File "E:\mamba2\.venv\lib\site-packages\pandas\io\parsers\readers.py", line 626, in _read
    return parser.read(nrows)
           │      │    └ None
           │      └ <function TextFileReader.read at 0x00000231E9EF8B80>
           └ <pandas.io.parsers.readers.TextFileReader object at 0x00000231F6284940>

  File "E:\mamba2\.venv\lib\site-packages\pandas\io\parsers\readers.py", line 1923, in read
    ) = self._engine.read(  # type: ignore[attr-defined]
        │    │       └ <function CParserWrapper.read at 0x00000231E9EC6320>
        │    └ <pandas.io.parsers.c_parser_wrapper.CParserWrapper object at 0x00000231F6286AA0>
        └ <pandas.io.parsers.readers.TextFileReader object at 0x00000231F6284940>

  File "E:\mamba2\.venv\lib\site-packages\pandas\io\parsers\c_parser_wrapper.py", line 234, in read
    chunks = self._reader.read_low_memory(nrows)
             │    │       │               └ None
             │    │       └ <cyfunction TextReader.read_low_memory at 0x00000231E9E4A680>
             │    └ <pandas._libs.parsers.TextReader object at 0x00000231F5E7A440>
             └ <pandas.io.parsers.c_parser_wrapper.CParserWrapper object at 0x00000231F6286AA0>

  File "pandas/_libs/parsers.pyx", line 838, in pandas._libs.parsers.TextReader.read_low_memory
  File "pandas/_libs/parsers.pyx", line 905, in pandas._libs.parsers.TextReader._read_rows
  File "pandas/_libs/parsers.pyx", line 874, in pandas._libs.parsers.TextReader._tokenize_rows
  File "pandas/_libs/parsers.pyx", line 891, in pandas._libs.parsers.TextReader._check_tokenize_status
  File "pandas/_libs/parsers.pyx", line 2061, in pandas._libs.parsers.raise_parser_error

pandas.errors.ParserError: Error tokenizing data. C error: Expected 21 fields in line 8, saw 22

2025-06-20 09:56:55.714 | INFO     | mamba2.strategy.triple_cross:evaluate:129 - 📈 BUY Signal - USDJPY: Trend is uptrend - Higher K=77.98 > D=74.80, Trading K=46.36 > D=44.75, Entry K=60.52 > D=44.79
2025-06-20 09:56:55.715 | INFO     | mamba2.strategy.triple_cross:evaluate:157 - Bullish entry signal. Placing BUY order: {'action': 1, 'symbol': 'USDJPY', 'type': 0, 'volume': 0.1, 'price': 145.388, 'sl': 0.0, 'tp': 0.0, 'deviation': 10, 'magic': 123456, 'comment': 'Stochastic Triple Cross', 'type_time': 0, 'type_filling': 1}
2025-06-20 09:56:56.004 | DEBUG    | mamba2.strategy.triple_cross:evaluate:167 - Order executed: {'retcode': 10009, 'deal': 52633702480, 'order': 52683941023, 'volume': 0.1, 'price': 145.388, 'bid': 145.368, 'ask': 145.388, 'comment': 'Request executed'}
2025-06-20 09:56:57.392 | ERROR    | mamba2.crew.day_trader:run_strategy:69 - Error evaluating USDJPY: Error tokenizing data. C error: Expected 21 fields in line 8, saw 22

2025-06-20 09:56:57.393 | DEBUG    | mamba2.crew.day_trader:run_strategy:70 - Full error details
Traceback (most recent call last):

  File "e:\mamba2\main.py", line 237, in <module>
    asyncio.run(main())
    │       │   └ <function main at 0x00000231F2345E10>
    │       └ <function run at 0x00000231E2117BE0>
    └ <module 'asyncio' from 'C:\\Users\\USER\\AppData\\Roaming\\uv\\python\\cpython-3.10.17-windows-x86_64-none\\lib\\asyncio\\__i...

  File "C:\Users\USER\AppData\Roaming\uv\python\cpython-3.10.17-windows-x86_64-none\lib\asyncio\runners.py", line 44, in run
    return loop.run_until_complete(main)
           │    │                  └ <coroutine object main at 0x00000231EA152AB0>
           │    └ <function BaseEventLoop.run_until_complete at 0x00000231E2119630>
           └ <ProactorEventLoop running=True closed=False debug=False>

  File "C:\Users\USER\AppData\Roaming\uv\python\cpython-3.10.17-windows-x86_64-none\lib\asyncio\base_events.py", line 636, in run_until_complete
    self.run_forever()
    │    └ <function ProactorEventLoop.run_forever at 0x00000231E21D0670>
    └ <ProactorEventLoop running=True closed=False debug=False>

  File "C:\Users\USER\AppData\Roaming\uv\python\cpython-3.10.17-windows-x86_64-none\lib\asyncio\windows_events.py", line 321, in run_forever
    super().run_forever()

  File "C:\Users\USER\AppData\Roaming\uv\python\cpython-3.10.17-windows-x86_64-none\lib\asyncio\base_events.py", line 603, in run_forever
    self._run_once()
    │    └ <function BaseEventLoop._run_once at 0x00000231E211B0A0>
    └ <ProactorEventLoop running=True closed=False debug=False>

  File "C:\Users\USER\AppData\Roaming\uv\python\cpython-3.10.17-windows-x86_64-none\lib\asyncio\base_events.py", line 1909, in _run_once
    handle._run()
    │      └ <function Handle._run at 0x00000231E20828C0>
    └ <Handle Task.task_wakeup(<Future finished result=None>)>

  File "C:\Users\USER\AppData\Roaming\uv\python\cpython-3.10.17-windows-x86_64-none\lib\asyncio\events.py", line 80, in _run
    self._context.run(self._callback, *self._args)
    │    │            │    │           │    └ <member '_args' of 'Handle' objects>
    │    │            │    │           └ <Handle Task.task_wakeup(<Future finished result=None>)>
    │    │            │    └ <member '_callback' of 'Handle' objects>
    │    │            └ <Handle Task.task_wakeup(<Future finished result=None>)>
    │    └ <member '_context' of 'Handle' objects>
    └ <Handle Task.task_wakeup(<Future finished result=None>)>

  File "e:\mamba2\mamba2\crew\day_trader.py", line 90, in run
    await self.run_strategy(symbol)
          │    │            └ 'USDJPY'
          │    └ <function DayTrader.run_strategy at 0x00000231F2345870>
          └ <mamba2.crew.day_trader.DayTrader object at 0x00000231F232D540>

> File "e:\mamba2\mamba2\crew\day_trader.py", line 61, in run_strategy
    await self.strategies[symbol].evaluate(market_context)
          │    │          │                └ {'broker': <mamba2.broker.mt5_broker.MT5Broker object at 0x00000231F232F880>, 'rate_fetcher': <RatesFetcher(RateFetcherThread...
          │    │          └ 'USDJPY'
          │    └ {'EURUSD': <mamba2.strategy.triple_cross.StochasticTripleTFStrategy object at 0x00000231F232D5D0>, 'EURJPY': <mamba2.strategy...
          └ <mamba2.crew.day_trader.DayTrader object at 0x00000231F232D540>

  File "e:\mamba2\mamba2\strategy\triple_cross.py", line 214, in evaluate
    csv_path = get_metrics(position_ticket, self.symbol, market['rate_fetcher'],
               │           │                │    │       └ {'broker': <mamba2.broker.mt5_broker.MT5Broker object at 0x00000231F232F880>, 'rate_fetcher': <RatesFetcher(RateFetcherThread...
               │           │                │    └ 'USDJPY'
               │           │                └ <mamba2.strategy.triple_cross.StochasticTripleTFStrategy object at 0x00000231F232D870>
               │           └ 52683941023
               └ <function get_metrics at 0x00000231EA1A4160>

  File "e:\mamba2\mamba2\crew\market_analyst.py", line 171, in get_metrics
    existing_df = pd.read_csv(csv_path)
                  │  │        └ 'E:\\mamba2\\backtest\\market_metrics.csv'
                  │  └ <function read_csv at 0x00000231E9EF84C0>
                  └ <module 'pandas' from 'E:\\mamba2\\.venv\\lib\\site-packages\\pandas\\__init__.py'>

  File "E:\mamba2\.venv\lib\site-packages\pandas\io\parsers\readers.py", line 1026, in read_csv
    return _read(filepath_or_buffer, kwds)
           │     │                   └ {'delimiter': ',', 'header': 'infer', 'names': None, 'index_col': None, 'usecols': None, 'dtype': None, 'engine': 'c', 'conve...
           │     └ 'E:\\mamba2\\backtest\\market_metrics.csv'
           └ <function _read at 0x00000231E9EF8430>

  File "E:\mamba2\.venv\lib\site-packages\pandas\io\parsers\readers.py", line 626, in _read
    return parser.read(nrows)
           │      │    └ None
           │      └ <function TextFileReader.read at 0x00000231E9EF8B80>
           └ <pandas.io.parsers.readers.TextFileReader object at 0x00000231F83BB190>

  File "E:\mamba2\.venv\lib\site-packages\pandas\io\parsers\readers.py", line 1923, in read
    ) = self._engine.read(  # type: ignore[attr-defined]
        │    │       └ <function CParserWrapper.read at 0x00000231E9EC6320>
        │    └ <pandas.io.parsers.c_parser_wrapper.CParserWrapper object at 0x00000231F83B86D0>
        └ <pandas.io.parsers.readers.TextFileReader object at 0x00000231F83BB190>

  File "E:\mamba2\.venv\lib\site-packages\pandas\io\parsers\c_parser_wrapper.py", line 234, in read
    chunks = self._reader.read_low_memory(nrows)
             │    │       │               └ None
             │    │       └ <cyfunction TextReader.read_low_memory at 0x00000231E9E4A680>
             │    └ <pandas._libs.parsers.TextReader object at 0x00000231F6664DC0>
             └ <pandas.io.parsers.c_parser_wrapper.CParserWrapper object at 0x00000231F83B86D0>

  File "pandas/_libs/parsers.pyx", line 838, in pandas._libs.parsers.TextReader.read_low_memory
  File "pandas/_libs/parsers.pyx", line 905, in pandas._libs.parsers.TextReader._read_rows
  File "pandas/_libs/parsers.pyx", line 874, in pandas._libs.parsers.TextReader._tokenize_rows
  File "pandas/_libs/parsers.pyx", line 891, in pandas._libs.parsers.TextReader._check_tokenize_status
  File "pandas/_libs/parsers.pyx", line 2061, in pandas._libs.parsers.raise_parser_error

pandas.errors.ParserError: Error tokenizing data. C error: Expected 21 fields in line 8, saw 22

2025-06-20 09:56:59.419 | DEBUG    | mamba2.crew.position_manager:update_trailing_stops:83 - Calculated initial SL/TP for USDJPY: Entry=145.38800, ATR=0.05364, SL=145.30754, TP=145.54893
2025-06-20 09:56:59.681 | SUCCESS  | mamba2.crew.position_manager:_update_position_sl:176 - Successfully updated position 52683941023 (SL=145.30754, TP=145.54893)
2025-06-20 10:00:06.884 | SUCCESS  | mamba2.crew.position_manager:_update_position_sl:176 - Successfully updated position 52683774043 (SL=1.34758, TP=1.34493)
2025-06-20 10:04:54.937 | SUCCESS  | mamba2.crew.position_manager:_update_position_sl:176 - Successfully updated position 52683843880 (SL=195.86832, TP=195.42636)
2025-06-20 10:27:29.709 | INFO     | mamba2.strategy.triple_cross:evaluate:238 - 📉 SELL Signal - USDJPY: Trend is downtrend - Higher K=68.73 < D=77.91, Trading K=40.00 < D=43.45, Entry K=52.83 < D=58.96
2025-06-20 10:27:29.709 | INFO     | mamba2.strategy.triple_cross:evaluate:266 - Bearish entry signal. Placing SELL order: {'action': 1, 'symbol': 'USDJPY', 'type': 1, 'volume': 0.1, 'price': 145.295, 'sl': 0.0, 'tp': 0.0, 'deviation': 10, 'magic': 123456, 'comment': 'Stochastic Triple Cross', 'type_time': 0, 'type_filling': 1}
2025-06-20 10:27:29.985 | DEBUG    | mamba2.strategy.triple_cross:evaluate:276 - Order executed: {'retcode': 10009, 'deal': 52633861257, 'order': 52684101092, 'volume': 0.1, 'price': 145.295, 'bid': 145.295, 'ask': 145.315, 'comment': 'Request executed'}
2025-06-20 10:27:32.509 | DEBUG    | mamba2.crew.position_manager:update_trailing_stops:83 - Calculated initial SL/TP for USDJPY: Entry=145.29500, ATR=0.04443, SL=145.36164, TP=145.16171
2025-06-20 10:27:32.764 | SUCCESS  | mamba2.crew.position_manager:_update_position_sl:176 - Successfully updated position 52684101092 (SL=145.36164, TP=145.16171)
2025-06-20 11:26:40.859 | DEBUG    | mamba2.strategy.triple_cross:evaluate:236 - USDJPY - Sell signal skipped - waiting for red candle below EMA7. Current close: 145.343, EMA7: 145.34932
2025-06-20 11:27:10.934 | DEBUG    | mamba2.strategy.triple_cross:evaluate:236 - USDJPY - Sell signal skipped - waiting for red candle below EMA7. Current close: 145.343, EMA7: 145.34932
2025-06-20 11:27:41.031 | DEBUG    | mamba2.strategy.triple_cross:evaluate:236 - USDJPY - Sell signal skipped - waiting for red candle below EMA7. Current close: 145.36, EMA7: 145.35199
2025-06-20 11:28:11.114 | DEBUG    | mamba2.strategy.triple_cross:evaluate:236 - USDJPY - Sell signal skipped - waiting for red candle below EMA7. Current close: 145.36, EMA7: 145.35199
2025-06-20 11:35:42.417 | DEBUG    | mamba2.strategy.triple_cross:evaluate:236 - EURJPY - Sell signal skipped - waiting for red candle below EMA7. Current close: 167.39, EMA7: 167.37158
2025-06-20 11:36:12.509 | DEBUG    | mamba2.strategy.triple_cross:evaluate:236 - EURJPY - Sell signal skipped - waiting for red candle below EMA7. Current close: 167.39, EMA7: 167.37158
2025-06-20 11:40:43.285 | DEBUG    | mamba2.strategy.triple_cross:evaluate:127 - GBPUSD - Buy signal skipped - waiting for green candle above EMA7. Current close: 1.34839, EMA7: 1.34819
2025-06-20 11:41:13.376 | DEBUG    | mamba2.strategy.triple_cross:evaluate:127 - GBPUSD - Buy signal skipped - waiting for green candle above EMA7. Current close: 1.34839, EMA7: 1.34819
2025-06-20 11:41:43.489 | INFO     | mamba2.strategy.triple_cross:evaluate:129 - 📈 BUY Signal - GBPUSD: Trend is uptrend - Higher K=32.07 > D=30.29, Trading K=73.91 > D=61.50, Entry K=94.37 > D=90.85
2025-06-20 11:41:43.489 | INFO     | mamba2.strategy.triple_cross:evaluate:157 - Bullish entry signal. Placing BUY order: {'action': 1, 'symbol': 'GBPUSD', 'type': 0, 'volume': 0.1, 'price': 1.34853, 'sl': 0.0, 'tp': 0.0, 'deviation': 10, 'magic': 123456, 'comment': 'Stochastic Triple Cross', 'type_time': 0, 'type_filling': 1}
2025-06-20 11:41:43.764 | DEBUG    | mamba2.strategy.triple_cross:evaluate:167 - Order executed: {'retcode': 10009, 'deal': 52634136580, 'order': 52684379193, 'volume': 0.1, 'price': 1.34853, 'bid': 1.34833, 'ask': 1.34853, 'comment': 'Request executed'}
2025-06-20 11:41:49.113 | DEBUG    | mamba2.crew.position_manager:update_trailing_stops:83 - Calculated initial SL/TP for GBPUSD: Entry=1.34853, ATR=0.00051, SL=1.34777, TP=1.35006
2025-06-20 11:41:49.387 | SUCCESS  | mamba2.crew.position_manager:_update_position_sl:176 - Successfully updated position 52684379193 (SL=1.34777, TP=1.35006)
2025-06-20 11:43:45.316 | DEBUG    | mamba2.strategy.triple_cross:evaluate:236 - EURJPY - Sell signal skipped - waiting for red candle below EMA7. Current close: 167.407, EMA7: 167.39728
2025-06-20 11:44:15.389 | DEBUG    | mamba2.strategy.triple_cross:evaluate:236 - EURJPY - Sell signal skipped - waiting for red candle below EMA7. Current close: 167.407, EMA7: 167.39728
2025-06-20 11:44:45.464 | INFO     | mamba2.strategy.triple_cross:evaluate:238 - 📉 SELL Signal - EURJPY: Trend is downtrend - Higher K=29.52 < D=44.65, Trading K=35.04 < D=37.26, Entry K=64.29 < D=67.05
2025-06-20 11:44:45.464 | INFO     | mamba2.strategy.triple_cross:evaluate:266 - Bearish entry signal. Placing SELL order: {'action': 1, 'symbol': 'EURJPY', 'type': 1, 'volume': 0.1, 'price': 167.412, 'sl': 0.0, 'tp': 0.0, 'deviation': 10, 'magic': 123456, 'comment': 'Stochastic Triple Cross', 'type_time': 0, 'type_filling': 1}
2025-06-20 11:44:45.739 | DEBUG    | mamba2.strategy.triple_cross:evaluate:276 - Order executed: {'retcode': 10009, 'deal': 52634148291, 'order': 52684390997, 'volume': 0.1, 'price': 167.412, 'bid': 167.412, 'ask': 167.432, 'comment': 'Request executed'}
2025-06-20 11:44:47.976 | DEBUG    | mamba2.crew.position_manager:update_trailing_stops:83 - Calculated initial SL/TP for EURJPY: Entry=167.41200, ATR=0.05500, SL=167.49450, TP=167.24700
2025-06-20 11:44:48.238 | SUCCESS  | mamba2.crew.position_manager:_update_position_sl:176 - Successfully updated position 52684390997 (SL=167.49450, TP=167.24700)
2025-06-20 11:45:47.059 | INFO     | mamba2.strategy.triple_cross:evaluate:129 - 📈 BUY Signal - GBPJPY: Trend is uptrend - Higher K=34.81 > D=30.38, Trading K=70.29 > D=60.84, Entry K=90.21 > D=89.54
2025-06-20 11:45:47.059 | INFO     | mamba2.strategy.triple_cross:evaluate:157 - Bullish entry signal. Placing BUY order: {'action': 1, 'symbol': 'GBPJPY', 'type': 0, 'volume': 0.1, 'price': 196.069, 'sl': 0.0, 'tp': 0.0, 'deviation': 10, 'magic': 123456, 'comment': 'Stochastic Triple Cross', 'type_time': 0, 'type_filling': 1}
2025-06-20 11:45:47.852 | DEBUG    | mamba2.strategy.triple_cross:evaluate:167 - Order executed: {'retcode': 10009, 'deal': 52634153466, 'order': 52684396160, 'volume': 0.1, 'price': 196.072, 'bid': 196.04, 'ask': 196.072, 'comment': 'Request executed'}
2025-06-20 11:45:48.987 | DEBUG    | mamba2.strategy.triple_cross:evaluate:236 - USDJPY - Sell signal skipped - waiting for red candle below EMA7. Current close: 145.33, EMA7: 145.33843
2025-06-20 11:45:49.998 | DEBUG    | mamba2.crew.position_manager:update_trailing_stops:83 - Calculated initial SL/TP for GBPJPY: Entry=196.07200, ATR=0.07993, SL=195.95211, TP=196.31179
2025-06-20 11:45:50.273 | SUCCESS  | mamba2.crew.position_manager:_update_position_sl:176 - Successfully updated position 52684396160 (SL=195.95211, TP=196.31179)
2025-06-20 11:46:19.036 | DEBUG    | mamba2.strategy.triple_cross:evaluate:236 - USDJPY - Sell signal skipped - waiting for red candle below EMA7. Current close: 145.33, EMA7: 145.33843
2025-06-20 11:46:49.059 | DEBUG    | mamba2.strategy.triple_cross:evaluate:236 - USDJPY - Sell signal skipped - waiting for red candle below EMA7. Current close: 145.335, EMA7: 145.33757
2025-06-20 11:47:19.098 | DEBUG    | mamba2.strategy.triple_cross:evaluate:236 - USDJPY - Sell signal skipped - waiting for red candle below EMA7. Current close: 145.335, EMA7: 145.33757
2025-06-20 11:50:49.409 | INFO     | mamba2.strategy.triple_cross:evaluate:238 - 📉 SELL Signal - USDJPY: Trend is downtrend - Higher K=56.52 < D=61.12, Trading K=43.34 < D=51.04, Entry K=27.88 < D=29.44
2025-06-20 11:50:49.409 | INFO     | mamba2.strategy.triple_cross:evaluate:266 - Bearish entry signal. Placing SELL order: {'action': 1, 'symbol': 'USDJPY', 'type': 1, 'volume': 0.1, 'price': 145.332, 'sl': 0.0, 'tp': 0.0, 'deviation': 10, 'magic': 123456, 'comment': 'Stochastic Triple Cross', 'type_time': 0, 'type_filling': 1}
2025-06-20 11:50:49.696 | DEBUG    | mamba2.strategy.triple_cross:evaluate:276 - Order executed: {'retcode': 10009, 'deal': 52634170321, 'order': 52684412931, 'volume': 0.1, 'price': 145.332, 'bid': 145.332, 'ask': 145.353, 'comment': 'Request executed'}
2025-06-20 11:50:55.014 | DEBUG    | mamba2.crew.position_manager:update_trailing_stops:83 - Calculated initial SL/TP for USDJPY: Entry=145.33200, ATR=0.04214, SL=145.39521, TP=145.20557
2025-06-20 11:50:55.265 | SUCCESS  | mamba2.crew.position_manager:_update_position_sl:176 - Successfully updated position 52684412931 (SL=145.39521, TP=145.20557)
2025-06-20 11:57:23.776 | SUCCESS  | mamba2.crew.position_manager:_update_position_sl:176 - Successfully updated position 52684379193 (SL=1.34859, TP=1.35076)
2025-06-20 12:07:24.646 | INFO     | mamba2.strategy.triple_cross:evaluate:129 - 📈 BUY Signal - EURUSD: Trend is uptrend - Higher K=29.06 > D=28.39, Trading K=83.45 > D=63.46, Entry K=65.52 > D=63.83
2025-06-20 12:07:24.648 | INFO     | mamba2.strategy.triple_cross:evaluate:157 - Bullish entry signal. Placing BUY order: {'action': 1, 'symbol': 'EURUSD', 'type': 0, 'volume': 0.1, 'price': 1.15288, 'sl': 0.0, 'tp': 0.0, 'deviation': 10, 'magic': 123456, 'comment': 'Stochastic Triple Cross', 'type_time': 0, 'type_filling': 1}
2025-06-20 12:07:24.939 | DEBUG    | mamba2.strategy.triple_cross:evaluate:167 - Order executed: {'retcode': 10009, 'deal': 52634233311, 'order': 52684475156, 'volume': 0.1, 'price': 1.15288, 'bid': 1.15275, 'ask': 1.15288, 'comment': 'Request executed'}
2025-06-20 12:07:27.195 | DEBUG    | mamba2.crew.position_manager:update_trailing_stops:83 - Calculated initial SL/TP for EURUSD: Entry=1.15288, ATR=0.00039, SL=1.15230, TP=1.15404
2025-06-20 12:07:38.810 | SUCCESS  | mamba2.crew.position_manager:_update_position_sl:176 - Successfully updated position 52684475156 (SL=1.15230, TP=1.15404)
2025-06-20 12:26:27.924 | INFO     | mamba2.strategy.triple_cross:evaluate:129 - 📈 BUY Signal - EURUSD: Trend is uptrend - Higher K=34.75 > D=27.56, Trading K=85.42 > D=82.85, Entry K=57.75 > D=55.89
2025-06-20 12:26:27.925 | INFO     | mamba2.strategy.triple_cross:evaluate:157 - Bullish entry signal. Placing BUY order: {'action': 1, 'symbol': 'EURUSD', 'type': 0, 'volume': 0.1, 'price': 1.15277, 'sl': 0.0, 'tp': 0.0, 'deviation': 10, 'magic': 123456, 'comment': 'Stochastic Triple Cross', 'type_time': 0, 'type_filling': 1}
2025-06-20 12:26:28.259 | DEBUG    | mamba2.strategy.triple_cross:evaluate:167 - Order executed: {'retcode': 10009, 'deal': 52634313561, 'order': 52684554933, 'volume': 0.1, 'price': 1.15277, 'bid': 1.15263, 'ask': 1.15277, 'comment': 'Request executed'}
2025-06-20 12:26:31.429 | DEBUG    | mamba2.crew.position_manager:update_trailing_stops:83 - Calculated initial SL/TP for EURUSD: Entry=1.15277, ATR=0.00037, SL=1.15222, TP=1.15387
2025-06-20 12:26:31.695 | SUCCESS  | mamba2.crew.position_manager:_update_position_sl:176 - Successfully updated position 52684554933 (SL=1.15222, TP=1.15387)
2025-06-20 12:36:44.439 | SUCCESS  | mamba2.crew.position_manager:_update_position_sl:176 - Successfully updated position 52684412931 (SL=145.32329, TP=145.14843)
2025-06-20 13:05:35.487 | DEBUG    | mamba2.strategy.triple_cross:evaluate:127 - EURUSD - Buy signal skipped - waiting for green candle above EMA7. Current close: 1.15265, EMA7: 1.15263
2025-06-20 13:06:05.570 | DEBUG    | mamba2.strategy.triple_cross:evaluate:127 - EURUSD - Buy signal skipped - waiting for green candle above EMA7. Current close: 1.15265, EMA7: 1.15263
2025-06-20 13:06:35.664 | DEBUG    | mamba2.strategy.triple_cross:evaluate:127 - EURUSD - Buy signal skipped - waiting for green candle above EMA7. Current close: 1.1526399999999999, EMA7: 1.15263
2025-06-20 13:07:05.770 | DEBUG    | mamba2.strategy.triple_cross:evaluate:127 - EURUSD - Buy signal skipped - waiting for green candle above EMA7. Current close: 1.1526399999999999, EMA7: 1.15263
2025-06-20 13:07:35.863 | DEBUG    | mamba2.strategy.triple_cross:evaluate:127 - EURUSD - Buy signal skipped - waiting for green candle above EMA7. Current close: 1.15256, EMA7: 1.15262
2025-06-20 13:08:05.989 | DEBUG    | mamba2.strategy.triple_cross:evaluate:127 - EURUSD - Buy signal skipped - waiting for green candle above EMA7. Current close: 1.15256, EMA7: 1.15262
2025-06-20 13:11:36.666 | INFO     | mamba2.strategy.triple_cross:evaluate:129 - 📈 BUY Signal - EURUSD: Trend is uptrend - Higher K=58.58 > D=37.17, Trading K=84.89 > D=80.00, Entry K=75.39 > D=75.02
2025-06-20 13:11:36.667 | INFO     | mamba2.strategy.triple_cross:evaluate:157 - Bullish entry signal. Placing BUY order: {'action': 1, 'symbol': 'EURUSD', 'type': 0, 'volume': 0.1, 'price': 1.15339, 'sl': 0.0, 'tp': 0.0, 'deviation': 10, 'magic': 123456, 'comment': 'Stochastic Triple Cross', 'type_time': 0, 'type_filling': 1}
2025-06-20 13:11:36.986 | DEBUG    | mamba2.strategy.triple_cross:evaluate:167 - Order executed: {'retcode': 10009, 'deal': 52634517685, 'order': 52684758153, 'volume': 0.1, 'price': 1.15339, 'bid': 1.15326, 'ask': 1.15339, 'comment': 'Request executed'}
2025-06-20 13:11:38.791 | DEBUG    | mamba2.crew.position_manager:update_trailing_stops:83 - Calculated initial SL/TP for EURUSD: Entry=1.15339, ATR=0.00034, SL=1.15288, TP=1.15440
2025-06-20 13:11:39.045 | SUCCESS  | mamba2.crew.position_manager:_update_position_sl:176 - Successfully updated position 52684758153 (SL=1.15288, TP=1.15440)
2025-06-20 13:12:38.891 | INFO     | mamba2.strategy.triple_cross:evaluate:129 - 📈 BUY Signal - EURJPY: Trend is uptrend - Higher K=35.70 > D=30.74, Trading K=75.76 > D=62.02, Entry K=84.05 > D=82.21
2025-06-20 13:12:38.892 | INFO     | mamba2.strategy.triple_cross:evaluate:157 - Bullish entry signal. Placing BUY order: {'action': 1, 'symbol': 'EURJPY', 'type': 0, 'volume': 0.1, 'price': 167.607, 'sl': 0.0, 'tp': 0.0, 'deviation': 10, 'magic': 123456, 'comment': 'Stochastic Triple Cross', 'type_time': 0, 'type_filling': 1}
2025-06-20 13:12:39.148 | DEBUG    | mamba2.strategy.triple_cross:evaluate:167 - Order executed: {'retcode': 10009, 'deal': 52634522490, 'order': 52684762955, 'volume': 0.1, 'price': 167.607, 'bid': 167.588, 'ask': 167.608, 'comment': 'Request executed'}
2025-06-20 13:12:40.214 | INFO     | mamba2.strategy.triple_cross:evaluate:129 - 📈 BUY Signal - GBPJPY: Trend is uptrend - Higher K=52.83 > D=41.85, Trading K=72.96 > D=69.95, Entry K=59.12 > D=57.27
2025-06-20 13:12:40.214 | INFO     | mamba2.strategy.triple_cross:evaluate:157 - Bullish entry signal. Placing BUY order: {'action': 1, 'symbol': 'GBPJPY', 'type': 0, 'volume': 0.1, 'price': 196.146, 'sl': 0.0, 'tp': 0.0, 'deviation': 10, 'magic': 123456, 'comment': 'Stochastic Triple Cross', 'type_time': 0, 'type_filling': 1}
2025-06-20 13:12:40.488 | DEBUG    | mamba2.strategy.triple_cross:evaluate:167 - Order executed: {'retcode': 10009, 'deal': 52634522545, 'order': 52684763009, 'volume': 0.1, 'price': 196.146, 'bid': 196.115, 'ask': 196.146, 'comment': 'Request executed'}
2025-06-20 13:12:42.435 | DEBUG    | mamba2.crew.position_manager:update_trailing_stops:83 - Calculated initial SL/TP for EURJPY: Entry=167.60700, ATR=0.05536, SL=167.52396, TP=167.77307
2025-06-20 13:12:43.000 | SUCCESS  | mamba2.crew.position_manager:_update_position_sl:176 - Successfully updated position 52684762955 (SL=167.52396, TP=167.77307)
2025-06-20 13:12:43.001 | DEBUG    | mamba2.crew.position_manager:update_trailing_stops:83 - Calculated initial SL/TP for GBPJPY: Entry=196.14600, ATR=0.06850, SL=196.04325, TP=196.35150
2025-06-20 13:12:43.254 | SUCCESS  | mamba2.crew.position_manager:_update_position_sl:176 - Successfully updated position 52684763009 (SL=196.04325, TP=196.35150)
2025-06-20 13:12:44.451 | WARNING  | mamba2.crew.position_manager:run:214 - Position manager task cancelled
2025-06-20 13:12:44.452 | INFO     | mamba2.crew.position_manager:stop:226 - 🛑 Stopping position manager...
2025-06-20 13:12:44.452 | DEBUG    | mamba2.crew.position_manager:stop:231 - Cleared positions cache
2025-06-20 13:12:44.453 | INFO     | mamba2.crew.position_manager:stop:233 - Position manager stopped
2025-06-20 13:12:44.454 | INFO     | mamba2.crew.atr_manager:stop:120 - Stopping ATR manager...
2025-06-20 13:12:44.455 | INFO     | mamba2.crew.day_trader:run:97 - 📈 Trading loop cancelled
2025-06-20 13:12:44.456 | INFO     | mamba2.crew.day_trader:run:110 - 📈 Day trader stopped
2025-06-20 13:12:44.950 | INFO     | mamba2.crew.atr_manager:_run_loop:112 - ATR calculation loop stopped
2025-06-20 13:12:44.957 | INFO     | mamba2.crew.atr_manager:stop:133 - ATR manager thread stopped
2025-06-20 13:12:44.958 | INFO     | mamba2.crew.atr_manager:stop:142 - ATR manager shutdown complete
2025-06-20 13:12:44.959 | INFO     | mamba2.crew.rates:stop:47 - Stopping rate fetcher thread...
2025-06-20 13:13:52.975 | INFO     | mamba2.crew.rates:_run_loop:194 - 📈 Starting rate fetcher thread
2025-06-20 13:14:01.004 | INFO     | mamba2.crew.atr_manager:start:43 - ATR manager started
2025-06-20 13:14:01.006 | INFO     | mamba2.crew.position_manager:run:198 - 🚀 Position manager started
2025-06-20 13:14:01.006 | DEBUG    | mamba2.crew.position_manager:update_trailing_stops:44 - Waiting for ATR manager to initialize...
2025-06-20 13:14:01.006 | INFO     | mamba2.crew.day_trader:run:81 - 📈 Starting day trader...
2025-06-20 13:15:01.113 | INFO     | mamba2.strategy.triple_cross:evaluate:149 - 📈 BUY Signal - EURUSD: Trend is uptrend - Trading K=84.89 > D=80.00, Entry K=88.14 > D=77.33
2025-06-20 13:15:01.114 | INFO     | mamba2.strategy.triple_cross:evaluate:178 - Bullish entry signal. Placing BUY order: {'action': 1, 'symbol': 'EURUSD', 'type': 0, 'volume': 0.1, 'price': 1.1534200000000001, 'sl': 0.0, 'tp': 0.0, 'deviation': 10, 'magic': 123456, 'comment': 'Stochastic Triple Cross', 'type_time': 0, 'type_filling': 1}
2025-06-20 13:15:01.386 | DEBUG    | mamba2.strategy.triple_cross:evaluate:188 - Order executed: {'retcode': 10009, 'deal': 52634529965, 'order': 52684770428, 'volume': 0.1, 'price': 1.1534200000000001, 'bid': 1.15329, 'ask': 1.1534200000000001, 'comment': 'Request executed'}
2025-06-20 13:15:03.446 | INFO     | mamba2.strategy.triple_cross:evaluate:149 - 📈 BUY Signal - EURJPY: Trend is uptrend - Trading K=75.76 > D=62.02, Entry K=90.23 > D=83.34
2025-06-20 13:15:03.448 | INFO     | mamba2.strategy.triple_cross:evaluate:178 - Bullish entry signal. Placing BUY order: {'action': 1, 'symbol': 'EURJPY', 'type': 0, 'volume': 0.1, 'price': 167.615, 'sl': 0.0, 'tp': 0.0, 'deviation': 10, 'magic': 123456, 'comment': 'Stochastic Triple Cross', 'type_time': 0, 'type_filling': 1}
2025-06-20 13:15:03.702 | DEBUG    | mamba2.strategy.triple_cross:evaluate:188 - Order executed: {'retcode': 10009, 'deal': 52634530115, 'order': 52684770588, 'volume': 0.1, 'price': 167.615, 'bid': 167.595, 'ask': 167.615, 'comment': 'Request executed'}
2025-06-20 13:15:04.902 | DEBUG    | mamba2.strategy.triple_cross:evaluate:144 - GBPJPY - Buy signal skipped - waiting for green candle above EMA7. Current close: 196.108, EMA7: 196.09602
2025-06-20 13:15:05.930 | DEBUG    | mamba2.crew.position_manager:update_trailing_stops:83 - Calculated initial SL/TP for EURUSD: Entry=1.15342, ATR=0.00034, SL=1.15291, TP=1.15443
2025-06-20 13:15:06.188 | SUCCESS  | mamba2.crew.position_manager:_update_position_sl:176 - Successfully updated position 52684770428 (SL=1.15291, TP=1.15443)
2025-06-20 13:15:06.189 | DEBUG    | mamba2.crew.position_manager:update_trailing_stops:83 - Calculated initial SL/TP for EURJPY: Entry=167.61500, ATR=0.05536, SL=167.53196, TP=167.78107
2025-06-20 13:15:06.457 | SUCCESS  | mamba2.crew.position_manager:_update_position_sl:176 - Successfully updated position 52684770588 (SL=167.53196, TP=167.78107)
2025-06-20 13:15:34.946 | INFO     | mamba2.strategy.triple_cross:evaluate:149 - 📈 BUY Signal - GBPJPY: Trend is uptrend - Trading K=79.82 > D=70.77, Entry K=80.20 > D=62.75
2025-06-20 13:15:34.946 | INFO     | mamba2.strategy.triple_cross:evaluate:178 - Bullish entry signal. Placing BUY order: {'action': 1, 'symbol': 'GBPJPY', 'type': 0, 'volume': 0.1, 'price': 196.141, 'sl': 0.0, 'tp': 0.0, 'deviation': 10, 'magic': 123456, 'comment': 'Stochastic Triple Cross', 'type_time': 0, 'type_filling': 1}
2025-06-20 13:15:35.239 | DEBUG    | mamba2.strategy.triple_cross:evaluate:188 - Order executed: {'retcode': 10009, 'deal': 52634532142, 'order': 52684772629, 'volume': 0.1, 'price': 196.141, 'bid': 196.112, 'ask': 196.143, 'comment': 'Request executed'}
2025-06-20 13:15:37.403 | DEBUG    | mamba2.crew.position_manager:update_trailing_stops:83 - Calculated initial SL/TP for GBPJPY: Entry=196.14100, ATR=0.06807, SL=196.03889, TP=196.34521
2025-06-20 13:15:37.664 | SUCCESS  | mamba2.crew.position_manager:_update_position_sl:176 - Successfully updated position 52684772629 (SL=196.03889, TP=196.34521)
2025-06-20 13:16:36.502 | DEBUG    | mamba2.strategy.triple_cross:evaluate:144 - EURUSD - Buy signal skipped - waiting for green candle above EMA7. Current close: 1.15309, EMA7: 1.15312
2025-06-20 13:17:06.589 | DEBUG    | mamba2.strategy.triple_cross:evaluate:144 - EURUSD - Buy signal skipped - waiting for green candle above EMA7. Current close: 1.15309, EMA7: 1.15312
2025-06-20 13:17:36.639 | DEBUG    | mamba2.strategy.triple_cross:evaluate:144 - EURUSD - Buy signal skipped - waiting for green candle above EMA7. Current close: 1.1531, EMA7: 1.15311
2025-06-20 13:18:06.701 | DEBUG    | mamba2.strategy.triple_cross:evaluate:144 - EURUSD - Buy signal skipped - waiting for green candle above EMA7. Current close: 1.1531, EMA7: 1.15311
2025-06-20 13:39:09.473 | INFO     | mamba2.strategy.triple_cross:evaluate:149 - 📈 BUY Signal - EURJPY: Trend is uptrend - Trading K=80.50 > D=80.15, Entry K=26.72 > D=19.69
2025-06-20 13:39:09.473 | INFO     | mamba2.strategy.triple_cross:evaluate:178 - Bullish entry signal. Placing BUY order: {'action': 1, 'symbol': 'EURJPY', 'type': 0, 'volume': 0.1, 'price': 167.589, 'sl': 0.0, 'tp': 0.0, 'deviation': 10, 'magic': 123456, 'comment': 'Stochastic Triple Cross', 'type_time': 0, 'type_filling': 1}
2025-06-20 13:39:09.733 | DEBUG    | mamba2.strategy.triple_cross:evaluate:188 - Order executed: {'retcode': 10009, 'deal': 52634620793, 'order': 52684861126, 'volume': 0.1, 'price': 167.589, 'bid': 167.569, 'ask': 167.589, 'comment': 'Request executed'}
2025-06-20 13:39:12.929 | DEBUG    | mamba2.crew.position_manager:update_trailing_stops:83 - Calculated initial SL/TP for EURJPY: Entry=167.58900, ATR=0.05036, SL=167.51346, TP=167.74007
2025-06-20 13:39:13.183 | SUCCESS  | mamba2.crew.position_manager:_update_position_sl:176 - Successfully updated position 52684861126 (SL=167.51346, TP=167.74007)
2025-06-20 13:44:11.445 | DEBUG    | mamba2.strategy.triple_cross:evaluate:144 - USDJPY - Buy signal skipped - waiting for green candle above EMA7. Current close: 145.395, EMA7: 145.38520
2025-06-20 13:44:41.514 | DEBUG    | mamba2.strategy.triple_cross:evaluate:144 - USDJPY - Buy signal skipped - waiting for green candle above EMA7. Current close: 145.395, EMA7: 145.38520
2025-06-20 13:45:11.559 | DEBUG    | mamba2.strategy.triple_cross:evaluate:144 - USDJPY - Buy signal skipped - waiting for green candle above EMA7. Current close: 145.377, EMA7: 145.38315
2025-06-20 13:45:41.634 | DEBUG    | mamba2.strategy.triple_cross:evaluate:144 - USDJPY - Buy signal skipped - waiting for green candle above EMA7. Current close: 145.377, EMA7: 145.38315
2025-06-20 13:46:11.727 | DEBUG    | mamba2.strategy.triple_cross:evaluate:144 - USDJPY - Buy signal skipped - waiting for green candle above EMA7. Current close: 145.376, EMA7: 145.38136
2025-06-20 13:46:41.777 | DEBUG    | mamba2.strategy.triple_cross:evaluate:144 - USDJPY - Buy signal skipped - waiting for green candle above EMA7. Current close: 145.376, EMA7: 145.38136
2025-06-20 13:53:42.598 | DEBUG    | mamba2.strategy.triple_cross:evaluate:144 - USDJPY - Buy signal skipped - waiting for green candle above EMA7. Current close: 145.414, EMA7: 145.40173
2025-06-20 13:54:12.621 | DEBUG    | mamba2.strategy.triple_cross:evaluate:144 - USDJPY - Buy signal skipped - waiting for green candle above EMA7. Current close: 145.414, EMA7: 145.40173
2025-06-20 13:54:42.686 | DEBUG    | mamba2.strategy.triple_cross:evaluate:144 - USDJPY - Buy signal skipped - waiting for green candle above EMA7. Current close: 145.411, EMA7: 145.40404
2025-06-20 13:54:48.698 | SUCCESS  | mamba2.crew.position_manager:_update_position_sl:176 - Successfully updated position 52684772629 (SL=196.16804, TP=196.42293)
2025-06-20 13:55:12.739 | DEBUG    | mamba2.strategy.triple_cross:evaluate:144 - USDJPY - Buy signal skipped - waiting for green candle above EMA7. Current close: 145.411, EMA7: 145.40404
2025-06-20 13:55:42.793 | INFO     | mamba2.strategy.triple_cross:evaluate:149 - 📈 BUY Signal - USDJPY: Trend is uptrend - Trading K=92.29 > D=76.86, Entry K=80.97 > D=72.16
2025-06-20 13:55:42.795 | INFO     | mamba2.strategy.triple_cross:evaluate:178 - Bullish entry signal. Placing BUY order: {'action': 1, 'symbol': 'USDJPY', 'type': 0, 'volume': 0.1, 'price': 145.447, 'sl': 0.0, 'tp': 0.0, 'deviation': 10, 'magic': 123456, 'comment': 'Stochastic Triple Cross', 'type_time': 0, 'type_filling': 1}
2025-06-20 13:55:43.053 | DEBUG    | mamba2.strategy.triple_cross:evaluate:188 - Order executed: {'retcode': 10009, 'deal': 52634681497, 'order': 52684921597, 'volume': 0.1, 'price': 145.447, 'bid': 145.427, 'ask': 145.448, 'comment': 'Request executed'}
2025-06-20 13:55:46.279 | DEBUG    | mamba2.crew.position_manager:update_trailing_stops:83 - Calculated initial SL/TP for USDJPY: Entry=145.44700, ATR=0.03264, SL=145.39804, TP=145.54493
2025-06-20 13:55:46.537 | SUCCESS  | mamba2.crew.position_manager:_update_position_sl:176 - Successfully updated position 52684921597 (SL=145.39804, TP=145.54493)
2025-06-20 13:57:43.014 | WARNING  | mamba2.crew.position_manager:run:214 - Position manager task cancelled
2025-06-20 13:57:43.014 | INFO     | mamba2.crew.position_manager:stop:226 - 🛑 Stopping position manager...
2025-06-20 13:57:43.014 | DEBUG    | mamba2.crew.position_manager:stop:231 - Cleared positions cache
2025-06-20 13:57:43.014 | INFO     | mamba2.crew.position_manager:stop:233 - Position manager stopped
2025-06-20 13:57:43.014 | INFO     | mamba2.crew.atr_manager:stop:120 - Stopping ATR manager...
2025-06-20 13:57:43.014 | INFO     | mamba2.crew.day_trader:run:97 - 📈 Trading loop cancelled
2025-06-20 13:57:43.014 | INFO     | mamba2.crew.day_trader:run:110 - 📈 Day trader stopped
2025-06-20 13:57:47.921 | INFO     | mamba2.crew.rates:_run_loop:194 - 📈 Starting rate fetcher thread
2025-06-20 13:58:01.071 | INFO     | mamba2.crew.atr_manager:start:43 - ATR manager started
2025-06-20 13:58:01.072 | INFO     | mamba2.crew.position_manager:run:198 - 🚀 Position manager started
2025-06-20 13:58:01.072 | DEBUG    | mamba2.crew.position_manager:update_trailing_stops:44 - Waiting for ATR manager to initialize...
2025-06-20 13:58:01.072 | INFO     | mamba2.crew.day_trader:run:81 - 📈 Starting day trader...
2025-06-20 14:08:18.240 | WARNING  | mamba2.crew.position_manager:run:214 - Position manager task cancelled
2025-06-20 14:08:18.240 | INFO     | mamba2.crew.day_trader:run:97 - 📈 Trading loop cancelled
2025-06-20 14:08:18.245 | INFO     | mamba2.crew.day_trader:run:110 - 📈 Day trader stopped
2025-06-20 14:08:18.246 | INFO     | mamba2.crew.position_manager:stop:226 - 🛑 Stopping position manager...
2025-06-20 14:08:18.246 | DEBUG    | mamba2.crew.position_manager:stop:231 - Cleared positions cache
2025-06-20 14:08:18.246 | INFO     | mamba2.crew.position_manager:stop:233 - Position manager stopped
2025-06-20 14:08:18.248 | INFO     | mamba2.crew.atr_manager:stop:120 - Stopping ATR manager...
2025-06-20 14:09:13.682 | INFO     | mamba2.crew.rates:_run_loop:194 - 📈 Starting rate fetcher thread
2025-06-20 14:10:00.183 | INFO     | mamba2.crew.atr_manager:start:43 - ATR manager started
2025-06-20 14:10:00.186 | INFO     | mamba2.crew.position_manager:run:198 - 🚀 Position manager started
2025-06-20 14:10:00.200 | DEBUG    | mamba2.crew.position_manager:update_trailing_stops:44 - Waiting for ATR manager to initialize...
2025-06-20 14:10:00.201 | INFO     | mamba2.crew.day_trader:run:81 - 📈 Starting day trader...
2025-06-20 14:11:00.486 | ERROR    | mamba2.crew.day_trader:run_strategy:69 - Error evaluating EURJPY: 'numpy.float64' object has no attribute 'iloc'
2025-06-20 14:11:00.495 | DEBUG    | mamba2.crew.day_trader:run_strategy:70 - Full error details
Traceback (most recent call last):

  File "e:\mamba2\main.py", line 237, in <module>
    asyncio.run(main())
    │       │   └ <function main at 0x000002397F985D80>
    │       └ <function run at 0x00000239756B7BE0>
    └ <module 'asyncio' from 'C:\\Users\\USER\\AppData\\Roaming\\uv\\python\\cpython-3.10.17-windows-x86_64-none\\lib\\asyncio\\__i...

  File "C:\Users\USER\AppData\Roaming\uv\python\cpython-3.10.17-windows-x86_64-none\lib\asyncio\runners.py", line 44, in run
    return loop.run_until_complete(main)
           │    │                  └ <coroutine object main at 0x000002397D782B20>
           │    └ <function BaseEventLoop.run_until_complete at 0x00000239756B9630>
           └ <ProactorEventLoop running=True closed=False debug=False>

  File "C:\Users\USER\AppData\Roaming\uv\python\cpython-3.10.17-windows-x86_64-none\lib\asyncio\base_events.py", line 636, in run_until_complete
    self.run_forever()
    │    └ <function ProactorEventLoop.run_forever at 0x0000023975770670>
    └ <ProactorEventLoop running=True closed=False debug=False>

  File "C:\Users\USER\AppData\Roaming\uv\python\cpython-3.10.17-windows-x86_64-none\lib\asyncio\windows_events.py", line 321, in run_forever
    super().run_forever()

  File "C:\Users\USER\AppData\Roaming\uv\python\cpython-3.10.17-windows-x86_64-none\lib\asyncio\base_events.py", line 603, in run_forever
    self._run_once()
    │    └ <function BaseEventLoop._run_once at 0x00000239756BB0A0>
    └ <ProactorEventLoop running=True closed=False debug=False>

  File "C:\Users\USER\AppData\Roaming\uv\python\cpython-3.10.17-windows-x86_64-none\lib\asyncio\base_events.py", line 1909, in _run_once
    handle._run()
    │      └ <function Handle._run at 0x00000239756228C0>
    └ <Handle Task.task_wakeup(<Future finished result=None>)>

  File "C:\Users\USER\AppData\Roaming\uv\python\cpython-3.10.17-windows-x86_64-none\lib\asyncio\events.py", line 80, in _run
    self._context.run(self._callback, *self._args)
    │    │            │    │           │    └ <member '_args' of 'Handle' objects>
    │    │            │    │           └ <Handle Task.task_wakeup(<Future finished result=None>)>
    │    │            │    └ <member '_callback' of 'Handle' objects>
    │    │            └ <Handle Task.task_wakeup(<Future finished result=None>)>
    │    └ <member '_context' of 'Handle' objects>
    └ <Handle Task.task_wakeup(<Future finished result=None>)>

  File "e:\mamba2\mamba2\crew\day_trader.py", line 90, in run
    await self.run_strategy(symbol)
          │    │            └ 'EURJPY'
          │    └ <function DayTrader.run_strategy at 0x000002397F9857E0>
          └ <mamba2.crew.day_trader.DayTrader object at 0x000002397F971540>

> File "e:\mamba2\mamba2\crew\day_trader.py", line 61, in run_strategy
    await self.strategies[symbol].evaluate(market_context)
          │    │          │                └ {'broker': <mamba2.broker.mt5_broker.MT5Broker object at 0x000002397F973880>, 'rate_fetcher': <RatesFetcher(RateFetcherThread...
          │    │          └ 'EURJPY'
          │    └ {'EURUSD': <mamba2.strategy.triple_cross.StochasticTripleTFStrategy object at 0x000002397F9715D0>, 'EURJPY': <mamba2.strategy...
          └ <mamba2.crew.day_trader.DayTrader object at 0x000002397F971540>

  File "e:\mamba2\mamba2\strategy\triple_cross.py", line 134, in evaluate
    current_rsi = rsi.iloc[-1]
                  └ np.float64(56.41859957059173)

AttributeError: 'numpy.float64' object has no attribute 'iloc'
2025-06-20 14:11:30.701 | ERROR    | mamba2.crew.day_trader:run_strategy:69 - Error evaluating EURJPY: 'numpy.float64' object has no attribute 'iloc'
2025-06-20 14:11:30.702 | DEBUG    | mamba2.crew.day_trader:run_strategy:70 - Full error details
Traceback (most recent call last):

  File "e:\mamba2\main.py", line 237, in <module>
    asyncio.run(main())
    │       │   └ <function main at 0x000002397F985D80>
    │       └ <function run at 0x00000239756B7BE0>
    └ <module 'asyncio' from 'C:\\Users\\USER\\AppData\\Roaming\\uv\\python\\cpython-3.10.17-windows-x86_64-none\\lib\\asyncio\\__i...

  File "C:\Users\USER\AppData\Roaming\uv\python\cpython-3.10.17-windows-x86_64-none\lib\asyncio\runners.py", line 44, in run
    return loop.run_until_complete(main)
           │    │                  └ <coroutine object main at 0x000002397D782B20>
           │    └ <function BaseEventLoop.run_until_complete at 0x00000239756B9630>
           └ <ProactorEventLoop running=True closed=False debug=False>

  File "C:\Users\USER\AppData\Roaming\uv\python\cpython-3.10.17-windows-x86_64-none\lib\asyncio\base_events.py", line 636, in run_until_complete
    self.run_forever()
    │    └ <function ProactorEventLoop.run_forever at 0x0000023975770670>
    └ <ProactorEventLoop running=True closed=False debug=False>

  File "C:\Users\USER\AppData\Roaming\uv\python\cpython-3.10.17-windows-x86_64-none\lib\asyncio\windows_events.py", line 321, in run_forever
    super().run_forever()

  File "C:\Users\USER\AppData\Roaming\uv\python\cpython-3.10.17-windows-x86_64-none\lib\asyncio\base_events.py", line 603, in run_forever
    self._run_once()
    │    └ <function BaseEventLoop._run_once at 0x00000239756BB0A0>
    └ <ProactorEventLoop running=True closed=False debug=False>

  File "C:\Users\USER\AppData\Roaming\uv\python\cpython-3.10.17-windows-x86_64-none\lib\asyncio\base_events.py", line 1909, in _run_once
    handle._run()
    │      └ <function Handle._run at 0x00000239756228C0>
    └ <Handle Task.task_wakeup(<Future finished result=None>)>

  File "C:\Users\USER\AppData\Roaming\uv\python\cpython-3.10.17-windows-x86_64-none\lib\asyncio\events.py", line 80, in _run
    self._context.run(self._callback, *self._args)
    │    │            │    │           │    └ <member '_args' of 'Handle' objects>
    │    │            │    │           └ <Handle Task.task_wakeup(<Future finished result=None>)>
    │    │            │    └ <member '_callback' of 'Handle' objects>
    │    │            └ <Handle Task.task_wakeup(<Future finished result=None>)>
    │    └ <member '_context' of 'Handle' objects>
    └ <Handle Task.task_wakeup(<Future finished result=None>)>

  File "e:\mamba2\mamba2\crew\day_trader.py", line 90, in run
    await self.run_strategy(symbol)
          │    │            └ 'EURJPY'
          │    └ <function DayTrader.run_strategy at 0x000002397F9857E0>
          └ <mamba2.crew.day_trader.DayTrader object at 0x000002397F971540>

> File "e:\mamba2\mamba2\crew\day_trader.py", line 61, in run_strategy
    await self.strategies[symbol].evaluate(market_context)
          │    │          │                └ {'broker': <mamba2.broker.mt5_broker.MT5Broker object at 0x000002397F973880>, 'rate_fetcher': <RatesFetcher(RateFetcherThread...
          │    │          └ 'EURJPY'
          │    └ {'EURUSD': <mamba2.strategy.triple_cross.StochasticTripleTFStrategy object at 0x000002397F9715D0>, 'EURJPY': <mamba2.strategy...
          └ <mamba2.crew.day_trader.DayTrader object at 0x000002397F971540>

  File "e:\mamba2\mamba2\strategy\triple_cross.py", line 134, in evaluate
    current_rsi = rsi.iloc[-1]
                  └ np.float64(56.41859957059173)

AttributeError: 'numpy.float64' object has no attribute 'iloc'
2025-06-20 14:12:00.865 | ERROR    | mamba2.crew.day_trader:run_strategy:69 - Error evaluating EURJPY: 'numpy.float64' object has no attribute 'iloc'
2025-06-20 14:12:00.875 | DEBUG    | mamba2.crew.day_trader:run_strategy:70 - Full error details
Traceback (most recent call last):

  File "e:\mamba2\main.py", line 237, in <module>
    asyncio.run(main())
    │       │   └ <function main at 0x000002397F985D80>
    │       └ <function run at 0x00000239756B7BE0>
    └ <module 'asyncio' from 'C:\\Users\\USER\\AppData\\Roaming\\uv\\python\\cpython-3.10.17-windows-x86_64-none\\lib\\asyncio\\__i...

  File "C:\Users\USER\AppData\Roaming\uv\python\cpython-3.10.17-windows-x86_64-none\lib\asyncio\runners.py", line 44, in run
    return loop.run_until_complete(main)
           │    │                  └ <coroutine object main at 0x000002397D782B20>
           │    └ <function BaseEventLoop.run_until_complete at 0x00000239756B9630>
           └ <ProactorEventLoop running=True closed=False debug=False>

  File "C:\Users\USER\AppData\Roaming\uv\python\cpython-3.10.17-windows-x86_64-none\lib\asyncio\base_events.py", line 636, in run_until_complete
    self.run_forever()
    │    └ <function ProactorEventLoop.run_forever at 0x0000023975770670>
    └ <ProactorEventLoop running=True closed=False debug=False>

  File "C:\Users\USER\AppData\Roaming\uv\python\cpython-3.10.17-windows-x86_64-none\lib\asyncio\windows_events.py", line 321, in run_forever
    super().run_forever()

  File "C:\Users\USER\AppData\Roaming\uv\python\cpython-3.10.17-windows-x86_64-none\lib\asyncio\base_events.py", line 603, in run_forever
    self._run_once()
    │    └ <function BaseEventLoop._run_once at 0x00000239756BB0A0>
    └ <ProactorEventLoop running=True closed=False debug=False>

  File "C:\Users\USER\AppData\Roaming\uv\python\cpython-3.10.17-windows-x86_64-none\lib\asyncio\base_events.py", line 1909, in _run_once
    handle._run()
    │      └ <function Handle._run at 0x00000239756228C0>
    └ <Handle Task.task_wakeup(<Future finished result=None>)>

  File "C:\Users\USER\AppData\Roaming\uv\python\cpython-3.10.17-windows-x86_64-none\lib\asyncio\events.py", line 80, in _run
    self._context.run(self._callback, *self._args)
    │    │            │    │           │    └ <member '_args' of 'Handle' objects>
    │    │            │    │           └ <Handle Task.task_wakeup(<Future finished result=None>)>
    │    │            │    └ <member '_callback' of 'Handle' objects>
    │    │            └ <Handle Task.task_wakeup(<Future finished result=None>)>
    │    └ <member '_context' of 'Handle' objects>
    └ <Handle Task.task_wakeup(<Future finished result=None>)>

  File "e:\mamba2\mamba2\crew\day_trader.py", line 90, in run
    await self.run_strategy(symbol)
          │    │            └ 'EURJPY'
          │    └ <function DayTrader.run_strategy at 0x000002397F9857E0>
          └ <mamba2.crew.day_trader.DayTrader object at 0x000002397F971540>

> File "e:\mamba2\mamba2\crew\day_trader.py", line 61, in run_strategy
    await self.strategies[symbol].evaluate(market_context)
          │    │          │                └ {'broker': <mamba2.broker.mt5_broker.MT5Broker object at 0x000002397F973880>, 'rate_fetcher': <RatesFetcher(RateFetcherThread...
          │    │          └ 'EURJPY'
          │    └ {'EURUSD': <mamba2.strategy.triple_cross.StochasticTripleTFStrategy object at 0x000002397F9715D0>, 'EURJPY': <mamba2.strategy...
          └ <mamba2.crew.day_trader.DayTrader object at 0x000002397F971540>

  File "e:\mamba2\mamba2\strategy\triple_cross.py", line 134, in evaluate
    current_rsi = rsi.iloc[-1]
                  └ np.float64(56.41859957059173)

AttributeError: 'numpy.float64' object has no attribute 'iloc'
2025-06-20 14:12:01.028 | ERROR    | mamba2.crew.day_trader:run_strategy:69 - Error evaluating GBPUSD: 'numpy.float64' object has no attribute 'iloc'
2025-06-20 14:12:01.038 | DEBUG    | mamba2.crew.day_trader:run_strategy:70 - Full error details
Traceback (most recent call last):

  File "e:\mamba2\main.py", line 237, in <module>
    asyncio.run(main())
    │       │   └ <function main at 0x000002397F985D80>
    │       └ <function run at 0x00000239756B7BE0>
    └ <module 'asyncio' from 'C:\\Users\\USER\\AppData\\Roaming\\uv\\python\\cpython-3.10.17-windows-x86_64-none\\lib\\asyncio\\__i...

  File "C:\Users\USER\AppData\Roaming\uv\python\cpython-3.10.17-windows-x86_64-none\lib\asyncio\runners.py", line 44, in run
    return loop.run_until_complete(main)
           │    │                  └ <coroutine object main at 0x000002397D782B20>
           │    └ <function BaseEventLoop.run_until_complete at 0x00000239756B9630>
           └ <ProactorEventLoop running=True closed=False debug=False>

  File "C:\Users\USER\AppData\Roaming\uv\python\cpython-3.10.17-windows-x86_64-none\lib\asyncio\base_events.py", line 636, in run_until_complete
    self.run_forever()
    │    └ <function ProactorEventLoop.run_forever at 0x0000023975770670>
    └ <ProactorEventLoop running=True closed=False debug=False>

  File "C:\Users\USER\AppData\Roaming\uv\python\cpython-3.10.17-windows-x86_64-none\lib\asyncio\windows_events.py", line 321, in run_forever
    super().run_forever()

  File "C:\Users\USER\AppData\Roaming\uv\python\cpython-3.10.17-windows-x86_64-none\lib\asyncio\base_events.py", line 603, in run_forever
    self._run_once()
    │    └ <function BaseEventLoop._run_once at 0x00000239756BB0A0>
    └ <ProactorEventLoop running=True closed=False debug=False>

  File "C:\Users\USER\AppData\Roaming\uv\python\cpython-3.10.17-windows-x86_64-none\lib\asyncio\base_events.py", line 1909, in _run_once
    handle._run()
    │      └ <function Handle._run at 0x00000239756228C0>
    └ <Handle Task.task_wakeup(<Future finished result=None>)>

  File "C:\Users\USER\AppData\Roaming\uv\python\cpython-3.10.17-windows-x86_64-none\lib\asyncio\events.py", line 80, in _run
    self._context.run(self._callback, *self._args)
    │    │            │    │           │    └ <member '_args' of 'Handle' objects>
    │    │            │    │           └ <Handle Task.task_wakeup(<Future finished result=None>)>
    │    │            │    └ <member '_callback' of 'Handle' objects>
    │    │            └ <Handle Task.task_wakeup(<Future finished result=None>)>
    │    └ <member '_context' of 'Handle' objects>
    └ <Handle Task.task_wakeup(<Future finished result=None>)>

  File "e:\mamba2\mamba2\crew\day_trader.py", line 90, in run
    await self.run_strategy(symbol)
          │    │            └ 'GBPUSD'
          │    └ <function DayTrader.run_strategy at 0x000002397F9857E0>
          └ <mamba2.crew.day_trader.DayTrader object at 0x000002397F971540>

> File "e:\mamba2\mamba2\crew\day_trader.py", line 61, in run_strategy
    await self.strategies[symbol].evaluate(market_context)
          │    │          │                └ {'broker': <mamba2.broker.mt5_broker.MT5Broker object at 0x000002397F973880>, 'rate_fetcher': <RatesFetcher(RateFetcherThread...
          │    │          └ 'GBPUSD'
          │    └ {'EURUSD': <mamba2.strategy.triple_cross.StochasticTripleTFStrategy object at 0x000002397F9715D0>, 'EURJPY': <mamba2.strategy...
          └ <mamba2.crew.day_trader.DayTrader object at 0x000002397F971540>

  File "e:\mamba2\mamba2\strategy\triple_cross.py", line 134, in evaluate
    current_rsi = rsi.iloc[-1]
                  └ np.float64(58.35714730153003)

AttributeError: 'numpy.float64' object has no attribute 'iloc'
2025-06-20 14:12:31.136 | ERROR    | mamba2.crew.day_trader:run_strategy:69 - Error evaluating EURJPY: 'numpy.float64' object has no attribute 'iloc'
2025-06-20 14:12:31.137 | DEBUG    | mamba2.crew.day_trader:run_strategy:70 - Full error details
Traceback (most recent call last):

  File "e:\mamba2\main.py", line 237, in <module>
    asyncio.run(main())
    │       │   └ <function main at 0x000002397F985D80>
    │       └ <function run at 0x00000239756B7BE0>
    └ <module 'asyncio' from 'C:\\Users\\USER\\AppData\\Roaming\\uv\\python\\cpython-3.10.17-windows-x86_64-none\\lib\\asyncio\\__i...

  File "C:\Users\USER\AppData\Roaming\uv\python\cpython-3.10.17-windows-x86_64-none\lib\asyncio\runners.py", line 44, in run
    return loop.run_until_complete(main)
           │    │                  └ <coroutine object main at 0x000002397D782B20>
           │    └ <function BaseEventLoop.run_until_complete at 0x00000239756B9630>
           └ <ProactorEventLoop running=True closed=False debug=False>

  File "C:\Users\USER\AppData\Roaming\uv\python\cpython-3.10.17-windows-x86_64-none\lib\asyncio\base_events.py", line 636, in run_until_complete
    self.run_forever()
    │    └ <function ProactorEventLoop.run_forever at 0x0000023975770670>
    └ <ProactorEventLoop running=True closed=False debug=False>

  File "C:\Users\USER\AppData\Roaming\uv\python\cpython-3.10.17-windows-x86_64-none\lib\asyncio\windows_events.py", line 321, in run_forever
    super().run_forever()

  File "C:\Users\USER\AppData\Roaming\uv\python\cpython-3.10.17-windows-x86_64-none\lib\asyncio\base_events.py", line 603, in run_forever
    self._run_once()
    │    └ <function BaseEventLoop._run_once at 0x00000239756BB0A0>
    └ <ProactorEventLoop running=True closed=False debug=False>

  File "C:\Users\USER\AppData\Roaming\uv\python\cpython-3.10.17-windows-x86_64-none\lib\asyncio\base_events.py", line 1909, in _run_once
    handle._run()
    │      └ <function Handle._run at 0x00000239756228C0>
    └ <Handle Task.task_wakeup(<Future finished result=None>)>

  File "C:\Users\USER\AppData\Roaming\uv\python\cpython-3.10.17-windows-x86_64-none\lib\asyncio\events.py", line 80, in _run
    self._context.run(self._callback, *self._args)
    │    │            │    │           │    └ <member '_args' of 'Handle' objects>
    │    │            │    │           └ <Handle Task.task_wakeup(<Future finished result=None>)>
    │    │            │    └ <member '_callback' of 'Handle' objects>
    │    │            └ <Handle Task.task_wakeup(<Future finished result=None>)>
    │    └ <member '_context' of 'Handle' objects>
    └ <Handle Task.task_wakeup(<Future finished result=None>)>

  File "e:\mamba2\mamba2\crew\day_trader.py", line 90, in run
    await self.run_strategy(symbol)
          │    │            └ 'EURJPY'
          │    └ <function DayTrader.run_strategy at 0x000002397F9857E0>
          └ <mamba2.crew.day_trader.DayTrader object at 0x000002397F971540>

> File "e:\mamba2\mamba2\crew\day_trader.py", line 61, in run_strategy
    await self.strategies[symbol].evaluate(market_context)
          │    │          │                └ {'broker': <mamba2.broker.mt5_broker.MT5Broker object at 0x000002397F973880>, 'rate_fetcher': <RatesFetcher(RateFetcherThread...
          │    │          └ 'EURJPY'
          │    └ {'EURUSD': <mamba2.strategy.triple_cross.StochasticTripleTFStrategy object at 0x000002397F9715D0>, 'EURJPY': <mamba2.strategy...
          └ <mamba2.crew.day_trader.DayTrader object at 0x000002397F971540>

  File "e:\mamba2\mamba2\strategy\triple_cross.py", line 134, in evaluate
    current_rsi = rsi.iloc[-1]
                  └ np.float64(56.41859957059173)

AttributeError: 'numpy.float64' object has no attribute 'iloc'
2025-06-20 14:12:31.198 | ERROR    | mamba2.crew.day_trader:run_strategy:69 - Error evaluating GBPUSD: 'numpy.float64' object has no attribute 'iloc'
2025-06-20 14:12:31.199 | DEBUG    | mamba2.crew.day_trader:run_strategy:70 - Full error details
Traceback (most recent call last):

  File "e:\mamba2\main.py", line 237, in <module>
    asyncio.run(main())
    │       │   └ <function main at 0x000002397F985D80>
    │       └ <function run at 0x00000239756B7BE0>
    └ <module 'asyncio' from 'C:\\Users\\USER\\AppData\\Roaming\\uv\\python\\cpython-3.10.17-windows-x86_64-none\\lib\\asyncio\\__i...

  File "C:\Users\USER\AppData\Roaming\uv\python\cpython-3.10.17-windows-x86_64-none\lib\asyncio\runners.py", line 44, in run
    return loop.run_until_complete(main)
           │    │                  └ <coroutine object main at 0x000002397D782B20>
           │    └ <function BaseEventLoop.run_until_complete at 0x00000239756B9630>
           └ <ProactorEventLoop running=True closed=False debug=False>

  File "C:\Users\USER\AppData\Roaming\uv\python\cpython-3.10.17-windows-x86_64-none\lib\asyncio\base_events.py", line 636, in run_until_complete
    self.run_forever()
    │    └ <function ProactorEventLoop.run_forever at 0x0000023975770670>
    └ <ProactorEventLoop running=True closed=False debug=False>

  File "C:\Users\USER\AppData\Roaming\uv\python\cpython-3.10.17-windows-x86_64-none\lib\asyncio\windows_events.py", line 321, in run_forever
    super().run_forever()

  File "C:\Users\USER\AppData\Roaming\uv\python\cpython-3.10.17-windows-x86_64-none\lib\asyncio\base_events.py", line 603, in run_forever
    self._run_once()
    │    └ <function BaseEventLoop._run_once at 0x00000239756BB0A0>
    └ <ProactorEventLoop running=True closed=False debug=False>

  File "C:\Users\USER\AppData\Roaming\uv\python\cpython-3.10.17-windows-x86_64-none\lib\asyncio\base_events.py", line 1909, in _run_once
    handle._run()
    │      └ <function Handle._run at 0x00000239756228C0>
    └ <Handle Task.task_wakeup(<Future finished result=None>)>

  File "C:\Users\USER\AppData\Roaming\uv\python\cpython-3.10.17-windows-x86_64-none\lib\asyncio\events.py", line 80, in _run
    self._context.run(self._callback, *self._args)
    │    │            │    │           │    └ <member '_args' of 'Handle' objects>
    │    │            │    │           └ <Handle Task.task_wakeup(<Future finished result=None>)>
    │    │            │    └ <member '_callback' of 'Handle' objects>
    │    │            └ <Handle Task.task_wakeup(<Future finished result=None>)>
    │    └ <member '_context' of 'Handle' objects>
    └ <Handle Task.task_wakeup(<Future finished result=None>)>

  File "e:\mamba2\mamba2\crew\day_trader.py", line 90, in run
    await self.run_strategy(symbol)
          │    │            └ 'GBPUSD'
          │    └ <function DayTrader.run_strategy at 0x000002397F9857E0>
          └ <mamba2.crew.day_trader.DayTrader object at 0x000002397F971540>

> File "e:\mamba2\mamba2\crew\day_trader.py", line 61, in run_strategy
    await self.strategies[symbol].evaluate(market_context)
          │    │          │                └ {'broker': <mamba2.broker.mt5_broker.MT5Broker object at 0x000002397F973880>, 'rate_fetcher': <RatesFetcher(RateFetcherThread...
          │    │          └ 'GBPUSD'
          │    └ {'EURUSD': <mamba2.strategy.triple_cross.StochasticTripleTFStrategy object at 0x000002397F9715D0>, 'EURJPY': <mamba2.strategy...
          └ <mamba2.crew.day_trader.DayTrader object at 0x000002397F971540>

  File "e:\mamba2\mamba2\strategy\triple_cross.py", line 134, in evaluate
    current_rsi = rsi.iloc[-1]
                  └ np.float64(58.35714730153003)

AttributeError: 'numpy.float64' object has no attribute 'iloc'
2025-06-20 14:13:01.314 | ERROR    | mamba2.crew.day_trader:run_strategy:69 - Error evaluating EURJPY: 'numpy.float64' object has no attribute 'iloc'
2025-06-20 14:13:01.314 | DEBUG    | mamba2.crew.day_trader:run_strategy:70 - Full error details
Traceback (most recent call last):

  File "e:\mamba2\main.py", line 237, in <module>
    asyncio.run(main())
    │       │   └ <function main at 0x000002397F985D80>
    │       └ <function run at 0x00000239756B7BE0>
    └ <module 'asyncio' from 'C:\\Users\\USER\\AppData\\Roaming\\uv\\python\\cpython-3.10.17-windows-x86_64-none\\lib\\asyncio\\__i...

  File "C:\Users\USER\AppData\Roaming\uv\python\cpython-3.10.17-windows-x86_64-none\lib\asyncio\runners.py", line 44, in run
    return loop.run_until_complete(main)
           │    │                  └ <coroutine object main at 0x000002397D782B20>
           │    └ <function BaseEventLoop.run_until_complete at 0x00000239756B9630>
           └ <ProactorEventLoop running=True closed=False debug=False>

  File "C:\Users\USER\AppData\Roaming\uv\python\cpython-3.10.17-windows-x86_64-none\lib\asyncio\base_events.py", line 636, in run_until_complete
    self.run_forever()
    │    └ <function ProactorEventLoop.run_forever at 0x0000023975770670>
    └ <ProactorEventLoop running=True closed=False debug=False>

  File "C:\Users\USER\AppData\Roaming\uv\python\cpython-3.10.17-windows-x86_64-none\lib\asyncio\windows_events.py", line 321, in run_forever
    super().run_forever()

  File "C:\Users\USER\AppData\Roaming\uv\python\cpython-3.10.17-windows-x86_64-none\lib\asyncio\base_events.py", line 603, in run_forever
    self._run_once()
    │    └ <function BaseEventLoop._run_once at 0x00000239756BB0A0>
    └ <ProactorEventLoop running=True closed=False debug=False>

  File "C:\Users\USER\AppData\Roaming\uv\python\cpython-3.10.17-windows-x86_64-none\lib\asyncio\base_events.py", line 1909, in _run_once
    handle._run()
    │      └ <function Handle._run at 0x00000239756228C0>
    └ <Handle Task.task_wakeup(<Future finished result=None>)>

  File "C:\Users\USER\AppData\Roaming\uv\python\cpython-3.10.17-windows-x86_64-none\lib\asyncio\events.py", line 80, in _run
    self._context.run(self._callback, *self._args)
    │    │            │    │           │    └ <member '_args' of 'Handle' objects>
    │    │            │    │           └ <Handle Task.task_wakeup(<Future finished result=None>)>
    │    │            │    └ <member '_callback' of 'Handle' objects>
    │    │            └ <Handle Task.task_wakeup(<Future finished result=None>)>
    │    └ <member '_context' of 'Handle' objects>
    └ <Handle Task.task_wakeup(<Future finished result=None>)>

  File "e:\mamba2\mamba2\crew\day_trader.py", line 90, in run
    await self.run_strategy(symbol)
          │    │            └ 'EURJPY'
          │    └ <function DayTrader.run_strategy at 0x000002397F9857E0>
          └ <mamba2.crew.day_trader.DayTrader object at 0x000002397F971540>

> File "e:\mamba2\mamba2\crew\day_trader.py", line 61, in run_strategy
    await self.strategies[symbol].evaluate(market_context)
          │    │          │                └ {'broker': <mamba2.broker.mt5_broker.MT5Broker object at 0x000002397F973880>, 'rate_fetcher': <RatesFetcher(RateFetcherThread...
          │    │          └ 'EURJPY'
          │    └ {'EURUSD': <mamba2.strategy.triple_cross.StochasticTripleTFStrategy object at 0x000002397F9715D0>, 'EURJPY': <mamba2.strategy...
          └ <mamba2.crew.day_trader.DayTrader object at 0x000002397F971540>

  File "e:\mamba2\mamba2\strategy\triple_cross.py", line 134, in evaluate
    current_rsi = rsi.iloc[-1]
                  └ np.float64(56.41859957059173)

AttributeError: 'numpy.float64' object has no attribute 'iloc'
2025-06-20 14:13:01.364 | ERROR    | mamba2.crew.day_trader:run_strategy:69 - Error evaluating GBPUSD: 'numpy.float64' object has no attribute 'iloc'
2025-06-20 14:13:01.364 | DEBUG    | mamba2.crew.day_trader:run_strategy:70 - Full error details
Traceback (most recent call last):

  File "e:\mamba2\main.py", line 237, in <module>
    asyncio.run(main())
    │       │   └ <function main at 0x000002397F985D80>
    │       └ <function run at 0x00000239756B7BE0>
    └ <module 'asyncio' from 'C:\\Users\\USER\\AppData\\Roaming\\uv\\python\\cpython-3.10.17-windows-x86_64-none\\lib\\asyncio\\__i...

  File "C:\Users\USER\AppData\Roaming\uv\python\cpython-3.10.17-windows-x86_64-none\lib\asyncio\runners.py", line 44, in run
    return loop.run_until_complete(main)
           │    │                  └ <coroutine object main at 0x000002397D782B20>
           │    └ <function BaseEventLoop.run_until_complete at 0x00000239756B9630>
           └ <ProactorEventLoop running=True closed=False debug=False>

  File "C:\Users\USER\AppData\Roaming\uv\python\cpython-3.10.17-windows-x86_64-none\lib\asyncio\base_events.py", line 636, in run_until_complete
    self.run_forever()
    │    └ <function ProactorEventLoop.run_forever at 0x0000023975770670>
    └ <ProactorEventLoop running=True closed=False debug=False>

  File "C:\Users\USER\AppData\Roaming\uv\python\cpython-3.10.17-windows-x86_64-none\lib\asyncio\windows_events.py", line 321, in run_forever
    super().run_forever()

  File "C:\Users\USER\AppData\Roaming\uv\python\cpython-3.10.17-windows-x86_64-none\lib\asyncio\base_events.py", line 603, in run_forever
    self._run_once()
    │    └ <function BaseEventLoop._run_once at 0x00000239756BB0A0>
    └ <ProactorEventLoop running=True closed=False debug=False>

  File "C:\Users\USER\AppData\Roaming\uv\python\cpython-3.10.17-windows-x86_64-none\lib\asyncio\base_events.py", line 1909, in _run_once
    handle._run()
    │      └ <function Handle._run at 0x00000239756228C0>
    └ <Handle Task.task_wakeup(<Future finished result=None>)>

  File "C:\Users\USER\AppData\Roaming\uv\python\cpython-3.10.17-windows-x86_64-none\lib\asyncio\events.py", line 80, in _run
    self._context.run(self._callback, *self._args)
    │    │            │    │           │    └ <member '_args' of 'Handle' objects>
    │    │            │    │           └ <Handle Task.task_wakeup(<Future finished result=None>)>
    │    │            │    └ <member '_callback' of 'Handle' objects>
    │    │            └ <Handle Task.task_wakeup(<Future finished result=None>)>
    │    └ <member '_context' of 'Handle' objects>
    └ <Handle Task.task_wakeup(<Future finished result=None>)>

  File "e:\mamba2\mamba2\crew\day_trader.py", line 90, in run
    await self.run_strategy(symbol)
          │    │            └ 'GBPUSD'
          │    └ <function DayTrader.run_strategy at 0x000002397F9857E0>
          └ <mamba2.crew.day_trader.DayTrader object at 0x000002397F971540>

> File "e:\mamba2\mamba2\crew\day_trader.py", line 61, in run_strategy
    await self.strategies[symbol].evaluate(market_context)
          │    │          │                └ {'broker': <mamba2.broker.mt5_broker.MT5Broker object at 0x000002397F973880>, 'rate_fetcher': <RatesFetcher(RateFetcherThread...
          │    │          └ 'GBPUSD'
          │    └ {'EURUSD': <mamba2.strategy.triple_cross.StochasticTripleTFStrategy object at 0x000002397F9715D0>, 'EURJPY': <mamba2.strategy...
          └ <mamba2.crew.day_trader.DayTrader object at 0x000002397F971540>

  File "e:\mamba2\mamba2\strategy\triple_cross.py", line 134, in evaluate
    current_rsi = rsi.iloc[-1]
                  └ np.float64(58.35714730153003)

AttributeError: 'numpy.float64' object has no attribute 'iloc'
2025-06-20 14:13:31.464 | ERROR    | mamba2.crew.day_trader:run_strategy:69 - Error evaluating EURJPY: 'numpy.float64' object has no attribute 'iloc'
2025-06-20 14:13:31.464 | DEBUG    | mamba2.crew.day_trader:run_strategy:70 - Full error details
Traceback (most recent call last):

  File "e:\mamba2\main.py", line 237, in <module>
    asyncio.run(main())
    │       │   └ <function main at 0x000002397F985D80>
    │       └ <function run at 0x00000239756B7BE0>
    └ <module 'asyncio' from 'C:\\Users\\USER\\AppData\\Roaming\\uv\\python\\cpython-3.10.17-windows-x86_64-none\\lib\\asyncio\\__i...

  File "C:\Users\USER\AppData\Roaming\uv\python\cpython-3.10.17-windows-x86_64-none\lib\asyncio\runners.py", line 44, in run
    return loop.run_until_complete(main)
           │    │                  └ <coroutine object main at 0x000002397D782B20>
           │    └ <function BaseEventLoop.run_until_complete at 0x00000239756B9630>
           └ <ProactorEventLoop running=True closed=False debug=False>

  File "C:\Users\USER\AppData\Roaming\uv\python\cpython-3.10.17-windows-x86_64-none\lib\asyncio\base_events.py", line 636, in run_until_complete
    self.run_forever()
    │    └ <function ProactorEventLoop.run_forever at 0x0000023975770670>
    └ <ProactorEventLoop running=True closed=False debug=False>

  File "C:\Users\USER\AppData\Roaming\uv\python\cpython-3.10.17-windows-x86_64-none\lib\asyncio\windows_events.py", line 321, in run_forever
    super().run_forever()

  File "C:\Users\USER\AppData\Roaming\uv\python\cpython-3.10.17-windows-x86_64-none\lib\asyncio\base_events.py", line 603, in run_forever
    self._run_once()
    │    └ <function BaseEventLoop._run_once at 0x00000239756BB0A0>
    └ <ProactorEventLoop running=True closed=False debug=False>

  File "C:\Users\USER\AppData\Roaming\uv\python\cpython-3.10.17-windows-x86_64-none\lib\asyncio\base_events.py", line 1909, in _run_once
    handle._run()
    │      └ <function Handle._run at 0x00000239756228C0>
    └ <Handle Task.task_wakeup(<Future finished result=None>)>

  File "C:\Users\USER\AppData\Roaming\uv\python\cpython-3.10.17-windows-x86_64-none\lib\asyncio\events.py", line 80, in _run
    self._context.run(self._callback, *self._args)
    │    │            │    │           │    └ <member '_args' of 'Handle' objects>
    │    │            │    │           └ <Handle Task.task_wakeup(<Future finished result=None>)>
    │    │            │    └ <member '_callback' of 'Handle' objects>
    │    │            └ <Handle Task.task_wakeup(<Future finished result=None>)>
    │    └ <member '_context' of 'Handle' objects>
    └ <Handle Task.task_wakeup(<Future finished result=None>)>

  File "e:\mamba2\mamba2\crew\day_trader.py", line 90, in run
    await self.run_strategy(symbol)
          │    │            └ 'EURJPY'
          │    └ <function DayTrader.run_strategy at 0x000002397F9857E0>
          └ <mamba2.crew.day_trader.DayTrader object at 0x000002397F971540>

> File "e:\mamba2\mamba2\crew\day_trader.py", line 61, in run_strategy
    await self.strategies[symbol].evaluate(market_context)
          │    │          │                └ {'broker': <mamba2.broker.mt5_broker.MT5Broker object at 0x000002397F973880>, 'rate_fetcher': <RatesFetcher(RateFetcherThread...
          │    │          └ 'EURJPY'
          │    └ {'EURUSD': <mamba2.strategy.triple_cross.StochasticTripleTFStrategy object at 0x000002397F9715D0>, 'EURJPY': <mamba2.strategy...
          └ <mamba2.crew.day_trader.DayTrader object at 0x000002397F971540>

  File "e:\mamba2\mamba2\strategy\triple_cross.py", line 134, in evaluate
    current_rsi = rsi.iloc[-1]
                  └ np.float64(56.41859957059173)

AttributeError: 'numpy.float64' object has no attribute 'iloc'
2025-06-20 14:13:31.515 | ERROR    | mamba2.crew.day_trader:run_strategy:69 - Error evaluating GBPUSD: 'numpy.float64' object has no attribute 'iloc'
2025-06-20 14:13:31.515 | DEBUG    | mamba2.crew.day_trader:run_strategy:70 - Full error details
Traceback (most recent call last):

  File "e:\mamba2\main.py", line 237, in <module>
    asyncio.run(main())
    │       │   └ <function main at 0x000002397F985D80>
    │       └ <function run at 0x00000239756B7BE0>
    └ <module 'asyncio' from 'C:\\Users\\USER\\AppData\\Roaming\\uv\\python\\cpython-3.10.17-windows-x86_64-none\\lib\\asyncio\\__i...

  File "C:\Users\USER\AppData\Roaming\uv\python\cpython-3.10.17-windows-x86_64-none\lib\asyncio\runners.py", line 44, in run
    return loop.run_until_complete(main)
           │    │                  └ <coroutine object main at 0x000002397D782B20>
           │    └ <function BaseEventLoop.run_until_complete at 0x00000239756B9630>
           └ <ProactorEventLoop running=True closed=False debug=False>

  File "C:\Users\USER\AppData\Roaming\uv\python\cpython-3.10.17-windows-x86_64-none\lib\asyncio\base_events.py", line 636, in run_until_complete
    self.run_forever()
    │    └ <function ProactorEventLoop.run_forever at 0x0000023975770670>
    └ <ProactorEventLoop running=True closed=False debug=False>

  File "C:\Users\USER\AppData\Roaming\uv\python\cpython-3.10.17-windows-x86_64-none\lib\asyncio\windows_events.py", line 321, in run_forever
    super().run_forever()

  File "C:\Users\USER\AppData\Roaming\uv\python\cpython-3.10.17-windows-x86_64-none\lib\asyncio\base_events.py", line 603, in run_forever
    self._run_once()
    │    └ <function BaseEventLoop._run_once at 0x00000239756BB0A0>
    └ <ProactorEventLoop running=True closed=False debug=False>

  File "C:\Users\USER\AppData\Roaming\uv\python\cpython-3.10.17-windows-x86_64-none\lib\asyncio\base_events.py", line 1909, in _run_once
    handle._run()
    │      └ <function Handle._run at 0x00000239756228C0>
    └ <Handle Task.task_wakeup(<Future finished result=None>)>

  File "C:\Users\USER\AppData\Roaming\uv\python\cpython-3.10.17-windows-x86_64-none\lib\asyncio\events.py", line 80, in _run
    self._context.run(self._callback, *self._args)
    │    │            │    │           │    └ <member '_args' of 'Handle' objects>
    │    │            │    │           └ <Handle Task.task_wakeup(<Future finished result=None>)>
    │    │            │    └ <member '_callback' of 'Handle' objects>
    │    │            └ <Handle Task.task_wakeup(<Future finished result=None>)>
    │    └ <member '_context' of 'Handle' objects>
    └ <Handle Task.task_wakeup(<Future finished result=None>)>

  File "e:\mamba2\mamba2\crew\day_trader.py", line 90, in run
    await self.run_strategy(symbol)
          │    │            └ 'GBPUSD'
          │    └ <function DayTrader.run_strategy at 0x000002397F9857E0>
          └ <mamba2.crew.day_trader.DayTrader object at 0x000002397F971540>

> File "e:\mamba2\mamba2\crew\day_trader.py", line 61, in run_strategy
    await self.strategies[symbol].evaluate(market_context)
          │    │          │                └ {'broker': <mamba2.broker.mt5_broker.MT5Broker object at 0x000002397F973880>, 'rate_fetcher': <RatesFetcher(RateFetcherThread...
          │    │          └ 'GBPUSD'
          │    └ {'EURUSD': <mamba2.strategy.triple_cross.StochasticTripleTFStrategy object at 0x000002397F9715D0>, 'EURJPY': <mamba2.strategy...
          └ <mamba2.crew.day_trader.DayTrader object at 0x000002397F971540>

  File "e:\mamba2\mamba2\strategy\triple_cross.py", line 134, in evaluate
    current_rsi = rsi.iloc[-1]
                  └ np.float64(58.35714730153003)

AttributeError: 'numpy.float64' object has no attribute 'iloc'
2025-06-20 14:14:01.614 | ERROR    | mamba2.crew.day_trader:run_strategy:69 - Error evaluating EURJPY: 'numpy.float64' object has no attribute 'iloc'
2025-06-20 14:14:01.614 | DEBUG    | mamba2.crew.day_trader:run_strategy:70 - Full error details
Traceback (most recent call last):

  File "e:\mamba2\main.py", line 237, in <module>
    asyncio.run(main())
    │       │   └ <function main at 0x000002397F985D80>
    │       └ <function run at 0x00000239756B7BE0>
    └ <module 'asyncio' from 'C:\\Users\\USER\\AppData\\Roaming\\uv\\python\\cpython-3.10.17-windows-x86_64-none\\lib\\asyncio\\__i...

  File "C:\Users\USER\AppData\Roaming\uv\python\cpython-3.10.17-windows-x86_64-none\lib\asyncio\runners.py", line 44, in run
    return loop.run_until_complete(main)
           │    │                  └ <coroutine object main at 0x000002397D782B20>
           │    └ <function BaseEventLoop.run_until_complete at 0x00000239756B9630>
           └ <ProactorEventLoop running=True closed=False debug=False>

  File "C:\Users\USER\AppData\Roaming\uv\python\cpython-3.10.17-windows-x86_64-none\lib\asyncio\base_events.py", line 636, in run_until_complete
    self.run_forever()
    │    └ <function ProactorEventLoop.run_forever at 0x0000023975770670>
    └ <ProactorEventLoop running=True closed=False debug=False>

  File "C:\Users\USER\AppData\Roaming\uv\python\cpython-3.10.17-windows-x86_64-none\lib\asyncio\windows_events.py", line 321, in run_forever
    super().run_forever()

  File "C:\Users\USER\AppData\Roaming\uv\python\cpython-3.10.17-windows-x86_64-none\lib\asyncio\base_events.py", line 603, in run_forever
    self._run_once()
    │    └ <function BaseEventLoop._run_once at 0x00000239756BB0A0>
    └ <ProactorEventLoop running=True closed=False debug=False>

  File "C:\Users\USER\AppData\Roaming\uv\python\cpython-3.10.17-windows-x86_64-none\lib\asyncio\base_events.py", line 1909, in _run_once
    handle._run()
    │      └ <function Handle._run at 0x00000239756228C0>
    └ <Handle Task.task_wakeup(<Future finished result=None>)>

  File "C:\Users\USER\AppData\Roaming\uv\python\cpython-3.10.17-windows-x86_64-none\lib\asyncio\events.py", line 80, in _run
    self._context.run(self._callback, *self._args)
    │    │            │    │           │    └ <member '_args' of 'Handle' objects>
    │    │            │    │           └ <Handle Task.task_wakeup(<Future finished result=None>)>
    │    │            │    └ <member '_callback' of 'Handle' objects>
    │    │            └ <Handle Task.task_wakeup(<Future finished result=None>)>
    │    └ <member '_context' of 'Handle' objects>
    └ <Handle Task.task_wakeup(<Future finished result=None>)>

  File "e:\mamba2\mamba2\crew\day_trader.py", line 90, in run
    await self.run_strategy(symbol)
          │    │            └ 'EURJPY'
          │    └ <function DayTrader.run_strategy at 0x000002397F9857E0>
          └ <mamba2.crew.day_trader.DayTrader object at 0x000002397F971540>

> File "e:\mamba2\mamba2\crew\day_trader.py", line 61, in run_strategy
    await self.strategies[symbol].evaluate(market_context)
          │    │          │                └ {'broker': <mamba2.broker.mt5_broker.MT5Broker object at 0x000002397F973880>, 'rate_fetcher': <RatesFetcher(RateFetcherThread...
          │    │          └ 'EURJPY'
          │    └ {'EURUSD': <mamba2.strategy.triple_cross.StochasticTripleTFStrategy object at 0x000002397F9715D0>, 'EURJPY': <mamba2.strategy...
          └ <mamba2.crew.day_trader.DayTrader object at 0x000002397F971540>

  File "e:\mamba2\mamba2\strategy\triple_cross.py", line 134, in evaluate
    current_rsi = rsi.iloc[-1]
                  └ np.float64(56.41859957059173)

AttributeError: 'numpy.float64' object has no attribute 'iloc'
2025-06-20 14:14:01.703 | ERROR    | mamba2.crew.day_trader:run_strategy:69 - Error evaluating GBPUSD: 'numpy.float64' object has no attribute 'iloc'
2025-06-20 14:14:01.704 | DEBUG    | mamba2.crew.day_trader:run_strategy:70 - Full error details
Traceback (most recent call last):

  File "e:\mamba2\main.py", line 237, in <module>
    asyncio.run(main())
    │       │   └ <function main at 0x000002397F985D80>
    │       └ <function run at 0x00000239756B7BE0>
    └ <module 'asyncio' from 'C:\\Users\\USER\\AppData\\Roaming\\uv\\python\\cpython-3.10.17-windows-x86_64-none\\lib\\asyncio\\__i...

  File "C:\Users\USER\AppData\Roaming\uv\python\cpython-3.10.17-windows-x86_64-none\lib\asyncio\runners.py", line 44, in run
    return loop.run_until_complete(main)
           │    │                  └ <coroutine object main at 0x000002397D782B20>
           │    └ <function BaseEventLoop.run_until_complete at 0x00000239756B9630>
           └ <ProactorEventLoop running=True closed=False debug=False>

  File "C:\Users\USER\AppData\Roaming\uv\python\cpython-3.10.17-windows-x86_64-none\lib\asyncio\base_events.py", line 636, in run_until_complete
    self.run_forever()
    │    └ <function ProactorEventLoop.run_forever at 0x0000023975770670>
    └ <ProactorEventLoop running=True closed=False debug=False>

  File "C:\Users\USER\AppData\Roaming\uv\python\cpython-3.10.17-windows-x86_64-none\lib\asyncio\windows_events.py", line 321, in run_forever
    super().run_forever()

  File "C:\Users\USER\AppData\Roaming\uv\python\cpython-3.10.17-windows-x86_64-none\lib\asyncio\base_events.py", line 603, in run_forever
    self._run_once()
    │    └ <function BaseEventLoop._run_once at 0x00000239756BB0A0>
    └ <ProactorEventLoop running=True closed=False debug=False>

  File "C:\Users\USER\AppData\Roaming\uv\python\cpython-3.10.17-windows-x86_64-none\lib\asyncio\base_events.py", line 1909, in _run_once
    handle._run()
    │      └ <function Handle._run at 0x00000239756228C0>
    └ <Handle Task.task_wakeup(<Future finished result=None>)>

  File "C:\Users\USER\AppData\Roaming\uv\python\cpython-3.10.17-windows-x86_64-none\lib\asyncio\events.py", line 80, in _run
    self._context.run(self._callback, *self._args)
    │    │            │    │           │    └ <member '_args' of 'Handle' objects>
    │    │            │    │           └ <Handle Task.task_wakeup(<Future finished result=None>)>
    │    │            │    └ <member '_callback' of 'Handle' objects>
    │    │            └ <Handle Task.task_wakeup(<Future finished result=None>)>
    │    └ <member '_context' of 'Handle' objects>
    └ <Handle Task.task_wakeup(<Future finished result=None>)>

  File "e:\mamba2\mamba2\crew\day_trader.py", line 90, in run
    await self.run_strategy(symbol)
          │    │            └ 'GBPUSD'
          │    └ <function DayTrader.run_strategy at 0x000002397F9857E0>
          └ <mamba2.crew.day_trader.DayTrader object at 0x000002397F971540>

> File "e:\mamba2\mamba2\crew\day_trader.py", line 61, in run_strategy
    await self.strategies[symbol].evaluate(market_context)
          │    │          │                └ {'broker': <mamba2.broker.mt5_broker.MT5Broker object at 0x000002397F973880>, 'rate_fetcher': <RatesFetcher(RateFetcherThread...
          │    │          └ 'GBPUSD'
          │    └ {'EURUSD': <mamba2.strategy.triple_cross.StochasticTripleTFStrategy object at 0x000002397F9715D0>, 'EURJPY': <mamba2.strategy...
          └ <mamba2.crew.day_trader.DayTrader object at 0x000002397F971540>

  File "e:\mamba2\mamba2\strategy\triple_cross.py", line 134, in evaluate
    current_rsi = rsi.iloc[-1]
                  └ np.float64(58.35714730153003)

AttributeError: 'numpy.float64' object has no attribute 'iloc'
2025-06-20 14:14:31.839 | ERROR    | mamba2.crew.day_trader:run_strategy:69 - Error evaluating EURJPY: 'numpy.float64' object has no attribute 'iloc'
2025-06-20 14:14:31.839 | DEBUG    | mamba2.crew.day_trader:run_strategy:70 - Full error details
Traceback (most recent call last):

  File "e:\mamba2\main.py", line 237, in <module>
    asyncio.run(main())
    │       │   └ <function main at 0x000002397F985D80>
    │       └ <function run at 0x00000239756B7BE0>
    └ <module 'asyncio' from 'C:\\Users\\USER\\AppData\\Roaming\\uv\\python\\cpython-3.10.17-windows-x86_64-none\\lib\\asyncio\\__i...

  File "C:\Users\USER\AppData\Roaming\uv\python\cpython-3.10.17-windows-x86_64-none\lib\asyncio\runners.py", line 44, in run
    return loop.run_until_complete(main)
           │    │                  └ <coroutine object main at 0x000002397D782B20>
           │    └ <function BaseEventLoop.run_until_complete at 0x00000239756B9630>
           └ <ProactorEventLoop running=True closed=False debug=False>

  File "C:\Users\USER\AppData\Roaming\uv\python\cpython-3.10.17-windows-x86_64-none\lib\asyncio\base_events.py", line 636, in run_until_complete
    self.run_forever()
    │    └ <function ProactorEventLoop.run_forever at 0x0000023975770670>
    └ <ProactorEventLoop running=True closed=False debug=False>

  File "C:\Users\USER\AppData\Roaming\uv\python\cpython-3.10.17-windows-x86_64-none\lib\asyncio\windows_events.py", line 321, in run_forever
    super().run_forever()

  File "C:\Users\USER\AppData\Roaming\uv\python\cpython-3.10.17-windows-x86_64-none\lib\asyncio\base_events.py", line 603, in run_forever
    self._run_once()
    │    └ <function BaseEventLoop._run_once at 0x00000239756BB0A0>
    └ <ProactorEventLoop running=True closed=False debug=False>

  File "C:\Users\USER\AppData\Roaming\uv\python\cpython-3.10.17-windows-x86_64-none\lib\asyncio\base_events.py", line 1909, in _run_once
    handle._run()
    │      └ <function Handle._run at 0x00000239756228C0>
    └ <Handle Task.task_wakeup(<Future finished result=None>)>

  File "C:\Users\USER\AppData\Roaming\uv\python\cpython-3.10.17-windows-x86_64-none\lib\asyncio\events.py", line 80, in _run
    self._context.run(self._callback, *self._args)
    │    │            │    │           │    └ <member '_args' of 'Handle' objects>
    │    │            │    │           └ <Handle Task.task_wakeup(<Future finished result=None>)>
    │    │            │    └ <member '_callback' of 'Handle' objects>
    │    │            └ <Handle Task.task_wakeup(<Future finished result=None>)>
    │    └ <member '_context' of 'Handle' objects>
    └ <Handle Task.task_wakeup(<Future finished result=None>)>

  File "e:\mamba2\mamba2\crew\day_trader.py", line 90, in run
    await self.run_strategy(symbol)
          │    │            └ 'EURJPY'
          │    └ <function DayTrader.run_strategy at 0x000002397F9857E0>
          └ <mamba2.crew.day_trader.DayTrader object at 0x000002397F971540>

> File "e:\mamba2\mamba2\crew\day_trader.py", line 61, in run_strategy
    await self.strategies[symbol].evaluate(market_context)
          │    │          │                └ {'broker': <mamba2.broker.mt5_broker.MT5Broker object at 0x000002397F973880>, 'rate_fetcher': <RatesFetcher(RateFetcherThread...
          │    │          └ 'EURJPY'
          │    └ {'EURUSD': <mamba2.strategy.triple_cross.StochasticTripleTFStrategy object at 0x000002397F9715D0>, 'EURJPY': <mamba2.strategy...
          └ <mamba2.crew.day_trader.DayTrader object at 0x000002397F971540>

  File "e:\mamba2\mamba2\strategy\triple_cross.py", line 134, in evaluate
    current_rsi = rsi.iloc[-1]
                  └ np.float64(56.41859957059173)

AttributeError: 'numpy.float64' object has no attribute 'iloc'
2025-06-20 14:14:31.910 | ERROR    | mamba2.crew.day_trader:run_strategy:69 - Error evaluating GBPUSD: 'numpy.float64' object has no attribute 'iloc'
2025-06-20 14:14:31.912 | DEBUG    | mamba2.crew.day_trader:run_strategy:70 - Full error details
Traceback (most recent call last):

  File "e:\mamba2\main.py", line 237, in <module>
    asyncio.run(main())
    │       │   └ <function main at 0x000002397F985D80>
    │       └ <function run at 0x00000239756B7BE0>
    └ <module 'asyncio' from 'C:\\Users\\USER\\AppData\\Roaming\\uv\\python\\cpython-3.10.17-windows-x86_64-none\\lib\\asyncio\\__i...

  File "C:\Users\USER\AppData\Roaming\uv\python\cpython-3.10.17-windows-x86_64-none\lib\asyncio\runners.py", line 44, in run
    return loop.run_until_complete(main)
           │    │                  └ <coroutine object main at 0x000002397D782B20>
           │    └ <function BaseEventLoop.run_until_complete at 0x00000239756B9630>
           └ <ProactorEventLoop running=True closed=False debug=False>

  File "C:\Users\USER\AppData\Roaming\uv\python\cpython-3.10.17-windows-x86_64-none\lib\asyncio\base_events.py", line 636, in run_until_complete
    self.run_forever()
    │    └ <function ProactorEventLoop.run_forever at 0x0000023975770670>
    └ <ProactorEventLoop running=True closed=False debug=False>

  File "C:\Users\USER\AppData\Roaming\uv\python\cpython-3.10.17-windows-x86_64-none\lib\asyncio\windows_events.py", line 321, in run_forever
    super().run_forever()

  File "C:\Users\USER\AppData\Roaming\uv\python\cpython-3.10.17-windows-x86_64-none\lib\asyncio\base_events.py", line 603, in run_forever
    self._run_once()
    │    └ <function BaseEventLoop._run_once at 0x00000239756BB0A0>
    └ <ProactorEventLoop running=True closed=False debug=False>

  File "C:\Users\USER\AppData\Roaming\uv\python\cpython-3.10.17-windows-x86_64-none\lib\asyncio\base_events.py", line 1909, in _run_once
    handle._run()
    │      └ <function Handle._run at 0x00000239756228C0>
    └ <Handle Task.task_wakeup(<Future finished result=None>)>

  File "C:\Users\USER\AppData\Roaming\uv\python\cpython-3.10.17-windows-x86_64-none\lib\asyncio\events.py", line 80, in _run
    self._context.run(self._callback, *self._args)
    │    │            │    │           │    └ <member '_args' of 'Handle' objects>
    │    │            │    │           └ <Handle Task.task_wakeup(<Future finished result=None>)>
    │    │            │    └ <member '_callback' of 'Handle' objects>
    │    │            └ <Handle Task.task_wakeup(<Future finished result=None>)>
    │    └ <member '_context' of 'Handle' objects>
    └ <Handle Task.task_wakeup(<Future finished result=None>)>

  File "e:\mamba2\mamba2\crew\day_trader.py", line 90, in run
    await self.run_strategy(symbol)
          │    │            └ 'GBPUSD'
          │    └ <function DayTrader.run_strategy at 0x000002397F9857E0>
          └ <mamba2.crew.day_trader.DayTrader object at 0x000002397F971540>

> File "e:\mamba2\mamba2\crew\day_trader.py", line 61, in run_strategy
    await self.strategies[symbol].evaluate(market_context)
          │    │          │                └ {'broker': <mamba2.broker.mt5_broker.MT5Broker object at 0x000002397F973880>, 'rate_fetcher': <RatesFetcher(RateFetcherThread...
          │    │          └ 'GBPUSD'
          │    └ {'EURUSD': <mamba2.strategy.triple_cross.StochasticTripleTFStrategy object at 0x000002397F9715D0>, 'EURJPY': <mamba2.strategy...
          └ <mamba2.crew.day_trader.DayTrader object at 0x000002397F971540>

  File "e:\mamba2\mamba2\strategy\triple_cross.py", line 134, in evaluate
    current_rsi = rsi.iloc[-1]
                  └ np.float64(58.35714730153003)

AttributeError: 'numpy.float64' object has no attribute 'iloc'
2025-06-20 14:15:01.995 | ERROR    | mamba2.crew.day_trader:run_strategy:69 - Error evaluating EURJPY: 'numpy.float64' object has no attribute 'iloc'
2025-06-20 14:15:01.995 | DEBUG    | mamba2.crew.day_trader:run_strategy:70 - Full error details
Traceback (most recent call last):

  File "e:\mamba2\main.py", line 237, in <module>
    asyncio.run(main())
    │       │   └ <function main at 0x000002397F985D80>
    │       └ <function run at 0x00000239756B7BE0>
    └ <module 'asyncio' from 'C:\\Users\\USER\\AppData\\Roaming\\uv\\python\\cpython-3.10.17-windows-x86_64-none\\lib\\asyncio\\__i...

  File "C:\Users\USER\AppData\Roaming\uv\python\cpython-3.10.17-windows-x86_64-none\lib\asyncio\runners.py", line 44, in run
    return loop.run_until_complete(main)
           │    │                  └ <coroutine object main at 0x000002397D782B20>
           │    └ <function BaseEventLoop.run_until_complete at 0x00000239756B9630>
           └ <ProactorEventLoop running=True closed=False debug=False>

  File "C:\Users\USER\AppData\Roaming\uv\python\cpython-3.10.17-windows-x86_64-none\lib\asyncio\base_events.py", line 636, in run_until_complete
    self.run_forever()
    │    └ <function ProactorEventLoop.run_forever at 0x0000023975770670>
    └ <ProactorEventLoop running=True closed=False debug=False>

  File "C:\Users\USER\AppData\Roaming\uv\python\cpython-3.10.17-windows-x86_64-none\lib\asyncio\windows_events.py", line 321, in run_forever
    super().run_forever()

  File "C:\Users\USER\AppData\Roaming\uv\python\cpython-3.10.17-windows-x86_64-none\lib\asyncio\base_events.py", line 603, in run_forever
    self._run_once()
    │    └ <function BaseEventLoop._run_once at 0x00000239756BB0A0>
    └ <ProactorEventLoop running=True closed=False debug=False>

  File "C:\Users\USER\AppData\Roaming\uv\python\cpython-3.10.17-windows-x86_64-none\lib\asyncio\base_events.py", line 1909, in _run_once
    handle._run()
    │      └ <function Handle._run at 0x00000239756228C0>
    └ <Handle Task.task_wakeup(<Future finished result=None>)>

  File "C:\Users\USER\AppData\Roaming\uv\python\cpython-3.10.17-windows-x86_64-none\lib\asyncio\events.py", line 80, in _run
    self._context.run(self._callback, *self._args)
    │    │            │    │           │    └ <member '_args' of 'Handle' objects>
    │    │            │    │           └ <Handle Task.task_wakeup(<Future finished result=None>)>
    │    │            │    └ <member '_callback' of 'Handle' objects>
    │    │            └ <Handle Task.task_wakeup(<Future finished result=None>)>
    │    └ <member '_context' of 'Handle' objects>
    └ <Handle Task.task_wakeup(<Future finished result=None>)>

  File "e:\mamba2\mamba2\crew\day_trader.py", line 90, in run
    await self.run_strategy(symbol)
          │    │            └ 'EURJPY'
          │    └ <function DayTrader.run_strategy at 0x000002397F9857E0>
          └ <mamba2.crew.day_trader.DayTrader object at 0x000002397F971540>

> File "e:\mamba2\mamba2\crew\day_trader.py", line 61, in run_strategy
    await self.strategies[symbol].evaluate(market_context)
          │    │          │                └ {'broker': <mamba2.broker.mt5_broker.MT5Broker object at 0x000002397F973880>, 'rate_fetcher': <RatesFetcher(RateFetcherThread...
          │    │          └ 'EURJPY'
          │    └ {'EURUSD': <mamba2.strategy.triple_cross.StochasticTripleTFStrategy object at 0x000002397F9715D0>, 'EURJPY': <mamba2.strategy...
          └ <mamba2.crew.day_trader.DayTrader object at 0x000002397F971540>

  File "e:\mamba2\mamba2\strategy\triple_cross.py", line 134, in evaluate
    current_rsi = rsi.iloc[-1]
                  └ np.float64(56.41859957059173)

AttributeError: 'numpy.float64' object has no attribute 'iloc'
2025-06-20 14:15:02.039 | ERROR    | mamba2.crew.day_trader:run_strategy:69 - Error evaluating GBPUSD: 'numpy.float64' object has no attribute 'iloc'
2025-06-20 14:15:02.039 | DEBUG    | mamba2.crew.day_trader:run_strategy:70 - Full error details
Traceback (most recent call last):

  File "e:\mamba2\main.py", line 237, in <module>
    asyncio.run(main())
    │       │   └ <function main at 0x000002397F985D80>
    │       └ <function run at 0x00000239756B7BE0>
    └ <module 'asyncio' from 'C:\\Users\\USER\\AppData\\Roaming\\uv\\python\\cpython-3.10.17-windows-x86_64-none\\lib\\asyncio\\__i...

  File "C:\Users\USER\AppData\Roaming\uv\python\cpython-3.10.17-windows-x86_64-none\lib\asyncio\runners.py", line 44, in run
    return loop.run_until_complete(main)
           │    │                  └ <coroutine object main at 0x000002397D782B20>
           │    └ <function BaseEventLoop.run_until_complete at 0x00000239756B9630>
           └ <ProactorEventLoop running=True closed=False debug=False>

  File "C:\Users\USER\AppData\Roaming\uv\python\cpython-3.10.17-windows-x86_64-none\lib\asyncio\base_events.py", line 636, in run_until_complete
    self.run_forever()
    │    └ <function ProactorEventLoop.run_forever at 0x0000023975770670>
    └ <ProactorEventLoop running=True closed=False debug=False>

  File "C:\Users\USER\AppData\Roaming\uv\python\cpython-3.10.17-windows-x86_64-none\lib\asyncio\windows_events.py", line 321, in run_forever
    super().run_forever()

  File "C:\Users\USER\AppData\Roaming\uv\python\cpython-3.10.17-windows-x86_64-none\lib\asyncio\base_events.py", line 603, in run_forever
    self._run_once()
    │    └ <function BaseEventLoop._run_once at 0x00000239756BB0A0>
    └ <ProactorEventLoop running=True closed=False debug=False>

  File "C:\Users\USER\AppData\Roaming\uv\python\cpython-3.10.17-windows-x86_64-none\lib\asyncio\base_events.py", line 1909, in _run_once
    handle._run()
    │      └ <function Handle._run at 0x00000239756228C0>
    └ <Handle Task.task_wakeup(<Future finished result=None>)>

  File "C:\Users\USER\AppData\Roaming\uv\python\cpython-3.10.17-windows-x86_64-none\lib\asyncio\events.py", line 80, in _run
    self._context.run(self._callback, *self._args)
    │    │            │    │           │    └ <member '_args' of 'Handle' objects>
    │    │            │    │           └ <Handle Task.task_wakeup(<Future finished result=None>)>
    │    │            │    └ <member '_callback' of 'Handle' objects>
    │    │            └ <Handle Task.task_wakeup(<Future finished result=None>)>
    │    └ <member '_context' of 'Handle' objects>
    └ <Handle Task.task_wakeup(<Future finished result=None>)>

  File "e:\mamba2\mamba2\crew\day_trader.py", line 90, in run
    await self.run_strategy(symbol)
          │    │            └ 'GBPUSD'
          │    └ <function DayTrader.run_strategy at 0x000002397F9857E0>
          └ <mamba2.crew.day_trader.DayTrader object at 0x000002397F971540>

> File "e:\mamba2\mamba2\crew\day_trader.py", line 61, in run_strategy
    await self.strategies[symbol].evaluate(market_context)
          │    │          │                └ {'broker': <mamba2.broker.mt5_broker.MT5Broker object at 0x000002397F973880>, 'rate_fetcher': <RatesFetcher(RateFetcherThread...
          │    │          └ 'GBPUSD'
          │    └ {'EURUSD': <mamba2.strategy.triple_cross.StochasticTripleTFStrategy object at 0x000002397F9715D0>, 'EURJPY': <mamba2.strategy...
          └ <mamba2.crew.day_trader.DayTrader object at 0x000002397F971540>

  File "e:\mamba2\mamba2\strategy\triple_cross.py", line 134, in evaluate
    current_rsi = rsi.iloc[-1]
                  └ np.float64(58.35714730153003)

AttributeError: 'numpy.float64' object has no attribute 'iloc'
2025-06-20 14:15:32.176 | ERROR    | mamba2.crew.day_trader:run_strategy:69 - Error evaluating EURJPY: 'numpy.float64' object has no attribute 'iloc'
2025-06-20 14:15:32.177 | DEBUG    | mamba2.crew.day_trader:run_strategy:70 - Full error details
Traceback (most recent call last):

  File "e:\mamba2\main.py", line 237, in <module>
    asyncio.run(main())
    │       │   └ <function main at 0x000002397F985D80>
    │       └ <function run at 0x00000239756B7BE0>
    └ <module 'asyncio' from 'C:\\Users\\USER\\AppData\\Roaming\\uv\\python\\cpython-3.10.17-windows-x86_64-none\\lib\\asyncio\\__i...

  File "C:\Users\USER\AppData\Roaming\uv\python\cpython-3.10.17-windows-x86_64-none\lib\asyncio\runners.py", line 44, in run
    return loop.run_until_complete(main)
           │    │                  └ <coroutine object main at 0x000002397D782B20>
           │    └ <function BaseEventLoop.run_until_complete at 0x00000239756B9630>
           └ <ProactorEventLoop running=True closed=False debug=False>

  File "C:\Users\USER\AppData\Roaming\uv\python\cpython-3.10.17-windows-x86_64-none\lib\asyncio\base_events.py", line 636, in run_until_complete
    self.run_forever()
    │    └ <function ProactorEventLoop.run_forever at 0x0000023975770670>
    └ <ProactorEventLoop running=True closed=False debug=False>

  File "C:\Users\USER\AppData\Roaming\uv\python\cpython-3.10.17-windows-x86_64-none\lib\asyncio\windows_events.py", line 321, in run_forever
    super().run_forever()

  File "C:\Users\USER\AppData\Roaming\uv\python\cpython-3.10.17-windows-x86_64-none\lib\asyncio\base_events.py", line 603, in run_forever
    self._run_once()
    │    └ <function BaseEventLoop._run_once at 0x00000239756BB0A0>
    └ <ProactorEventLoop running=True closed=False debug=False>

  File "C:\Users\USER\AppData\Roaming\uv\python\cpython-3.10.17-windows-x86_64-none\lib\asyncio\base_events.py", line 1909, in _run_once
    handle._run()
    │      └ <function Handle._run at 0x00000239756228C0>
    └ <Handle Task.task_wakeup(<Future finished result=None>)>

  File "C:\Users\USER\AppData\Roaming\uv\python\cpython-3.10.17-windows-x86_64-none\lib\asyncio\events.py", line 80, in _run
    self._context.run(self._callback, *self._args)
    │    │            │    │           │    └ <member '_args' of 'Handle' objects>
    │    │            │    │           └ <Handle Task.task_wakeup(<Future finished result=None>)>
    │    │            │    └ <member '_callback' of 'Handle' objects>
    │    │            └ <Handle Task.task_wakeup(<Future finished result=None>)>
    │    └ <member '_context' of 'Handle' objects>
    └ <Handle Task.task_wakeup(<Future finished result=None>)>

  File "e:\mamba2\mamba2\crew\day_trader.py", line 90, in run
    await self.run_strategy(symbol)
          │    │            └ 'EURJPY'
          │    └ <function DayTrader.run_strategy at 0x000002397F9857E0>
          └ <mamba2.crew.day_trader.DayTrader object at 0x000002397F971540>

> File "e:\mamba2\mamba2\crew\day_trader.py", line 61, in run_strategy
    await self.strategies[symbol].evaluate(market_context)
          │    │          │                └ {'broker': <mamba2.broker.mt5_broker.MT5Broker object at 0x000002397F973880>, 'rate_fetcher': <RatesFetcher(RateFetcherThread...
          │    │          └ 'EURJPY'
          │    └ {'EURUSD': <mamba2.strategy.triple_cross.StochasticTripleTFStrategy object at 0x000002397F9715D0>, 'EURJPY': <mamba2.strategy...
          └ <mamba2.crew.day_trader.DayTrader object at 0x000002397F971540>

  File "e:\mamba2\mamba2\strategy\triple_cross.py", line 134, in evaluate
    current_rsi = rsi.iloc[-1]
                  └ np.float64(54.4563773054589)

AttributeError: 'numpy.float64' object has no attribute 'iloc'
2025-06-20 14:15:32.321 | ERROR    | mamba2.crew.day_trader:run_strategy:69 - Error evaluating GBPUSD: 'numpy.float64' object has no attribute 'iloc'
2025-06-20 14:15:32.332 | DEBUG    | mamba2.crew.day_trader:run_strategy:70 - Full error details
Traceback (most recent call last):

  File "e:\mamba2\main.py", line 237, in <module>
    asyncio.run(main())
    │       │   └ <function main at 0x000002397F985D80>
    │       └ <function run at 0x00000239756B7BE0>
    └ <module 'asyncio' from 'C:\\Users\\USER\\AppData\\Roaming\\uv\\python\\cpython-3.10.17-windows-x86_64-none\\lib\\asyncio\\__i...

  File "C:\Users\USER\AppData\Roaming\uv\python\cpython-3.10.17-windows-x86_64-none\lib\asyncio\runners.py", line 44, in run
    return loop.run_until_complete(main)
           │    │                  └ <coroutine object main at 0x000002397D782B20>
           │    └ <function BaseEventLoop.run_until_complete at 0x00000239756B9630>
           └ <ProactorEventLoop running=True closed=False debug=False>

  File "C:\Users\USER\AppData\Roaming\uv\python\cpython-3.10.17-windows-x86_64-none\lib\asyncio\base_events.py", line 636, in run_until_complete
    self.run_forever()
    │    └ <function ProactorEventLoop.run_forever at 0x0000023975770670>
    └ <ProactorEventLoop running=True closed=False debug=False>

  File "C:\Users\USER\AppData\Roaming\uv\python\cpython-3.10.17-windows-x86_64-none\lib\asyncio\windows_events.py", line 321, in run_forever
    super().run_forever()

  File "C:\Users\USER\AppData\Roaming\uv\python\cpython-3.10.17-windows-x86_64-none\lib\asyncio\base_events.py", line 603, in run_forever
    self._run_once()
    │    └ <function BaseEventLoop._run_once at 0x00000239756BB0A0>
    └ <ProactorEventLoop running=True closed=False debug=False>

  File "C:\Users\USER\AppData\Roaming\uv\python\cpython-3.10.17-windows-x86_64-none\lib\asyncio\base_events.py", line 1909, in _run_once
    handle._run()
    │      └ <function Handle._run at 0x00000239756228C0>
    └ <Handle Task.task_wakeup(<Future finished result=None>)>

  File "C:\Users\USER\AppData\Roaming\uv\python\cpython-3.10.17-windows-x86_64-none\lib\asyncio\events.py", line 80, in _run
    self._context.run(self._callback, *self._args)
    │    │            │    │           │    └ <member '_args' of 'Handle' objects>
    │    │            │    │           └ <Handle Task.task_wakeup(<Future finished result=None>)>
    │    │            │    └ <member '_callback' of 'Handle' objects>
    │    │            └ <Handle Task.task_wakeup(<Future finished result=None>)>
    │    └ <member '_context' of 'Handle' objects>
    └ <Handle Task.task_wakeup(<Future finished result=None>)>

  File "e:\mamba2\mamba2\crew\day_trader.py", line 90, in run
    await self.run_strategy(symbol)
          │    │            └ 'GBPUSD'
          │    └ <function DayTrader.run_strategy at 0x000002397F9857E0>
          └ <mamba2.crew.day_trader.DayTrader object at 0x000002397F971540>

> File "e:\mamba2\mamba2\crew\day_trader.py", line 61, in run_strategy
    await self.strategies[symbol].evaluate(market_context)
          │    │          │                └ {'broker': <mamba2.broker.mt5_broker.MT5Broker object at 0x000002397F973880>, 'rate_fetcher': <RatesFetcher(RateFetcherThread...
          │    │          └ 'GBPUSD'
          │    └ {'EURUSD': <mamba2.strategy.triple_cross.StochasticTripleTFStrategy object at 0x000002397F9715D0>, 'EURJPY': <mamba2.strategy...
          └ <mamba2.crew.day_trader.DayTrader object at 0x000002397F971540>

  File "e:\mamba2\mamba2\strategy\triple_cross.py", line 134, in evaluate
    current_rsi = rsi.iloc[-1]
                  └ np.float64(50.61191210383684)

AttributeError: 'numpy.float64' object has no attribute 'iloc'
2025-06-20 14:16:02.398 | ERROR    | mamba2.crew.day_trader:run_strategy:69 - Error evaluating EURJPY: 'numpy.float64' object has no attribute 'iloc'
2025-06-20 14:16:02.398 | DEBUG    | mamba2.crew.day_trader:run_strategy:70 - Full error details
Traceback (most recent call last):

  File "e:\mamba2\main.py", line 237, in <module>
    asyncio.run(main())
    │       │   └ <function main at 0x000002397F985D80>
    │       └ <function run at 0x00000239756B7BE0>
    └ <module 'asyncio' from 'C:\\Users\\USER\\AppData\\Roaming\\uv\\python\\cpython-3.10.17-windows-x86_64-none\\lib\\asyncio\\__i...

  File "C:\Users\USER\AppData\Roaming\uv\python\cpython-3.10.17-windows-x86_64-none\lib\asyncio\runners.py", line 44, in run
    return loop.run_until_complete(main)
           │    │                  └ <coroutine object main at 0x000002397D782B20>
           │    └ <function BaseEventLoop.run_until_complete at 0x00000239756B9630>
           └ <ProactorEventLoop running=True closed=False debug=False>

  File "C:\Users\USER\AppData\Roaming\uv\python\cpython-3.10.17-windows-x86_64-none\lib\asyncio\base_events.py", line 636, in run_until_complete
    self.run_forever()
    │    └ <function ProactorEventLoop.run_forever at 0x0000023975770670>
    └ <ProactorEventLoop running=True closed=False debug=False>

  File "C:\Users\USER\AppData\Roaming\uv\python\cpython-3.10.17-windows-x86_64-none\lib\asyncio\windows_events.py", line 321, in run_forever
    super().run_forever()

  File "C:\Users\USER\AppData\Roaming\uv\python\cpython-3.10.17-windows-x86_64-none\lib\asyncio\base_events.py", line 603, in run_forever
    self._run_once()
    │    └ <function BaseEventLoop._run_once at 0x00000239756BB0A0>
    └ <ProactorEventLoop running=True closed=False debug=False>

  File "C:\Users\USER\AppData\Roaming\uv\python\cpython-3.10.17-windows-x86_64-none\lib\asyncio\base_events.py", line 1909, in _run_once
    handle._run()
    │      └ <function Handle._run at 0x00000239756228C0>
    └ <Handle Task.task_wakeup(<Future finished result=None>)>

  File "C:\Users\USER\AppData\Roaming\uv\python\cpython-3.10.17-windows-x86_64-none\lib\asyncio\events.py", line 80, in _run
    self._context.run(self._callback, *self._args)
    │    │            │    │           │    └ <member '_args' of 'Handle' objects>
    │    │            │    │           └ <Handle Task.task_wakeup(<Future finished result=None>)>
    │    │            │    └ <member '_callback' of 'Handle' objects>
    │    │            └ <Handle Task.task_wakeup(<Future finished result=None>)>
    │    └ <member '_context' of 'Handle' objects>
    └ <Handle Task.task_wakeup(<Future finished result=None>)>

  File "e:\mamba2\mamba2\crew\day_trader.py", line 90, in run
    await self.run_strategy(symbol)
          │    │            └ 'EURJPY'
          │    └ <function DayTrader.run_strategy at 0x000002397F9857E0>
          └ <mamba2.crew.day_trader.DayTrader object at 0x000002397F971540>

> File "e:\mamba2\mamba2\crew\day_trader.py", line 61, in run_strategy
    await self.strategies[symbol].evaluate(market_context)
          │    │          │                └ {'broker': <mamba2.broker.mt5_broker.MT5Broker object at 0x000002397F973880>, 'rate_fetcher': <RatesFetcher(RateFetcherThread...
          │    │          └ 'EURJPY'
          │    └ {'EURUSD': <mamba2.strategy.triple_cross.StochasticTripleTFStrategy object at 0x000002397F9715D0>, 'EURJPY': <mamba2.strategy...
          └ <mamba2.crew.day_trader.DayTrader object at 0x000002397F971540>

  File "e:\mamba2\mamba2\strategy\triple_cross.py", line 134, in evaluate
    current_rsi = rsi.iloc[-1]
                  └ np.float64(54.4563773054589)

AttributeError: 'numpy.float64' object has no attribute 'iloc'
2025-06-20 14:16:02.448 | ERROR    | mamba2.crew.day_trader:run_strategy:69 - Error evaluating GBPUSD: 'numpy.float64' object has no attribute 'iloc'
2025-06-20 14:16:02.451 | DEBUG    | mamba2.crew.day_trader:run_strategy:70 - Full error details
Traceback (most recent call last):

  File "e:\mamba2\main.py", line 237, in <module>
    asyncio.run(main())
    │       │   └ <function main at 0x000002397F985D80>
    │       └ <function run at 0x00000239756B7BE0>
    └ <module 'asyncio' from 'C:\\Users\\USER\\AppData\\Roaming\\uv\\python\\cpython-3.10.17-windows-x86_64-none\\lib\\asyncio\\__i...

  File "C:\Users\USER\AppData\Roaming\uv\python\cpython-3.10.17-windows-x86_64-none\lib\asyncio\runners.py", line 44, in run
    return loop.run_until_complete(main)
           │    │                  └ <coroutine object main at 0x000002397D782B20>
           │    └ <function BaseEventLoop.run_until_complete at 0x00000239756B9630>
           └ <ProactorEventLoop running=True closed=False debug=False>

  File "C:\Users\USER\AppData\Roaming\uv\python\cpython-3.10.17-windows-x86_64-none\lib\asyncio\base_events.py", line 636, in run_until_complete
    self.run_forever()
    │    └ <function ProactorEventLoop.run_forever at 0x0000023975770670>
    └ <ProactorEventLoop running=True closed=False debug=False>

  File "C:\Users\USER\AppData\Roaming\uv\python\cpython-3.10.17-windows-x86_64-none\lib\asyncio\windows_events.py", line 321, in run_forever
    super().run_forever()

  File "C:\Users\USER\AppData\Roaming\uv\python\cpython-3.10.17-windows-x86_64-none\lib\asyncio\base_events.py", line 603, in run_forever
    self._run_once()
    │    └ <function BaseEventLoop._run_once at 0x00000239756BB0A0>
    └ <ProactorEventLoop running=True closed=False debug=False>

  File "C:\Users\USER\AppData\Roaming\uv\python\cpython-3.10.17-windows-x86_64-none\lib\asyncio\base_events.py", line 1909, in _run_once
    handle._run()
    │      └ <function Handle._run at 0x00000239756228C0>
    └ <Handle Task.task_wakeup(<Future finished result=None>)>

  File "C:\Users\USER\AppData\Roaming\uv\python\cpython-3.10.17-windows-x86_64-none\lib\asyncio\events.py", line 80, in _run
    self._context.run(self._callback, *self._args)
    │    │            │    │           │    └ <member '_args' of 'Handle' objects>
    │    │            │    │           └ <Handle Task.task_wakeup(<Future finished result=None>)>
    │    │            │    └ <member '_callback' of 'Handle' objects>
    │    │            └ <Handle Task.task_wakeup(<Future finished result=None>)>
    │    └ <member '_context' of 'Handle' objects>
    └ <Handle Task.task_wakeup(<Future finished result=None>)>

  File "e:\mamba2\mamba2\crew\day_trader.py", line 90, in run
    await self.run_strategy(symbol)
          │    │            └ 'GBPUSD'
          │    └ <function DayTrader.run_strategy at 0x000002397F9857E0>
          └ <mamba2.crew.day_trader.DayTrader object at 0x000002397F971540>

> File "e:\mamba2\mamba2\crew\day_trader.py", line 61, in run_strategy
    await self.strategies[symbol].evaluate(market_context)
          │    │          │                └ {'broker': <mamba2.broker.mt5_broker.MT5Broker object at 0x000002397F973880>, 'rate_fetcher': <RatesFetcher(RateFetcherThread...
          │    │          └ 'GBPUSD'
          │    └ {'EURUSD': <mamba2.strategy.triple_cross.StochasticTripleTFStrategy object at 0x000002397F9715D0>, 'EURJPY': <mamba2.strategy...
          └ <mamba2.crew.day_trader.DayTrader object at 0x000002397F971540>

  File "e:\mamba2\mamba2\strategy\triple_cross.py", line 134, in evaluate
    current_rsi = rsi.iloc[-1]
                  └ np.float64(50.61191210383684)

AttributeError: 'numpy.float64' object has no attribute 'iloc'
2025-06-20 14:16:32.539 | ERROR    | mamba2.crew.day_trader:run_strategy:69 - Error evaluating EURJPY: 'numpy.float64' object has no attribute 'iloc'
2025-06-20 14:16:32.539 | DEBUG    | mamba2.crew.day_trader:run_strategy:70 - Full error details
Traceback (most recent call last):

  File "e:\mamba2\main.py", line 237, in <module>
    asyncio.run(main())
    │       │   └ <function main at 0x000002397F985D80>
    │       └ <function run at 0x00000239756B7BE0>
    └ <module 'asyncio' from 'C:\\Users\\USER\\AppData\\Roaming\\uv\\python\\cpython-3.10.17-windows-x86_64-none\\lib\\asyncio\\__i...

  File "C:\Users\USER\AppData\Roaming\uv\python\cpython-3.10.17-windows-x86_64-none\lib\asyncio\runners.py", line 44, in run
    return loop.run_until_complete(main)
           │    │                  └ <coroutine object main at 0x000002397D782B20>
           │    └ <function BaseEventLoop.run_until_complete at 0x00000239756B9630>
           └ <ProactorEventLoop running=True closed=False debug=False>

  File "C:\Users\USER\AppData\Roaming\uv\python\cpython-3.10.17-windows-x86_64-none\lib\asyncio\base_events.py", line 636, in run_until_complete
    self.run_forever()
    │    └ <function ProactorEventLoop.run_forever at 0x0000023975770670>
    └ <ProactorEventLoop running=True closed=False debug=False>

  File "C:\Users\USER\AppData\Roaming\uv\python\cpython-3.10.17-windows-x86_64-none\lib\asyncio\windows_events.py", line 321, in run_forever
    super().run_forever()

  File "C:\Users\USER\AppData\Roaming\uv\python\cpython-3.10.17-windows-x86_64-none\lib\asyncio\base_events.py", line 603, in run_forever
    self._run_once()
    │    └ <function BaseEventLoop._run_once at 0x00000239756BB0A0>
    └ <ProactorEventLoop running=True closed=False debug=False>

  File "C:\Users\USER\AppData\Roaming\uv\python\cpython-3.10.17-windows-x86_64-none\lib\asyncio\base_events.py", line 1909, in _run_once
    handle._run()
    │      └ <function Handle._run at 0x00000239756228C0>
    └ <Handle Task.task_wakeup(<Future finished result=None>)>

  File "C:\Users\USER\AppData\Roaming\uv\python\cpython-3.10.17-windows-x86_64-none\lib\asyncio\events.py", line 80, in _run
    self._context.run(self._callback, *self._args)
    │    │            │    │           │    └ <member '_args' of 'Handle' objects>
    │    │            │    │           └ <Handle Task.task_wakeup(<Future finished result=None>)>
    │    │            │    └ <member '_callback' of 'Handle' objects>
    │    │            └ <Handle Task.task_wakeup(<Future finished result=None>)>
    │    └ <member '_context' of 'Handle' objects>
    └ <Handle Task.task_wakeup(<Future finished result=None>)>

  File "e:\mamba2\mamba2\crew\day_trader.py", line 90, in run
    await self.run_strategy(symbol)
          │    │            └ 'EURJPY'
          │    └ <function DayTrader.run_strategy at 0x000002397F9857E0>
          └ <mamba2.crew.day_trader.DayTrader object at 0x000002397F971540>

> File "e:\mamba2\mamba2\crew\day_trader.py", line 61, in run_strategy
    await self.strategies[symbol].evaluate(market_context)
          │    │          │                └ {'broker': <mamba2.broker.mt5_broker.MT5Broker object at 0x000002397F973880>, 'rate_fetcher': <RatesFetcher(RateFetcherThread...
          │    │          └ 'EURJPY'
          │    └ {'EURUSD': <mamba2.strategy.triple_cross.StochasticTripleTFStrategy object at 0x000002397F9715D0>, 'EURJPY': <mamba2.strategy...
          └ <mamba2.crew.day_trader.DayTrader object at 0x000002397F971540>

  File "e:\mamba2\mamba2\strategy\triple_cross.py", line 134, in evaluate
    current_rsi = rsi.iloc[-1]
                  └ np.float64(54.4563773054589)

AttributeError: 'numpy.float64' object has no attribute 'iloc'
2025-06-20 14:17:02.631 | ERROR    | mamba2.crew.day_trader:run_strategy:69 - Error evaluating EURJPY: 'numpy.float64' object has no attribute 'iloc'
2025-06-20 14:17:02.631 | DEBUG    | mamba2.crew.day_trader:run_strategy:70 - Full error details
Traceback (most recent call last):

  File "e:\mamba2\main.py", line 237, in <module>
    asyncio.run(main())
    │       │   └ <function main at 0x000002397F985D80>
    │       └ <function run at 0x00000239756B7BE0>
    └ <module 'asyncio' from 'C:\\Users\\USER\\AppData\\Roaming\\uv\\python\\cpython-3.10.17-windows-x86_64-none\\lib\\asyncio\\__i...

  File "C:\Users\USER\AppData\Roaming\uv\python\cpython-3.10.17-windows-x86_64-none\lib\asyncio\runners.py", line 44, in run
    return loop.run_until_complete(main)
           │    │                  └ <coroutine object main at 0x000002397D782B20>
           │    └ <function BaseEventLoop.run_until_complete at 0x00000239756B9630>
           └ <ProactorEventLoop running=True closed=False debug=False>

  File "C:\Users\USER\AppData\Roaming\uv\python\cpython-3.10.17-windows-x86_64-none\lib\asyncio\base_events.py", line 636, in run_until_complete
    self.run_forever()
    │    └ <function ProactorEventLoop.run_forever at 0x0000023975770670>
    └ <ProactorEventLoop running=True closed=False debug=False>

  File "C:\Users\USER\AppData\Roaming\uv\python\cpython-3.10.17-windows-x86_64-none\lib\asyncio\windows_events.py", line 321, in run_forever
    super().run_forever()

  File "C:\Users\USER\AppData\Roaming\uv\python\cpython-3.10.17-windows-x86_64-none\lib\asyncio\base_events.py", line 603, in run_forever
    self._run_once()
    │    └ <function BaseEventLoop._run_once at 0x00000239756BB0A0>
    └ <ProactorEventLoop running=True closed=False debug=False>

  File "C:\Users\USER\AppData\Roaming\uv\python\cpython-3.10.17-windows-x86_64-none\lib\asyncio\base_events.py", line 1909, in _run_once
    handle._run()
    │      └ <function Handle._run at 0x00000239756228C0>
    └ <Handle Task.task_wakeup(<Future finished result=None>)>

  File "C:\Users\USER\AppData\Roaming\uv\python\cpython-3.10.17-windows-x86_64-none\lib\asyncio\events.py", line 80, in _run
    self._context.run(self._callback, *self._args)
    │    │            │    │           │    └ <member '_args' of 'Handle' objects>
    │    │            │    │           └ <Handle Task.task_wakeup(<Future finished result=None>)>
    │    │            │    └ <member '_callback' of 'Handle' objects>
    │    │            └ <Handle Task.task_wakeup(<Future finished result=None>)>
    │    └ <member '_context' of 'Handle' objects>
    └ <Handle Task.task_wakeup(<Future finished result=None>)>

  File "e:\mamba2\mamba2\crew\day_trader.py", line 90, in run
    await self.run_strategy(symbol)
          │    │            └ 'EURJPY'
          │    └ <function DayTrader.run_strategy at 0x000002397F9857E0>
          └ <mamba2.crew.day_trader.DayTrader object at 0x000002397F971540>

> File "e:\mamba2\mamba2\crew\day_trader.py", line 61, in run_strategy
    await self.strategies[symbol].evaluate(market_context)
          │    │          │                └ {'broker': <mamba2.broker.mt5_broker.MT5Broker object at 0x000002397F973880>, 'rate_fetcher': <RatesFetcher(RateFetcherThread...
          │    │          └ 'EURJPY'
          │    └ {'EURUSD': <mamba2.strategy.triple_cross.StochasticTripleTFStrategy object at 0x000002397F9715D0>, 'EURJPY': <mamba2.strategy...
          └ <mamba2.crew.day_trader.DayTrader object at 0x000002397F971540>

  File "e:\mamba2\mamba2\strategy\triple_cross.py", line 134, in evaluate
    current_rsi = rsi.iloc[-1]
                  └ np.float64(54.4563773054589)

AttributeError: 'numpy.float64' object has no attribute 'iloc'
2025-06-20 14:17:32.739 | ERROR    | mamba2.crew.day_trader:run_strategy:69 - Error evaluating EURJPY: 'numpy.float64' object has no attribute 'iloc'
2025-06-20 14:17:32.739 | DEBUG    | mamba2.crew.day_trader:run_strategy:70 - Full error details
Traceback (most recent call last):

  File "e:\mamba2\main.py", line 237, in <module>
    asyncio.run(main())
    │       │   └ <function main at 0x000002397F985D80>
    │       └ <function run at 0x00000239756B7BE0>
    └ <module 'asyncio' from 'C:\\Users\\USER\\AppData\\Roaming\\uv\\python\\cpython-3.10.17-windows-x86_64-none\\lib\\asyncio\\__i...

  File "C:\Users\USER\AppData\Roaming\uv\python\cpython-3.10.17-windows-x86_64-none\lib\asyncio\runners.py", line 44, in run
    return loop.run_until_complete(main)
           │    │                  └ <coroutine object main at 0x000002397D782B20>
           │    └ <function BaseEventLoop.run_until_complete at 0x00000239756B9630>
           └ <ProactorEventLoop running=True closed=False debug=False>

  File "C:\Users\USER\AppData\Roaming\uv\python\cpython-3.10.17-windows-x86_64-none\lib\asyncio\base_events.py", line 636, in run_until_complete
    self.run_forever()
    │    └ <function ProactorEventLoop.run_forever at 0x0000023975770670>
    └ <ProactorEventLoop running=True closed=False debug=False>

  File "C:\Users\USER\AppData\Roaming\uv\python\cpython-3.10.17-windows-x86_64-none\lib\asyncio\windows_events.py", line 321, in run_forever
    super().run_forever()

  File "C:\Users\USER\AppData\Roaming\uv\python\cpython-3.10.17-windows-x86_64-none\lib\asyncio\base_events.py", line 603, in run_forever
    self._run_once()
    │    └ <function BaseEventLoop._run_once at 0x00000239756BB0A0>
    └ <ProactorEventLoop running=True closed=False debug=False>

  File "C:\Users\USER\AppData\Roaming\uv\python\cpython-3.10.17-windows-x86_64-none\lib\asyncio\base_events.py", line 1909, in _run_once
    handle._run()
    │      └ <function Handle._run at 0x00000239756228C0>
    └ <Handle Task.task_wakeup(<Future finished result=None>)>

  File "C:\Users\USER\AppData\Roaming\uv\python\cpython-3.10.17-windows-x86_64-none\lib\asyncio\events.py", line 80, in _run
    self._context.run(self._callback, *self._args)
    │    │            │    │           │    └ <member '_args' of 'Handle' objects>
    │    │            │    │           └ <Handle Task.task_wakeup(<Future finished result=None>)>
    │    │            │    └ <member '_callback' of 'Handle' objects>
    │    │            └ <Handle Task.task_wakeup(<Future finished result=None>)>
    │    └ <member '_context' of 'Handle' objects>
    └ <Handle Task.task_wakeup(<Future finished result=None>)>

  File "e:\mamba2\mamba2\crew\day_trader.py", line 90, in run
    await self.run_strategy(symbol)
          │    │            └ 'EURJPY'
          │    └ <function DayTrader.run_strategy at 0x000002397F9857E0>
          └ <mamba2.crew.day_trader.DayTrader object at 0x000002397F971540>

> File "e:\mamba2\mamba2\crew\day_trader.py", line 61, in run_strategy
    await self.strategies[symbol].evaluate(market_context)
          │    │          │                └ {'broker': <mamba2.broker.mt5_broker.MT5Broker object at 0x000002397F973880>, 'rate_fetcher': <RatesFetcher(RateFetcherThread...
          │    │          └ 'EURJPY'
          │    └ {'EURUSD': <mamba2.strategy.triple_cross.StochasticTripleTFStrategy object at 0x000002397F9715D0>, 'EURJPY': <mamba2.strategy...
          └ <mamba2.crew.day_trader.DayTrader object at 0x000002397F971540>

  File "e:\mamba2\mamba2\strategy\triple_cross.py", line 134, in evaluate
    current_rsi = rsi.iloc[-1]
                  └ np.float64(54.4563773054589)

AttributeError: 'numpy.float64' object has no attribute 'iloc'
2025-06-20 14:18:02.852 | ERROR    | mamba2.crew.day_trader:run_strategy:69 - Error evaluating EURJPY: 'numpy.float64' object has no attribute 'iloc'
2025-06-20 14:18:02.852 | DEBUG    | mamba2.crew.day_trader:run_strategy:70 - Full error details
Traceback (most recent call last):

  File "e:\mamba2\main.py", line 237, in <module>
    asyncio.run(main())
    │       │   └ <function main at 0x000002397F985D80>
    │       └ <function run at 0x00000239756B7BE0>
    └ <module 'asyncio' from 'C:\\Users\\USER\\AppData\\Roaming\\uv\\python\\cpython-3.10.17-windows-x86_64-none\\lib\\asyncio\\__i...

  File "C:\Users\USER\AppData\Roaming\uv\python\cpython-3.10.17-windows-x86_64-none\lib\asyncio\runners.py", line 44, in run
    return loop.run_until_complete(main)
           │    │                  └ <coroutine object main at 0x000002397D782B20>
           │    └ <function BaseEventLoop.run_until_complete at 0x00000239756B9630>
           └ <ProactorEventLoop running=True closed=False debug=False>

  File "C:\Users\USER\AppData\Roaming\uv\python\cpython-3.10.17-windows-x86_64-none\lib\asyncio\base_events.py", line 636, in run_until_complete
    self.run_forever()
    │    └ <function ProactorEventLoop.run_forever at 0x0000023975770670>
    └ <ProactorEventLoop running=True closed=False debug=False>

  File "C:\Users\USER\AppData\Roaming\uv\python\cpython-3.10.17-windows-x86_64-none\lib\asyncio\windows_events.py", line 321, in run_forever
    super().run_forever()

  File "C:\Users\USER\AppData\Roaming\uv\python\cpython-3.10.17-windows-x86_64-none\lib\asyncio\base_events.py", line 603, in run_forever
    self._run_once()
    │    └ <function BaseEventLoop._run_once at 0x00000239756BB0A0>
    └ <ProactorEventLoop running=True closed=False debug=False>

  File "C:\Users\USER\AppData\Roaming\uv\python\cpython-3.10.17-windows-x86_64-none\lib\asyncio\base_events.py", line 1909, in _run_once
    handle._run()
    │      └ <function Handle._run at 0x00000239756228C0>
    └ <Handle Task.task_wakeup(<Future finished result=None>)>

  File "C:\Users\USER\AppData\Roaming\uv\python\cpython-3.10.17-windows-x86_64-none\lib\asyncio\events.py", line 80, in _run
    self._context.run(self._callback, *self._args)
    │    │            │    │           │    └ <member '_args' of 'Handle' objects>
    │    │            │    │           └ <Handle Task.task_wakeup(<Future finished result=None>)>
    │    │            │    └ <member '_callback' of 'Handle' objects>
    │    │            └ <Handle Task.task_wakeup(<Future finished result=None>)>
    │    └ <member '_context' of 'Handle' objects>
    └ <Handle Task.task_wakeup(<Future finished result=None>)>

  File "e:\mamba2\mamba2\crew\day_trader.py", line 90, in run
    await self.run_strategy(symbol)
          │    │            └ 'EURJPY'
          │    └ <function DayTrader.run_strategy at 0x000002397F9857E0>
          └ <mamba2.crew.day_trader.DayTrader object at 0x000002397F971540>

> File "e:\mamba2\mamba2\crew\day_trader.py", line 61, in run_strategy
    await self.strategies[symbol].evaluate(market_context)
          │    │          │                └ {'broker': <mamba2.broker.mt5_broker.MT5Broker object at 0x000002397F973880>, 'rate_fetcher': <RatesFetcher(RateFetcherThread...
          │    │          └ 'EURJPY'
          │    └ {'EURUSD': <mamba2.strategy.triple_cross.StochasticTripleTFStrategy object at 0x000002397F9715D0>, 'EURJPY': <mamba2.strategy...
          └ <mamba2.crew.day_trader.DayTrader object at 0x000002397F971540>

  File "e:\mamba2\mamba2\strategy\triple_cross.py", line 134, in evaluate
    current_rsi = rsi.iloc[-1]
                  └ np.float64(54.4563773054589)

AttributeError: 'numpy.float64' object has no attribute 'iloc'
2025-06-20 14:18:32.902 | ERROR    | mamba2.crew.day_trader:run_strategy:69 - Error evaluating EURUSD: 'numpy.float64' object has no attribute 'iloc'
2025-06-20 14:18:32.902 | DEBUG    | mamba2.crew.day_trader:run_strategy:70 - Full error details
Traceback (most recent call last):

  File "e:\mamba2\main.py", line 237, in <module>
    asyncio.run(main())
    │       │   └ <function main at 0x000002397F985D80>
    │       └ <function run at 0x00000239756B7BE0>
    └ <module 'asyncio' from 'C:\\Users\\USER\\AppData\\Roaming\\uv\\python\\cpython-3.10.17-windows-x86_64-none\\lib\\asyncio\\__i...

  File "C:\Users\USER\AppData\Roaming\uv\python\cpython-3.10.17-windows-x86_64-none\lib\asyncio\runners.py", line 44, in run
    return loop.run_until_complete(main)
           │    │                  └ <coroutine object main at 0x000002397D782B20>
           │    └ <function BaseEventLoop.run_until_complete at 0x00000239756B9630>
           └ <ProactorEventLoop running=True closed=False debug=False>

  File "C:\Users\USER\AppData\Roaming\uv\python\cpython-3.10.17-windows-x86_64-none\lib\asyncio\base_events.py", line 636, in run_until_complete
    self.run_forever()
    │    └ <function ProactorEventLoop.run_forever at 0x0000023975770670>
    └ <ProactorEventLoop running=True closed=False debug=False>

  File "C:\Users\USER\AppData\Roaming\uv\python\cpython-3.10.17-windows-x86_64-none\lib\asyncio\windows_events.py", line 321, in run_forever
    super().run_forever()

  File "C:\Users\USER\AppData\Roaming\uv\python\cpython-3.10.17-windows-x86_64-none\lib\asyncio\base_events.py", line 603, in run_forever
    self._run_once()
    │    └ <function BaseEventLoop._run_once at 0x00000239756BB0A0>
    └ <ProactorEventLoop running=True closed=False debug=False>

  File "C:\Users\USER\AppData\Roaming\uv\python\cpython-3.10.17-windows-x86_64-none\lib\asyncio\base_events.py", line 1909, in _run_once
    handle._run()
    │      └ <function Handle._run at 0x00000239756228C0>
    └ <Handle Task.task_wakeup(<Future finished result=None>)>

  File "C:\Users\USER\AppData\Roaming\uv\python\cpython-3.10.17-windows-x86_64-none\lib\asyncio\events.py", line 80, in _run
    self._context.run(self._callback, *self._args)
    │    │            │    │           │    └ <member '_args' of 'Handle' objects>
    │    │            │    │           └ <Handle Task.task_wakeup(<Future finished result=None>)>
    │    │            │    └ <member '_callback' of 'Handle' objects>
    │    │            └ <Handle Task.task_wakeup(<Future finished result=None>)>
    │    └ <member '_context' of 'Handle' objects>
    └ <Handle Task.task_wakeup(<Future finished result=None>)>

  File "e:\mamba2\mamba2\crew\day_trader.py", line 90, in run
    await self.run_strategy(symbol)
          │    │            └ 'EURUSD'
          │    └ <function DayTrader.run_strategy at 0x000002397F9857E0>
          └ <mamba2.crew.day_trader.DayTrader object at 0x000002397F971540>

> File "e:\mamba2\mamba2\crew\day_trader.py", line 61, in run_strategy
    await self.strategies[symbol].evaluate(market_context)
          │    │          │                └ {'broker': <mamba2.broker.mt5_broker.MT5Broker object at 0x000002397F973880>, 'rate_fetcher': <RatesFetcher(RateFetcherThread...
          │    │          └ 'EURUSD'
          │    └ {'EURUSD': <mamba2.strategy.triple_cross.StochasticTripleTFStrategy object at 0x000002397F9715D0>, 'EURJPY': <mamba2.strategy...
          └ <mamba2.crew.day_trader.DayTrader object at 0x000002397F971540>

  File "e:\mamba2\mamba2\strategy\triple_cross.py", line 266, in evaluate
    current_rsi = rsi.iloc[-1]
                  └ np.float64(37.87120322578372)

AttributeError: 'numpy.float64' object has no attribute 'iloc'
2025-06-20 14:19:03.009 | ERROR    | mamba2.crew.day_trader:run_strategy:69 - Error evaluating EURUSD: 'numpy.float64' object has no attribute 'iloc'
2025-06-20 14:19:03.009 | DEBUG    | mamba2.crew.day_trader:run_strategy:70 - Full error details
Traceback (most recent call last):

  File "e:\mamba2\main.py", line 237, in <module>
    asyncio.run(main())
    │       │   └ <function main at 0x000002397F985D80>
    │       └ <function run at 0x00000239756B7BE0>
    └ <module 'asyncio' from 'C:\\Users\\USER\\AppData\\Roaming\\uv\\python\\cpython-3.10.17-windows-x86_64-none\\lib\\asyncio\\__i...

  File "C:\Users\USER\AppData\Roaming\uv\python\cpython-3.10.17-windows-x86_64-none\lib\asyncio\runners.py", line 44, in run
    return loop.run_until_complete(main)
           │    │                  └ <coroutine object main at 0x000002397D782B20>
           │    └ <function BaseEventLoop.run_until_complete at 0x00000239756B9630>
           └ <ProactorEventLoop running=True closed=False debug=False>

  File "C:\Users\USER\AppData\Roaming\uv\python\cpython-3.10.17-windows-x86_64-none\lib\asyncio\base_events.py", line 636, in run_until_complete
    self.run_forever()
    │    └ <function ProactorEventLoop.run_forever at 0x0000023975770670>
    └ <ProactorEventLoop running=True closed=False debug=False>

  File "C:\Users\USER\AppData\Roaming\uv\python\cpython-3.10.17-windows-x86_64-none\lib\asyncio\windows_events.py", line 321, in run_forever
    super().run_forever()

  File "C:\Users\USER\AppData\Roaming\uv\python\cpython-3.10.17-windows-x86_64-none\lib\asyncio\base_events.py", line 603, in run_forever
    self._run_once()
    │    └ <function BaseEventLoop._run_once at 0x00000239756BB0A0>
    └ <ProactorEventLoop running=True closed=False debug=False>

  File "C:\Users\USER\AppData\Roaming\uv\python\cpython-3.10.17-windows-x86_64-none\lib\asyncio\base_events.py", line 1909, in _run_once
    handle._run()
    │      └ <function Handle._run at 0x00000239756228C0>
    └ <Handle Task.task_wakeup(<Future finished result=None>)>

  File "C:\Users\USER\AppData\Roaming\uv\python\cpython-3.10.17-windows-x86_64-none\lib\asyncio\events.py", line 80, in _run
    self._context.run(self._callback, *self._args)
    │    │            │    │           │    └ <member '_args' of 'Handle' objects>
    │    │            │    │           └ <Handle Task.task_wakeup(<Future finished result=None>)>
    │    │            │    └ <member '_callback' of 'Handle' objects>
    │    │            └ <Handle Task.task_wakeup(<Future finished result=None>)>
    │    └ <member '_context' of 'Handle' objects>
    └ <Handle Task.task_wakeup(<Future finished result=None>)>

  File "e:\mamba2\mamba2\crew\day_trader.py", line 90, in run
    await self.run_strategy(symbol)
          │    │            └ 'EURUSD'
          │    └ <function DayTrader.run_strategy at 0x000002397F9857E0>
          └ <mamba2.crew.day_trader.DayTrader object at 0x000002397F971540>

> File "e:\mamba2\mamba2\crew\day_trader.py", line 61, in run_strategy
    await self.strategies[symbol].evaluate(market_context)
          │    │          │                └ {'broker': <mamba2.broker.mt5_broker.MT5Broker object at 0x000002397F973880>, 'rate_fetcher': <RatesFetcher(RateFetcherThread...
          │    │          └ 'EURUSD'
          │    └ {'EURUSD': <mamba2.strategy.triple_cross.StochasticTripleTFStrategy object at 0x000002397F9715D0>, 'EURJPY': <mamba2.strategy...
          └ <mamba2.crew.day_trader.DayTrader object at 0x000002397F971540>

  File "e:\mamba2\mamba2\strategy\triple_cross.py", line 266, in evaluate
    current_rsi = rsi.iloc[-1]
                  └ np.float64(37.87120322578372)

AttributeError: 'numpy.float64' object has no attribute 'iloc'
2025-06-20 14:19:33.109 | ERROR    | mamba2.crew.day_trader:run_strategy:69 - Error evaluating EURUSD: 'numpy.float64' object has no attribute 'iloc'
2025-06-20 14:19:33.109 | DEBUG    | mamba2.crew.day_trader:run_strategy:70 - Full error details
Traceback (most recent call last):

  File "e:\mamba2\main.py", line 237, in <module>
    asyncio.run(main())
    │       │   └ <function main at 0x000002397F985D80>
    │       └ <function run at 0x00000239756B7BE0>
    └ <module 'asyncio' from 'C:\\Users\\USER\\AppData\\Roaming\\uv\\python\\cpython-3.10.17-windows-x86_64-none\\lib\\asyncio\\__i...

  File "C:\Users\USER\AppData\Roaming\uv\python\cpython-3.10.17-windows-x86_64-none\lib\asyncio\runners.py", line 44, in run
    return loop.run_until_complete(main)
           │    │                  └ <coroutine object main at 0x000002397D782B20>
           │    └ <function BaseEventLoop.run_until_complete at 0x00000239756B9630>
           └ <ProactorEventLoop running=True closed=False debug=False>

  File "C:\Users\USER\AppData\Roaming\uv\python\cpython-3.10.17-windows-x86_64-none\lib\asyncio\base_events.py", line 636, in run_until_complete
    self.run_forever()
    │    └ <function ProactorEventLoop.run_forever at 0x0000023975770670>
    └ <ProactorEventLoop running=True closed=False debug=False>

  File "C:\Users\USER\AppData\Roaming\uv\python\cpython-3.10.17-windows-x86_64-none\lib\asyncio\windows_events.py", line 321, in run_forever
    super().run_forever()

  File "C:\Users\USER\AppData\Roaming\uv\python\cpython-3.10.17-windows-x86_64-none\lib\asyncio\base_events.py", line 603, in run_forever
    self._run_once()
    │    └ <function BaseEventLoop._run_once at 0x00000239756BB0A0>
    └ <ProactorEventLoop running=True closed=False debug=False>

  File "C:\Users\USER\AppData\Roaming\uv\python\cpython-3.10.17-windows-x86_64-none\lib\asyncio\base_events.py", line 1909, in _run_once
    handle._run()
    │      └ <function Handle._run at 0x00000239756228C0>
    └ <Handle Task.task_wakeup(<Future finished result=None>)>

  File "C:\Users\USER\AppData\Roaming\uv\python\cpython-3.10.17-windows-x86_64-none\lib\asyncio\events.py", line 80, in _run
    self._context.run(self._callback, *self._args)
    │    │            │    │           │    └ <member '_args' of 'Handle' objects>
    │    │            │    │           └ <Handle Task.task_wakeup(<Future finished result=None>)>
    │    │            │    └ <member '_callback' of 'Handle' objects>
    │    │            └ <Handle Task.task_wakeup(<Future finished result=None>)>
    │    └ <member '_context' of 'Handle' objects>
    └ <Handle Task.task_wakeup(<Future finished result=None>)>

  File "e:\mamba2\mamba2\crew\day_trader.py", line 90, in run
    await self.run_strategy(symbol)
          │    │            └ 'EURUSD'
          │    └ <function DayTrader.run_strategy at 0x000002397F9857E0>
          └ <mamba2.crew.day_trader.DayTrader object at 0x000002397F971540>

> File "e:\mamba2\mamba2\crew\day_trader.py", line 61, in run_strategy
    await self.strategies[symbol].evaluate(market_context)
          │    │          │                └ {'broker': <mamba2.broker.mt5_broker.MT5Broker object at 0x000002397F973880>, 'rate_fetcher': <RatesFetcher(RateFetcherThread...
          │    │          └ 'EURUSD'
          │    └ {'EURUSD': <mamba2.strategy.triple_cross.StochasticTripleTFStrategy object at 0x000002397F9715D0>, 'EURJPY': <mamba2.strategy...
          └ <mamba2.crew.day_trader.DayTrader object at 0x000002397F971540>

  File "e:\mamba2\mamba2\strategy\triple_cross.py", line 266, in evaluate
    current_rsi = rsi.iloc[-1]
                  └ np.float64(37.87120322578372)

AttributeError: 'numpy.float64' object has no attribute 'iloc'
2025-06-20 14:20:03.186 | ERROR    | mamba2.crew.day_trader:run_strategy:69 - Error evaluating EURUSD: 'numpy.float64' object has no attribute 'iloc'
2025-06-20 14:20:03.186 | DEBUG    | mamba2.crew.day_trader:run_strategy:70 - Full error details
Traceback (most recent call last):

  File "e:\mamba2\main.py", line 237, in <module>
    asyncio.run(main())
    │       │   └ <function main at 0x000002397F985D80>
    │       └ <function run at 0x00000239756B7BE0>
    └ <module 'asyncio' from 'C:\\Users\\USER\\AppData\\Roaming\\uv\\python\\cpython-3.10.17-windows-x86_64-none\\lib\\asyncio\\__i...

  File "C:\Users\USER\AppData\Roaming\uv\python\cpython-3.10.17-windows-x86_64-none\lib\asyncio\runners.py", line 44, in run
    return loop.run_until_complete(main)
           │    │                  └ <coroutine object main at 0x000002397D782B20>
           │    └ <function BaseEventLoop.run_until_complete at 0x00000239756B9630>
           └ <ProactorEventLoop running=True closed=False debug=False>

  File "C:\Users\USER\AppData\Roaming\uv\python\cpython-3.10.17-windows-x86_64-none\lib\asyncio\base_events.py", line 636, in run_until_complete
    self.run_forever()
    │    └ <function ProactorEventLoop.run_forever at 0x0000023975770670>
    └ <ProactorEventLoop running=True closed=False debug=False>

  File "C:\Users\USER\AppData\Roaming\uv\python\cpython-3.10.17-windows-x86_64-none\lib\asyncio\windows_events.py", line 321, in run_forever
    super().run_forever()

  File "C:\Users\USER\AppData\Roaming\uv\python\cpython-3.10.17-windows-x86_64-none\lib\asyncio\base_events.py", line 603, in run_forever
    self._run_once()
    │    └ <function BaseEventLoop._run_once at 0x00000239756BB0A0>
    └ <ProactorEventLoop running=True closed=False debug=False>

  File "C:\Users\USER\AppData\Roaming\uv\python\cpython-3.10.17-windows-x86_64-none\lib\asyncio\base_events.py", line 1909, in _run_once
    handle._run()
    │      └ <function Handle._run at 0x00000239756228C0>
    └ <Handle Task.task_wakeup(<Future finished result=None>)>

  File "C:\Users\USER\AppData\Roaming\uv\python\cpython-3.10.17-windows-x86_64-none\lib\asyncio\events.py", line 80, in _run
    self._context.run(self._callback, *self._args)
    │    │            │    │           │    └ <member '_args' of 'Handle' objects>
    │    │            │    │           └ <Handle Task.task_wakeup(<Future finished result=None>)>
    │    │            │    └ <member '_callback' of 'Handle' objects>
    │    │            └ <Handle Task.task_wakeup(<Future finished result=None>)>
    │    └ <member '_context' of 'Handle' objects>
    └ <Handle Task.task_wakeup(<Future finished result=None>)>

  File "e:\mamba2\mamba2\crew\day_trader.py", line 90, in run
    await self.run_strategy(symbol)
          │    │            └ 'EURUSD'
          │    └ <function DayTrader.run_strategy at 0x000002397F9857E0>
          └ <mamba2.crew.day_trader.DayTrader object at 0x000002397F971540>

> File "e:\mamba2\mamba2\crew\day_trader.py", line 61, in run_strategy
    await self.strategies[symbol].evaluate(market_context)
          │    │          │                └ {'broker': <mamba2.broker.mt5_broker.MT5Broker object at 0x000002397F973880>, 'rate_fetcher': <RatesFetcher(RateFetcherThread...
          │    │          └ 'EURUSD'
          │    └ {'EURUSD': <mamba2.strategy.triple_cross.StochasticTripleTFStrategy object at 0x000002397F9715D0>, 'EURJPY': <mamba2.strategy...
          └ <mamba2.crew.day_trader.DayTrader object at 0x000002397F971540>

  File "e:\mamba2\mamba2\strategy\triple_cross.py", line 266, in evaluate
    current_rsi = rsi.iloc[-1]
                  └ np.float64(37.87120322578372)

AttributeError: 'numpy.float64' object has no attribute 'iloc'
2025-06-20 14:20:33.298 | ERROR    | mamba2.crew.day_trader:run_strategy:69 - Error evaluating EURUSD: 'numpy.float64' object has no attribute 'iloc'
2025-06-20 14:20:33.298 | DEBUG    | mamba2.crew.day_trader:run_strategy:70 - Full error details
Traceback (most recent call last):

  File "e:\mamba2\main.py", line 237, in <module>
    asyncio.run(main())
    │       │   └ <function main at 0x000002397F985D80>
    │       └ <function run at 0x00000239756B7BE0>
    └ <module 'asyncio' from 'C:\\Users\\USER\\AppData\\Roaming\\uv\\python\\cpython-3.10.17-windows-x86_64-none\\lib\\asyncio\\__i...

  File "C:\Users\USER\AppData\Roaming\uv\python\cpython-3.10.17-windows-x86_64-none\lib\asyncio\runners.py", line 44, in run
    return loop.run_until_complete(main)
           │    │                  └ <coroutine object main at 0x000002397D782B20>
           │    └ <function BaseEventLoop.run_until_complete at 0x00000239756B9630>
           └ <ProactorEventLoop running=True closed=False debug=False>

  File "C:\Users\USER\AppData\Roaming\uv\python\cpython-3.10.17-windows-x86_64-none\lib\asyncio\base_events.py", line 636, in run_until_complete
    self.run_forever()
    │    └ <function ProactorEventLoop.run_forever at 0x0000023975770670>
    └ <ProactorEventLoop running=True closed=False debug=False>

  File "C:\Users\USER\AppData\Roaming\uv\python\cpython-3.10.17-windows-x86_64-none\lib\asyncio\windows_events.py", line 321, in run_forever
    super().run_forever()

  File "C:\Users\USER\AppData\Roaming\uv\python\cpython-3.10.17-windows-x86_64-none\lib\asyncio\base_events.py", line 603, in run_forever
    self._run_once()
    │    └ <function BaseEventLoop._run_once at 0x00000239756BB0A0>
    └ <ProactorEventLoop running=True closed=False debug=False>

  File "C:\Users\USER\AppData\Roaming\uv\python\cpython-3.10.17-windows-x86_64-none\lib\asyncio\base_events.py", line 1909, in _run_once
    handle._run()
    │      └ <function Handle._run at 0x00000239756228C0>
    └ <Handle Task.task_wakeup(<Future finished result=None>)>

  File "C:\Users\USER\AppData\Roaming\uv\python\cpython-3.10.17-windows-x86_64-none\lib\asyncio\events.py", line 80, in _run
    self._context.run(self._callback, *self._args)
    │    │            │    │           │    └ <member '_args' of 'Handle' objects>
    │    │            │    │           └ <Handle Task.task_wakeup(<Future finished result=None>)>
    │    │            │    └ <member '_callback' of 'Handle' objects>
    │    │            └ <Handle Task.task_wakeup(<Future finished result=None>)>
    │    └ <member '_context' of 'Handle' objects>
    └ <Handle Task.task_wakeup(<Future finished result=None>)>

  File "e:\mamba2\mamba2\crew\day_trader.py", line 90, in run
    await self.run_strategy(symbol)
          │    │            └ 'EURUSD'
          │    └ <function DayTrader.run_strategy at 0x000002397F9857E0>
          └ <mamba2.crew.day_trader.DayTrader object at 0x000002397F971540>

> File "e:\mamba2\mamba2\crew\day_trader.py", line 61, in run_strategy
    await self.strategies[symbol].evaluate(market_context)
          │    │          │                └ {'broker': <mamba2.broker.mt5_broker.MT5Broker object at 0x000002397F973880>, 'rate_fetcher': <RatesFetcher(RateFetcherThread...
          │    │          └ 'EURUSD'
          │    └ {'EURUSD': <mamba2.strategy.triple_cross.StochasticTripleTFStrategy object at 0x000002397F9715D0>, 'EURJPY': <mamba2.strategy...
          └ <mamba2.crew.day_trader.DayTrader object at 0x000002397F971540>

  File "e:\mamba2\mamba2\strategy\triple_cross.py", line 266, in evaluate
    current_rsi = rsi.iloc[-1]
                  └ np.float64(36.07580780651013)

AttributeError: 'numpy.float64' object has no attribute 'iloc'
2025-06-20 14:21:03.390 | ERROR    | mamba2.crew.day_trader:run_strategy:69 - Error evaluating EURUSD: 'numpy.float64' object has no attribute 'iloc'
2025-06-20 14:21:03.390 | DEBUG    | mamba2.crew.day_trader:run_strategy:70 - Full error details
Traceback (most recent call last):

  File "e:\mamba2\main.py", line 237, in <module>
    asyncio.run(main())
    │       │   └ <function main at 0x000002397F985D80>
    │       └ <function run at 0x00000239756B7BE0>
    └ <module 'asyncio' from 'C:\\Users\\USER\\AppData\\Roaming\\uv\\python\\cpython-3.10.17-windows-x86_64-none\\lib\\asyncio\\__i...

  File "C:\Users\USER\AppData\Roaming\uv\python\cpython-3.10.17-windows-x86_64-none\lib\asyncio\runners.py", line 44, in run
    return loop.run_until_complete(main)
           │    │                  └ <coroutine object main at 0x000002397D782B20>
           │    └ <function BaseEventLoop.run_until_complete at 0x00000239756B9630>
           └ <ProactorEventLoop running=True closed=False debug=False>

  File "C:\Users\USER\AppData\Roaming\uv\python\cpython-3.10.17-windows-x86_64-none\lib\asyncio\base_events.py", line 636, in run_until_complete
    self.run_forever()
    │    └ <function ProactorEventLoop.run_forever at 0x0000023975770670>
    └ <ProactorEventLoop running=True closed=False debug=False>

  File "C:\Users\USER\AppData\Roaming\uv\python\cpython-3.10.17-windows-x86_64-none\lib\asyncio\windows_events.py", line 321, in run_forever
    super().run_forever()

  File "C:\Users\USER\AppData\Roaming\uv\python\cpython-3.10.17-windows-x86_64-none\lib\asyncio\base_events.py", line 603, in run_forever
    self._run_once()
    │    └ <function BaseEventLoop._run_once at 0x00000239756BB0A0>
    └ <ProactorEventLoop running=True closed=False debug=False>

  File "C:\Users\USER\AppData\Roaming\uv\python\cpython-3.10.17-windows-x86_64-none\lib\asyncio\base_events.py", line 1909, in _run_once
    handle._run()
    │      └ <function Handle._run at 0x00000239756228C0>
    └ <Handle Task.task_wakeup(<Future finished result=None>)>

  File "C:\Users\USER\AppData\Roaming\uv\python\cpython-3.10.17-windows-x86_64-none\lib\asyncio\events.py", line 80, in _run
    self._context.run(self._callback, *self._args)
    │    │            │    │           │    └ <member '_args' of 'Handle' objects>
    │    │            │    │           └ <Handle Task.task_wakeup(<Future finished result=None>)>
    │    │            │    └ <member '_callback' of 'Handle' objects>
    │    │            └ <Handle Task.task_wakeup(<Future finished result=None>)>
    │    └ <member '_context' of 'Handle' objects>
    └ <Handle Task.task_wakeup(<Future finished result=None>)>

  File "e:\mamba2\mamba2\crew\day_trader.py", line 90, in run
    await self.run_strategy(symbol)
          │    │            └ 'EURUSD'
          │    └ <function DayTrader.run_strategy at 0x000002397F9857E0>
          └ <mamba2.crew.day_trader.DayTrader object at 0x000002397F971540>

> File "e:\mamba2\mamba2\crew\day_trader.py", line 61, in run_strategy
    await self.strategies[symbol].evaluate(market_context)
          │    │          │                └ {'broker': <mamba2.broker.mt5_broker.MT5Broker object at 0x000002397F973880>, 'rate_fetcher': <RatesFetcher(RateFetcherThread...
          │    │          └ 'EURUSD'
          │    └ {'EURUSD': <mamba2.strategy.triple_cross.StochasticTripleTFStrategy object at 0x000002397F9715D0>, 'EURJPY': <mamba2.strategy...
          └ <mamba2.crew.day_trader.DayTrader object at 0x000002397F971540>

  File "e:\mamba2\mamba2\strategy\triple_cross.py", line 266, in evaluate
    current_rsi = rsi.iloc[-1]
                  └ np.float64(36.07580780651013)

AttributeError: 'numpy.float64' object has no attribute 'iloc'
2025-06-20 14:21:33.529 | ERROR    | mamba2.crew.day_trader:run_strategy:69 - Error evaluating EURUSD: 'numpy.float64' object has no attribute 'iloc'
2025-06-20 14:21:33.529 | DEBUG    | mamba2.crew.day_trader:run_strategy:70 - Full error details
Traceback (most recent call last):

  File "e:\mamba2\main.py", line 237, in <module>
    asyncio.run(main())
    │       │   └ <function main at 0x000002397F985D80>
    │       └ <function run at 0x00000239756B7BE0>
    └ <module 'asyncio' from 'C:\\Users\\USER\\AppData\\Roaming\\uv\\python\\cpython-3.10.17-windows-x86_64-none\\lib\\asyncio\\__i...

  File "C:\Users\USER\AppData\Roaming\uv\python\cpython-3.10.17-windows-x86_64-none\lib\asyncio\runners.py", line 44, in run
    return loop.run_until_complete(main)
           │    │                  └ <coroutine object main at 0x000002397D782B20>
           │    └ <function BaseEventLoop.run_until_complete at 0x00000239756B9630>
           └ <ProactorEventLoop running=True closed=False debug=False>

  File "C:\Users\USER\AppData\Roaming\uv\python\cpython-3.10.17-windows-x86_64-none\lib\asyncio\base_events.py", line 636, in run_until_complete
    self.run_forever()
    │    └ <function ProactorEventLoop.run_forever at 0x0000023975770670>
    └ <ProactorEventLoop running=True closed=False debug=False>

  File "C:\Users\USER\AppData\Roaming\uv\python\cpython-3.10.17-windows-x86_64-none\lib\asyncio\windows_events.py", line 321, in run_forever
    super().run_forever()

  File "C:\Users\USER\AppData\Roaming\uv\python\cpython-3.10.17-windows-x86_64-none\lib\asyncio\base_events.py", line 603, in run_forever
    self._run_once()
    │    └ <function BaseEventLoop._run_once at 0x00000239756BB0A0>
    └ <ProactorEventLoop running=True closed=False debug=False>

  File "C:\Users\USER\AppData\Roaming\uv\python\cpython-3.10.17-windows-x86_64-none\lib\asyncio\base_events.py", line 1909, in _run_once
    handle._run()
    │      └ <function Handle._run at 0x00000239756228C0>
    └ <Handle Task.task_wakeup(<Future finished result=None>)>

  File "C:\Users\USER\AppData\Roaming\uv\python\cpython-3.10.17-windows-x86_64-none\lib\asyncio\events.py", line 80, in _run
    self._context.run(self._callback, *self._args)
    │    │            │    │           │    └ <member '_args' of 'Handle' objects>
    │    │            │    │           └ <Handle Task.task_wakeup(<Future finished result=None>)>
    │    │            │    └ <member '_callback' of 'Handle' objects>
    │    │            └ <Handle Task.task_wakeup(<Future finished result=None>)>
    │    └ <member '_context' of 'Handle' objects>
    └ <Handle Task.task_wakeup(<Future finished result=None>)>

  File "e:\mamba2\mamba2\crew\day_trader.py", line 90, in run
    await self.run_strategy(symbol)
          │    │            └ 'EURUSD'
          │    └ <function DayTrader.run_strategy at 0x000002397F9857E0>
          └ <mamba2.crew.day_trader.DayTrader object at 0x000002397F971540>

> File "e:\mamba2\mamba2\crew\day_trader.py", line 61, in run_strategy
    await self.strategies[symbol].evaluate(market_context)
          │    │          │                └ {'broker': <mamba2.broker.mt5_broker.MT5Broker object at 0x000002397F973880>, 'rate_fetcher': <RatesFetcher(RateFetcherThread...
          │    │          └ 'EURUSD'
          │    └ {'EURUSD': <mamba2.strategy.triple_cross.StochasticTripleTFStrategy object at 0x000002397F9715D0>, 'EURJPY': <mamba2.strategy...
          └ <mamba2.crew.day_trader.DayTrader object at 0x000002397F971540>

  File "e:\mamba2\mamba2\strategy\triple_cross.py", line 266, in evaluate
    current_rsi = rsi.iloc[-1]
                  └ np.float64(36.07580780651013)

AttributeError: 'numpy.float64' object has no attribute 'iloc'
2025-06-20 14:22:03.651 | ERROR    | mamba2.crew.day_trader:run_strategy:69 - Error evaluating EURUSD: 'numpy.float64' object has no attribute 'iloc'
2025-06-20 14:22:03.652 | DEBUG    | mamba2.crew.day_trader:run_strategy:70 - Full error details
Traceback (most recent call last):

  File "e:\mamba2\main.py", line 237, in <module>
    asyncio.run(main())
    │       │   └ <function main at 0x000002397F985D80>
    │       └ <function run at 0x00000239756B7BE0>
    └ <module 'asyncio' from 'C:\\Users\\USER\\AppData\\Roaming\\uv\\python\\cpython-3.10.17-windows-x86_64-none\\lib\\asyncio\\__i...

  File "C:\Users\USER\AppData\Roaming\uv\python\cpython-3.10.17-windows-x86_64-none\lib\asyncio\runners.py", line 44, in run
    return loop.run_until_complete(main)
           │    │                  └ <coroutine object main at 0x000002397D782B20>
           │    └ <function BaseEventLoop.run_until_complete at 0x00000239756B9630>
           └ <ProactorEventLoop running=True closed=False debug=False>

  File "C:\Users\USER\AppData\Roaming\uv\python\cpython-3.10.17-windows-x86_64-none\lib\asyncio\base_events.py", line 636, in run_until_complete
    self.run_forever()
    │    └ <function ProactorEventLoop.run_forever at 0x0000023975770670>
    └ <ProactorEventLoop running=True closed=False debug=False>

  File "C:\Users\USER\AppData\Roaming\uv\python\cpython-3.10.17-windows-x86_64-none\lib\asyncio\windows_events.py", line 321, in run_forever
    super().run_forever()

  File "C:\Users\USER\AppData\Roaming\uv\python\cpython-3.10.17-windows-x86_64-none\lib\asyncio\base_events.py", line 603, in run_forever
    self._run_once()
    │    └ <function BaseEventLoop._run_once at 0x00000239756BB0A0>
    └ <ProactorEventLoop running=True closed=False debug=False>

  File "C:\Users\USER\AppData\Roaming\uv\python\cpython-3.10.17-windows-x86_64-none\lib\asyncio\base_events.py", line 1909, in _run_once
    handle._run()
    │      └ <function Handle._run at 0x00000239756228C0>
    └ <Handle Task.task_wakeup(<Future finished result=None>)>

  File "C:\Users\USER\AppData\Roaming\uv\python\cpython-3.10.17-windows-x86_64-none\lib\asyncio\events.py", line 80, in _run
    self._context.run(self._callback, *self._args)
    │    │            │    │           │    └ <member '_args' of 'Handle' objects>
    │    │            │    │           └ <Handle Task.task_wakeup(<Future finished result=None>)>
    │    │            │    └ <member '_callback' of 'Handle' objects>
    │    │            └ <Handle Task.task_wakeup(<Future finished result=None>)>
    │    └ <member '_context' of 'Handle' objects>
    └ <Handle Task.task_wakeup(<Future finished result=None>)>

  File "e:\mamba2\mamba2\crew\day_trader.py", line 90, in run
    await self.run_strategy(symbol)
          │    │            └ 'EURUSD'
          │    └ <function DayTrader.run_strategy at 0x000002397F9857E0>
          └ <mamba2.crew.day_trader.DayTrader object at 0x000002397F971540>

> File "e:\mamba2\mamba2\crew\day_trader.py", line 61, in run_strategy
    await self.strategies[symbol].evaluate(market_context)
          │    │          │                └ {'broker': <mamba2.broker.mt5_broker.MT5Broker object at 0x000002397F973880>, 'rate_fetcher': <RatesFetcher(RateFetcherThread...
          │    │          └ 'EURUSD'
          │    └ {'EURUSD': <mamba2.strategy.triple_cross.StochasticTripleTFStrategy object at 0x000002397F9715D0>, 'EURJPY': <mamba2.strategy...
          └ <mamba2.crew.day_trader.DayTrader object at 0x000002397F971540>

  File "e:\mamba2\mamba2\strategy\triple_cross.py", line 266, in evaluate
    current_rsi = rsi.iloc[-1]
                  └ np.float64(36.07580780651013)

AttributeError: 'numpy.float64' object has no attribute 'iloc'
2025-06-20 14:22:33.759 | ERROR    | mamba2.crew.day_trader:run_strategy:69 - Error evaluating EURUSD: 'numpy.float64' object has no attribute 'iloc'
2025-06-20 14:22:33.759 | DEBUG    | mamba2.crew.day_trader:run_strategy:70 - Full error details
Traceback (most recent call last):

  File "e:\mamba2\main.py", line 237, in <module>
    asyncio.run(main())
    │       │   └ <function main at 0x000002397F985D80>
    │       └ <function run at 0x00000239756B7BE0>
    └ <module 'asyncio' from 'C:\\Users\\USER\\AppData\\Roaming\\uv\\python\\cpython-3.10.17-windows-x86_64-none\\lib\\asyncio\\__i...

  File "C:\Users\USER\AppData\Roaming\uv\python\cpython-3.10.17-windows-x86_64-none\lib\asyncio\runners.py", line 44, in run
    return loop.run_until_complete(main)
           │    │                  └ <coroutine object main at 0x000002397D782B20>
           │    └ <function BaseEventLoop.run_until_complete at 0x00000239756B9630>
           └ <ProactorEventLoop running=True closed=False debug=False>

  File "C:\Users\USER\AppData\Roaming\uv\python\cpython-3.10.17-windows-x86_64-none\lib\asyncio\base_events.py", line 636, in run_until_complete
    self.run_forever()
    │    └ <function ProactorEventLoop.run_forever at 0x0000023975770670>
    └ <ProactorEventLoop running=True closed=False debug=False>

  File "C:\Users\USER\AppData\Roaming\uv\python\cpython-3.10.17-windows-x86_64-none\lib\asyncio\windows_events.py", line 321, in run_forever
    super().run_forever()

  File "C:\Users\USER\AppData\Roaming\uv\python\cpython-3.10.17-windows-x86_64-none\lib\asyncio\base_events.py", line 603, in run_forever
    self._run_once()
    │    └ <function BaseEventLoop._run_once at 0x00000239756BB0A0>
    └ <ProactorEventLoop running=True closed=False debug=False>

  File "C:\Users\USER\AppData\Roaming\uv\python\cpython-3.10.17-windows-x86_64-none\lib\asyncio\base_events.py", line 1909, in _run_once
    handle._run()
    │      └ <function Handle._run at 0x00000239756228C0>
    └ <Handle Task.task_wakeup(<Future finished result=None>)>

  File "C:\Users\USER\AppData\Roaming\uv\python\cpython-3.10.17-windows-x86_64-none\lib\asyncio\events.py", line 80, in _run
    self._context.run(self._callback, *self._args)
    │    │            │    │           │    └ <member '_args' of 'Handle' objects>
    │    │            │    │           └ <Handle Task.task_wakeup(<Future finished result=None>)>
    │    │            │    └ <member '_callback' of 'Handle' objects>
    │    │            └ <Handle Task.task_wakeup(<Future finished result=None>)>
    │    └ <member '_context' of 'Handle' objects>
    └ <Handle Task.task_wakeup(<Future finished result=None>)>

  File "e:\mamba2\mamba2\crew\day_trader.py", line 90, in run
    await self.run_strategy(symbol)
          │    │            └ 'EURUSD'
          │    └ <function DayTrader.run_strategy at 0x000002397F9857E0>
          └ <mamba2.crew.day_trader.DayTrader object at 0x000002397F971540>

> File "e:\mamba2\mamba2\crew\day_trader.py", line 61, in run_strategy
    await self.strategies[symbol].evaluate(market_context)
          │    │          │                └ {'broker': <mamba2.broker.mt5_broker.MT5Broker object at 0x000002397F973880>, 'rate_fetcher': <RatesFetcher(RateFetcherThread...
          │    │          └ 'EURUSD'
          │    └ {'EURUSD': <mamba2.strategy.triple_cross.StochasticTripleTFStrategy object at 0x000002397F9715D0>, 'EURJPY': <mamba2.strategy...
          └ <mamba2.crew.day_trader.DayTrader object at 0x000002397F971540>

  File "e:\mamba2\mamba2\strategy\triple_cross.py", line 266, in evaluate
    current_rsi = rsi.iloc[-1]
                  └ np.float64(36.07580780651013)

AttributeError: 'numpy.float64' object has no attribute 'iloc'
2025-06-20 14:22:33.814 | ERROR    | mamba2.crew.day_trader:run_strategy:69 - Error evaluating GBPUSD: 'numpy.float64' object has no attribute 'iloc'
2025-06-20 14:22:33.814 | DEBUG    | mamba2.crew.day_trader:run_strategy:70 - Full error details
Traceback (most recent call last):

  File "e:\mamba2\main.py", line 237, in <module>
    asyncio.run(main())
    │       │   └ <function main at 0x000002397F985D80>
    │       └ <function run at 0x00000239756B7BE0>
    └ <module 'asyncio' from 'C:\\Users\\USER\\AppData\\Roaming\\uv\\python\\cpython-3.10.17-windows-x86_64-none\\lib\\asyncio\\__i...

  File "C:\Users\USER\AppData\Roaming\uv\python\cpython-3.10.17-windows-x86_64-none\lib\asyncio\runners.py", line 44, in run
    return loop.run_until_complete(main)
           │    │                  └ <coroutine object main at 0x000002397D782B20>
           │    └ <function BaseEventLoop.run_until_complete at 0x00000239756B9630>
           └ <ProactorEventLoop running=True closed=False debug=False>

  File "C:\Users\USER\AppData\Roaming\uv\python\cpython-3.10.17-windows-x86_64-none\lib\asyncio\base_events.py", line 636, in run_until_complete
    self.run_forever()
    │    └ <function ProactorEventLoop.run_forever at 0x0000023975770670>
    └ <ProactorEventLoop running=True closed=False debug=False>

  File "C:\Users\USER\AppData\Roaming\uv\python\cpython-3.10.17-windows-x86_64-none\lib\asyncio\windows_events.py", line 321, in run_forever
    super().run_forever()

  File "C:\Users\USER\AppData\Roaming\uv\python\cpython-3.10.17-windows-x86_64-none\lib\asyncio\base_events.py", line 603, in run_forever
    self._run_once()
    │    └ <function BaseEventLoop._run_once at 0x00000239756BB0A0>
    └ <ProactorEventLoop running=True closed=False debug=False>

  File "C:\Users\USER\AppData\Roaming\uv\python\cpython-3.10.17-windows-x86_64-none\lib\asyncio\base_events.py", line 1909, in _run_once
    handle._run()
    │      └ <function Handle._run at 0x00000239756228C0>
    └ <Handle Task.task_wakeup(<Future finished result=None>)>

  File "C:\Users\USER\AppData\Roaming\uv\python\cpython-3.10.17-windows-x86_64-none\lib\asyncio\events.py", line 80, in _run
    self._context.run(self._callback, *self._args)
    │    │            │    │           │    └ <member '_args' of 'Handle' objects>
    │    │            │    │           └ <Handle Task.task_wakeup(<Future finished result=None>)>
    │    │            │    └ <member '_callback' of 'Handle' objects>
    │    │            └ <Handle Task.task_wakeup(<Future finished result=None>)>
    │    └ <member '_context' of 'Handle' objects>
    └ <Handle Task.task_wakeup(<Future finished result=None>)>

  File "e:\mamba2\mamba2\crew\day_trader.py", line 90, in run
    await self.run_strategy(symbol)
          │    │            └ 'GBPUSD'
          │    └ <function DayTrader.run_strategy at 0x000002397F9857E0>
          └ <mamba2.crew.day_trader.DayTrader object at 0x000002397F971540>

> File "e:\mamba2\mamba2\crew\day_trader.py", line 61, in run_strategy
    await self.strategies[symbol].evaluate(market_context)
          │    │          │                └ {'broker': <mamba2.broker.mt5_broker.MT5Broker object at 0x000002397F973880>, 'rate_fetcher': <RatesFetcher(RateFetcherThread...
          │    │          └ 'GBPUSD'
          │    └ {'EURUSD': <mamba2.strategy.triple_cross.StochasticTripleTFStrategy object at 0x000002397F9715D0>, 'EURJPY': <mamba2.strategy...
          └ <mamba2.crew.day_trader.DayTrader object at 0x000002397F971540>

  File "e:\mamba2\mamba2\strategy\triple_cross.py", line 134, in evaluate
    current_rsi = rsi.iloc[-1]
                  └ np.float64(54.85243937142911)

AttributeError: 'numpy.float64' object has no attribute 'iloc'
2025-06-20 14:23:03.896 | ERROR    | mamba2.crew.day_trader:run_strategy:69 - Error evaluating EURUSD: 'numpy.float64' object has no attribute 'iloc'
2025-06-20 14:23:03.896 | DEBUG    | mamba2.crew.day_trader:run_strategy:70 - Full error details
Traceback (most recent call last):

  File "e:\mamba2\main.py", line 237, in <module>
    asyncio.run(main())
    │       │   └ <function main at 0x000002397F985D80>
    │       └ <function run at 0x00000239756B7BE0>
    └ <module 'asyncio' from 'C:\\Users\\USER\\AppData\\Roaming\\uv\\python\\cpython-3.10.17-windows-x86_64-none\\lib\\asyncio\\__i...

  File "C:\Users\USER\AppData\Roaming\uv\python\cpython-3.10.17-windows-x86_64-none\lib\asyncio\runners.py", line 44, in run
    return loop.run_until_complete(main)
           │    │                  └ <coroutine object main at 0x000002397D782B20>
           │    └ <function BaseEventLoop.run_until_complete at 0x00000239756B9630>
           └ <ProactorEventLoop running=True closed=False debug=False>

  File "C:\Users\USER\AppData\Roaming\uv\python\cpython-3.10.17-windows-x86_64-none\lib\asyncio\base_events.py", line 636, in run_until_complete
    self.run_forever()
    │    └ <function ProactorEventLoop.run_forever at 0x0000023975770670>
    └ <ProactorEventLoop running=True closed=False debug=False>

  File "C:\Users\USER\AppData\Roaming\uv\python\cpython-3.10.17-windows-x86_64-none\lib\asyncio\windows_events.py", line 321, in run_forever
    super().run_forever()

  File "C:\Users\USER\AppData\Roaming\uv\python\cpython-3.10.17-windows-x86_64-none\lib\asyncio\base_events.py", line 603, in run_forever
    self._run_once()
    │    └ <function BaseEventLoop._run_once at 0x00000239756BB0A0>
    └ <ProactorEventLoop running=True closed=False debug=False>

  File "C:\Users\USER\AppData\Roaming\uv\python\cpython-3.10.17-windows-x86_64-none\lib\asyncio\base_events.py", line 1909, in _run_once
    handle._run()
    │      └ <function Handle._run at 0x00000239756228C0>
    └ <Handle Task.task_wakeup(<Future finished result=None>)>

  File "C:\Users\USER\AppData\Roaming\uv\python\cpython-3.10.17-windows-x86_64-none\lib\asyncio\events.py", line 80, in _run
    self._context.run(self._callback, *self._args)
    │    │            │    │           │    └ <member '_args' of 'Handle' objects>
    │    │            │    │           └ <Handle Task.task_wakeup(<Future finished result=None>)>
    │    │            │    └ <member '_callback' of 'Handle' objects>
    │    │            └ <Handle Task.task_wakeup(<Future finished result=None>)>
    │    └ <member '_context' of 'Handle' objects>
    └ <Handle Task.task_wakeup(<Future finished result=None>)>

  File "e:\mamba2\mamba2\crew\day_trader.py", line 90, in run
    await self.run_strategy(symbol)
          │    │            └ 'EURUSD'
          │    └ <function DayTrader.run_strategy at 0x000002397F9857E0>
          └ <mamba2.crew.day_trader.DayTrader object at 0x000002397F971540>

> File "e:\mamba2\mamba2\crew\day_trader.py", line 61, in run_strategy
    await self.strategies[symbol].evaluate(market_context)
          │    │          │                └ {'broker': <mamba2.broker.mt5_broker.MT5Broker object at 0x000002397F973880>, 'rate_fetcher': <RatesFetcher(RateFetcherThread...
          │    │          └ 'EURUSD'
          │    └ {'EURUSD': <mamba2.strategy.triple_cross.StochasticTripleTFStrategy object at 0x000002397F9715D0>, 'EURJPY': <mamba2.strategy...
          └ <mamba2.crew.day_trader.DayTrader object at 0x000002397F971540>

  File "e:\mamba2\mamba2\strategy\triple_cross.py", line 266, in evaluate
    current_rsi = rsi.iloc[-1]
                  └ np.float64(36.07580780651013)

AttributeError: 'numpy.float64' object has no attribute 'iloc'
2025-06-20 14:23:03.959 | ERROR    | mamba2.crew.day_trader:run_strategy:69 - Error evaluating GBPUSD: 'numpy.float64' object has no attribute 'iloc'
2025-06-20 14:23:03.959 | DEBUG    | mamba2.crew.day_trader:run_strategy:70 - Full error details
Traceback (most recent call last):

  File "e:\mamba2\main.py", line 237, in <module>
    asyncio.run(main())
    │       │   └ <function main at 0x000002397F985D80>
    │       └ <function run at 0x00000239756B7BE0>
    └ <module 'asyncio' from 'C:\\Users\\USER\\AppData\\Roaming\\uv\\python\\cpython-3.10.17-windows-x86_64-none\\lib\\asyncio\\__i...

  File "C:\Users\USER\AppData\Roaming\uv\python\cpython-3.10.17-windows-x86_64-none\lib\asyncio\runners.py", line 44, in run
    return loop.run_until_complete(main)
           │    │                  └ <coroutine object main at 0x000002397D782B20>
           │    └ <function BaseEventLoop.run_until_complete at 0x00000239756B9630>
           └ <ProactorEventLoop running=True closed=False debug=False>

  File "C:\Users\USER\AppData\Roaming\uv\python\cpython-3.10.17-windows-x86_64-none\lib\asyncio\base_events.py", line 636, in run_until_complete
    self.run_forever()
    │    └ <function ProactorEventLoop.run_forever at 0x0000023975770670>
    └ <ProactorEventLoop running=True closed=False debug=False>

  File "C:\Users\USER\AppData\Roaming\uv\python\cpython-3.10.17-windows-x86_64-none\lib\asyncio\windows_events.py", line 321, in run_forever
    super().run_forever()

  File "C:\Users\USER\AppData\Roaming\uv\python\cpython-3.10.17-windows-x86_64-none\lib\asyncio\base_events.py", line 603, in run_forever
    self._run_once()
    │    └ <function BaseEventLoop._run_once at 0x00000239756BB0A0>
    └ <ProactorEventLoop running=True closed=False debug=False>

  File "C:\Users\USER\AppData\Roaming\uv\python\cpython-3.10.17-windows-x86_64-none\lib\asyncio\base_events.py", line 1909, in _run_once
    handle._run()
    │      └ <function Handle._run at 0x00000239756228C0>
    └ <Handle Task.task_wakeup(<Future finished result=None>)>

  File "C:\Users\USER\AppData\Roaming\uv\python\cpython-3.10.17-windows-x86_64-none\lib\asyncio\events.py", line 80, in _run
    self._context.run(self._callback, *self._args)
    │    │            │    │           │    └ <member '_args' of 'Handle' objects>
    │    │            │    │           └ <Handle Task.task_wakeup(<Future finished result=None>)>
    │    │            │    └ <member '_callback' of 'Handle' objects>
    │    │            └ <Handle Task.task_wakeup(<Future finished result=None>)>
    │    └ <member '_context' of 'Handle' objects>
    └ <Handle Task.task_wakeup(<Future finished result=None>)>

  File "e:\mamba2\mamba2\crew\day_trader.py", line 90, in run
    await self.run_strategy(symbol)
          │    │            └ 'GBPUSD'
          │    └ <function DayTrader.run_strategy at 0x000002397F9857E0>
          └ <mamba2.crew.day_trader.DayTrader object at 0x000002397F971540>

> File "e:\mamba2\mamba2\crew\day_trader.py", line 61, in run_strategy
    await self.strategies[symbol].evaluate(market_context)
          │    │          │                └ {'broker': <mamba2.broker.mt5_broker.MT5Broker object at 0x000002397F973880>, 'rate_fetcher': <RatesFetcher(RateFetcherThread...
          │    │          └ 'GBPUSD'
          │    └ {'EURUSD': <mamba2.strategy.triple_cross.StochasticTripleTFStrategy object at 0x000002397F9715D0>, 'EURJPY': <mamba2.strategy...
          └ <mamba2.crew.day_trader.DayTrader object at 0x000002397F971540>

  File "e:\mamba2\mamba2\strategy\triple_cross.py", line 134, in evaluate
    current_rsi = rsi.iloc[-1]
                  └ np.float64(54.85243937142911)

AttributeError: 'numpy.float64' object has no attribute 'iloc'
2025-06-20 14:23:34.039 | ERROR    | mamba2.crew.day_trader:run_strategy:69 - Error evaluating EURUSD: 'numpy.float64' object has no attribute 'iloc'
2025-06-20 14:23:34.039 | DEBUG    | mamba2.crew.day_trader:run_strategy:70 - Full error details
Traceback (most recent call last):

  File "e:\mamba2\main.py", line 237, in <module>
    asyncio.run(main())
    │       │   └ <function main at 0x000002397F985D80>
    │       └ <function run at 0x00000239756B7BE0>
    └ <module 'asyncio' from 'C:\\Users\\USER\\AppData\\Roaming\\uv\\python\\cpython-3.10.17-windows-x86_64-none\\lib\\asyncio\\__i...

  File "C:\Users\USER\AppData\Roaming\uv\python\cpython-3.10.17-windows-x86_64-none\lib\asyncio\runners.py", line 44, in run
    return loop.run_until_complete(main)
           │    │                  └ <coroutine object main at 0x000002397D782B20>
           │    └ <function BaseEventLoop.run_until_complete at 0x00000239756B9630>
           └ <ProactorEventLoop running=True closed=False debug=False>

  File "C:\Users\USER\AppData\Roaming\uv\python\cpython-3.10.17-windows-x86_64-none\lib\asyncio\base_events.py", line 636, in run_until_complete
    self.run_forever()
    │    └ <function ProactorEventLoop.run_forever at 0x0000023975770670>
    └ <ProactorEventLoop running=True closed=False debug=False>

  File "C:\Users\USER\AppData\Roaming\uv\python\cpython-3.10.17-windows-x86_64-none\lib\asyncio\windows_events.py", line 321, in run_forever
    super().run_forever()

  File "C:\Users\USER\AppData\Roaming\uv\python\cpython-3.10.17-windows-x86_64-none\lib\asyncio\base_events.py", line 603, in run_forever
    self._run_once()
    │    └ <function BaseEventLoop._run_once at 0x00000239756BB0A0>
    └ <ProactorEventLoop running=True closed=False debug=False>

  File "C:\Users\USER\AppData\Roaming\uv\python\cpython-3.10.17-windows-x86_64-none\lib\asyncio\base_events.py", line 1909, in _run_once
    handle._run()
    │      └ <function Handle._run at 0x00000239756228C0>
    └ <Handle Task.task_wakeup(<Future finished result=None>)>

  File "C:\Users\USER\AppData\Roaming\uv\python\cpython-3.10.17-windows-x86_64-none\lib\asyncio\events.py", line 80, in _run
    self._context.run(self._callback, *self._args)
    │    │            │    │           │    └ <member '_args' of 'Handle' objects>
    │    │            │    │           └ <Handle Task.task_wakeup(<Future finished result=None>)>
    │    │            │    └ <member '_callback' of 'Handle' objects>
    │    │            └ <Handle Task.task_wakeup(<Future finished result=None>)>
    │    └ <member '_context' of 'Handle' objects>
    └ <Handle Task.task_wakeup(<Future finished result=None>)>

  File "e:\mamba2\mamba2\crew\day_trader.py", line 90, in run
    await self.run_strategy(symbol)
          │    │            └ 'EURUSD'
          │    └ <function DayTrader.run_strategy at 0x000002397F9857E0>
          └ <mamba2.crew.day_trader.DayTrader object at 0x000002397F971540>

> File "e:\mamba2\mamba2\crew\day_trader.py", line 61, in run_strategy
    await self.strategies[symbol].evaluate(market_context)
          │    │          │                └ {'broker': <mamba2.broker.mt5_broker.MT5Broker object at 0x000002397F973880>, 'rate_fetcher': <RatesFetcher(RateFetcherThread...
          │    │          └ 'EURUSD'
          │    └ {'EURUSD': <mamba2.strategy.triple_cross.StochasticTripleTFStrategy object at 0x000002397F9715D0>, 'EURJPY': <mamba2.strategy...
          └ <mamba2.crew.day_trader.DayTrader object at 0x000002397F971540>

  File "e:\mamba2\mamba2\strategy\triple_cross.py", line 266, in evaluate
    current_rsi = rsi.iloc[-1]
                  └ np.float64(36.07580780651013)

AttributeError: 'numpy.float64' object has no attribute 'iloc'
2025-06-20 14:23:34.104 | ERROR    | mamba2.crew.day_trader:run_strategy:69 - Error evaluating GBPUSD: 'numpy.float64' object has no attribute 'iloc'
2025-06-20 14:23:34.104 | DEBUG    | mamba2.crew.day_trader:run_strategy:70 - Full error details
Traceback (most recent call last):

  File "e:\mamba2\main.py", line 237, in <module>
    asyncio.run(main())
    │       │   └ <function main at 0x000002397F985D80>
    │       └ <function run at 0x00000239756B7BE0>
    └ <module 'asyncio' from 'C:\\Users\\USER\\AppData\\Roaming\\uv\\python\\cpython-3.10.17-windows-x86_64-none\\lib\\asyncio\\__i...

  File "C:\Users\USER\AppData\Roaming\uv\python\cpython-3.10.17-windows-x86_64-none\lib\asyncio\runners.py", line 44, in run
    return loop.run_until_complete(main)
           │    │                  └ <coroutine object main at 0x000002397D782B20>
           │    └ <function BaseEventLoop.run_until_complete at 0x00000239756B9630>
           └ <ProactorEventLoop running=True closed=False debug=False>

  File "C:\Users\USER\AppData\Roaming\uv\python\cpython-3.10.17-windows-x86_64-none\lib\asyncio\base_events.py", line 636, in run_until_complete
    self.run_forever()
    │    └ <function ProactorEventLoop.run_forever at 0x0000023975770670>
    └ <ProactorEventLoop running=True closed=False debug=False>

  File "C:\Users\USER\AppData\Roaming\uv\python\cpython-3.10.17-windows-x86_64-none\lib\asyncio\windows_events.py", line 321, in run_forever
    super().run_forever()

  File "C:\Users\USER\AppData\Roaming\uv\python\cpython-3.10.17-windows-x86_64-none\lib\asyncio\base_events.py", line 603, in run_forever
    self._run_once()
    │    └ <function BaseEventLoop._run_once at 0x00000239756BB0A0>
    └ <ProactorEventLoop running=True closed=False debug=False>

  File "C:\Users\USER\AppData\Roaming\uv\python\cpython-3.10.17-windows-x86_64-none\lib\asyncio\base_events.py", line 1909, in _run_once
    handle._run()
    │      └ <function Handle._run at 0x00000239756228C0>
    └ <Handle Task.task_wakeup(<Future finished result=None>)>

  File "C:\Users\USER\AppData\Roaming\uv\python\cpython-3.10.17-windows-x86_64-none\lib\asyncio\events.py", line 80, in _run
    self._context.run(self._callback, *self._args)
    │    │            │    │           │    └ <member '_args' of 'Handle' objects>
    │    │            │    │           └ <Handle Task.task_wakeup(<Future finished result=None>)>
    │    │            │    └ <member '_callback' of 'Handle' objects>
    │    │            └ <Handle Task.task_wakeup(<Future finished result=None>)>
    │    └ <member '_context' of 'Handle' objects>
    └ <Handle Task.task_wakeup(<Future finished result=None>)>

  File "e:\mamba2\mamba2\crew\day_trader.py", line 90, in run
    await self.run_strategy(symbol)
          │    │            └ 'GBPUSD'
          │    └ <function DayTrader.run_strategy at 0x000002397F9857E0>
          └ <mamba2.crew.day_trader.DayTrader object at 0x000002397F971540>

> File "e:\mamba2\mamba2\crew\day_trader.py", line 61, in run_strategy
    await self.strategies[symbol].evaluate(market_context)
          │    │          │                └ {'broker': <mamba2.broker.mt5_broker.MT5Broker object at 0x000002397F973880>, 'rate_fetcher': <RatesFetcher(RateFetcherThread...
          │    │          └ 'GBPUSD'
          │    └ {'EURUSD': <mamba2.strategy.triple_cross.StochasticTripleTFStrategy object at 0x000002397F9715D0>, 'EURJPY': <mamba2.strategy...
          └ <mamba2.crew.day_trader.DayTrader object at 0x000002397F971540>

  File "e:\mamba2\mamba2\strategy\triple_cross.py", line 134, in evaluate
    current_rsi = rsi.iloc[-1]
                  └ np.float64(54.85243937142911)

AttributeError: 'numpy.float64' object has no attribute 'iloc'
2025-06-20 14:24:04.164 | ERROR    | mamba2.crew.day_trader:run_strategy:69 - Error evaluating EURUSD: 'numpy.float64' object has no attribute 'iloc'
2025-06-20 14:24:04.164 | DEBUG    | mamba2.crew.day_trader:run_strategy:70 - Full error details
Traceback (most recent call last):

  File "e:\mamba2\main.py", line 237, in <module>
    asyncio.run(main())
    │       │   └ <function main at 0x000002397F985D80>
    │       └ <function run at 0x00000239756B7BE0>
    └ <module 'asyncio' from 'C:\\Users\\USER\\AppData\\Roaming\\uv\\python\\cpython-3.10.17-windows-x86_64-none\\lib\\asyncio\\__i...

  File "C:\Users\USER\AppData\Roaming\uv\python\cpython-3.10.17-windows-x86_64-none\lib\asyncio\runners.py", line 44, in run
    return loop.run_until_complete(main)
           │    │                  └ <coroutine object main at 0x000002397D782B20>
           │    └ <function BaseEventLoop.run_until_complete at 0x00000239756B9630>
           └ <ProactorEventLoop running=True closed=False debug=False>

  File "C:\Users\USER\AppData\Roaming\uv\python\cpython-3.10.17-windows-x86_64-none\lib\asyncio\base_events.py", line 636, in run_until_complete
    self.run_forever()
    │    └ <function ProactorEventLoop.run_forever at 0x0000023975770670>
    └ <ProactorEventLoop running=True closed=False debug=False>

  File "C:\Users\USER\AppData\Roaming\uv\python\cpython-3.10.17-windows-x86_64-none\lib\asyncio\windows_events.py", line 321, in run_forever
    super().run_forever()

  File "C:\Users\USER\AppData\Roaming\uv\python\cpython-3.10.17-windows-x86_64-none\lib\asyncio\base_events.py", line 603, in run_forever
    self._run_once()
    │    └ <function BaseEventLoop._run_once at 0x00000239756BB0A0>
    └ <ProactorEventLoop running=True closed=False debug=False>

  File "C:\Users\USER\AppData\Roaming\uv\python\cpython-3.10.17-windows-x86_64-none\lib\asyncio\base_events.py", line 1909, in _run_once
    handle._run()
    │      └ <function Handle._run at 0x00000239756228C0>
    └ <Handle Task.task_wakeup(<Future finished result=None>)>

  File "C:\Users\USER\AppData\Roaming\uv\python\cpython-3.10.17-windows-x86_64-none\lib\asyncio\events.py", line 80, in _run
    self._context.run(self._callback, *self._args)
    │    │            │    │           │    └ <member '_args' of 'Handle' objects>
    │    │            │    │           └ <Handle Task.task_wakeup(<Future finished result=None>)>
    │    │            │    └ <member '_callback' of 'Handle' objects>
    │    │            └ <Handle Task.task_wakeup(<Future finished result=None>)>
    │    └ <member '_context' of 'Handle' objects>
    └ <Handle Task.task_wakeup(<Future finished result=None>)>

  File "e:\mamba2\mamba2\crew\day_trader.py", line 90, in run
    await self.run_strategy(symbol)
          │    │            └ 'EURUSD'
          │    └ <function DayTrader.run_strategy at 0x000002397F9857E0>
          └ <mamba2.crew.day_trader.DayTrader object at 0x000002397F971540>

> File "e:\mamba2\mamba2\crew\day_trader.py", line 61, in run_strategy
    await self.strategies[symbol].evaluate(market_context)
          │    │          │                └ {'broker': <mamba2.broker.mt5_broker.MT5Broker object at 0x000002397F973880>, 'rate_fetcher': <RatesFetcher(RateFetcherThread...
          │    │          └ 'EURUSD'
          │    └ {'EURUSD': <mamba2.strategy.triple_cross.StochasticTripleTFStrategy object at 0x000002397F9715D0>, 'EURJPY': <mamba2.strategy...
          └ <mamba2.crew.day_trader.DayTrader object at 0x000002397F971540>

  File "e:\mamba2\mamba2\strategy\triple_cross.py", line 266, in evaluate
    current_rsi = rsi.iloc[-1]
                  └ np.float64(36.07580780651013)

AttributeError: 'numpy.float64' object has no attribute 'iloc'
2025-06-20 14:24:04.302 | ERROR    | mamba2.crew.day_trader:run_strategy:69 - Error evaluating GBPUSD: 'numpy.float64' object has no attribute 'iloc'
2025-06-20 14:24:04.302 | DEBUG    | mamba2.crew.day_trader:run_strategy:70 - Full error details
Traceback (most recent call last):

  File "e:\mamba2\main.py", line 237, in <module>
    asyncio.run(main())
    │       │   └ <function main at 0x000002397F985D80>
    │       └ <function run at 0x00000239756B7BE0>
    └ <module 'asyncio' from 'C:\\Users\\USER\\AppData\\Roaming\\uv\\python\\cpython-3.10.17-windows-x86_64-none\\lib\\asyncio\\__i...

  File "C:\Users\USER\AppData\Roaming\uv\python\cpython-3.10.17-windows-x86_64-none\lib\asyncio\runners.py", line 44, in run
    return loop.run_until_complete(main)
           │    │                  └ <coroutine object main at 0x000002397D782B20>
           │    └ <function BaseEventLoop.run_until_complete at 0x00000239756B9630>
           └ <ProactorEventLoop running=True closed=False debug=False>

  File "C:\Users\USER\AppData\Roaming\uv\python\cpython-3.10.17-windows-x86_64-none\lib\asyncio\base_events.py", line 636, in run_until_complete
    self.run_forever()
    │    └ <function ProactorEventLoop.run_forever at 0x0000023975770670>
    └ <ProactorEventLoop running=True closed=False debug=False>

  File "C:\Users\USER\AppData\Roaming\uv\python\cpython-3.10.17-windows-x86_64-none\lib\asyncio\windows_events.py", line 321, in run_forever
    super().run_forever()

  File "C:\Users\USER\AppData\Roaming\uv\python\cpython-3.10.17-windows-x86_64-none\lib\asyncio\base_events.py", line 603, in run_forever
    self._run_once()
    │    └ <function BaseEventLoop._run_once at 0x00000239756BB0A0>
    └ <ProactorEventLoop running=True closed=False debug=False>

  File "C:\Users\USER\AppData\Roaming\uv\python\cpython-3.10.17-windows-x86_64-none\lib\asyncio\base_events.py", line 1909, in _run_once
    handle._run()
    │      └ <function Handle._run at 0x00000239756228C0>
    └ <Handle Task.task_wakeup(<Future finished result=None>)>

  File "C:\Users\USER\AppData\Roaming\uv\python\cpython-3.10.17-windows-x86_64-none\lib\asyncio\events.py", line 80, in _run
    self._context.run(self._callback, *self._args)
    │    │            │    │           │    └ <member '_args' of 'Handle' objects>
    │    │            │    │           └ <Handle Task.task_wakeup(<Future finished result=None>)>
    │    │            │    └ <member '_callback' of 'Handle' objects>
    │    │            └ <Handle Task.task_wakeup(<Future finished result=None>)>
    │    └ <member '_context' of 'Handle' objects>
    └ <Handle Task.task_wakeup(<Future finished result=None>)>

  File "e:\mamba2\mamba2\crew\day_trader.py", line 90, in run
    await self.run_strategy(symbol)
          │    │            └ 'GBPUSD'
          │    └ <function DayTrader.run_strategy at 0x000002397F9857E0>
          └ <mamba2.crew.day_trader.DayTrader object at 0x000002397F971540>

> File "e:\mamba2\mamba2\crew\day_trader.py", line 61, in run_strategy
    await self.strategies[symbol].evaluate(market_context)
          │    │          │                └ {'broker': <mamba2.broker.mt5_broker.MT5Broker object at 0x000002397F973880>, 'rate_fetcher': <RatesFetcher(RateFetcherThread...
          │    │          └ 'GBPUSD'
          │    └ {'EURUSD': <mamba2.strategy.triple_cross.StochasticTripleTFStrategy object at 0x000002397F9715D0>, 'EURJPY': <mamba2.strategy...
          └ <mamba2.crew.day_trader.DayTrader object at 0x000002397F971540>

  File "e:\mamba2\mamba2\strategy\triple_cross.py", line 134, in evaluate
    current_rsi = rsi.iloc[-1]
                  └ np.float64(54.85243937142911)

AttributeError: 'numpy.float64' object has no attribute 'iloc'
2025-06-20 14:24:34.386 | ERROR    | mamba2.crew.day_trader:run_strategy:69 - Error evaluating EURUSD: 'numpy.float64' object has no attribute 'iloc'
2025-06-20 14:24:34.386 | DEBUG    | mamba2.crew.day_trader:run_strategy:70 - Full error details
Traceback (most recent call last):

  File "e:\mamba2\main.py", line 237, in <module>
    asyncio.run(main())
    │       │   └ <function main at 0x000002397F985D80>
    │       └ <function run at 0x00000239756B7BE0>
    └ <module 'asyncio' from 'C:\\Users\\USER\\AppData\\Roaming\\uv\\python\\cpython-3.10.17-windows-x86_64-none\\lib\\asyncio\\__i...

  File "C:\Users\USER\AppData\Roaming\uv\python\cpython-3.10.17-windows-x86_64-none\lib\asyncio\runners.py", line 44, in run
    return loop.run_until_complete(main)
           │    │                  └ <coroutine object main at 0x000002397D782B20>
           │    └ <function BaseEventLoop.run_until_complete at 0x00000239756B9630>
           └ <ProactorEventLoop running=True closed=False debug=False>

  File "C:\Users\USER\AppData\Roaming\uv\python\cpython-3.10.17-windows-x86_64-none\lib\asyncio\base_events.py", line 636, in run_until_complete
    self.run_forever()
    │    └ <function ProactorEventLoop.run_forever at 0x0000023975770670>
    └ <ProactorEventLoop running=True closed=False debug=False>

  File "C:\Users\USER\AppData\Roaming\uv\python\cpython-3.10.17-windows-x86_64-none\lib\asyncio\windows_events.py", line 321, in run_forever
    super().run_forever()

  File "C:\Users\USER\AppData\Roaming\uv\python\cpython-3.10.17-windows-x86_64-none\lib\asyncio\base_events.py", line 603, in run_forever
    self._run_once()
    │    └ <function BaseEventLoop._run_once at 0x00000239756BB0A0>
    └ <ProactorEventLoop running=True closed=False debug=False>

  File "C:\Users\USER\AppData\Roaming\uv\python\cpython-3.10.17-windows-x86_64-none\lib\asyncio\base_events.py", line 1909, in _run_once
    handle._run()
    │      └ <function Handle._run at 0x00000239756228C0>
    └ <Handle Task.task_wakeup(<Future finished result=None>)>

  File "C:\Users\USER\AppData\Roaming\uv\python\cpython-3.10.17-windows-x86_64-none\lib\asyncio\events.py", line 80, in _run
    self._context.run(self._callback, *self._args)
    │    │            │    │           │    └ <member '_args' of 'Handle' objects>
    │    │            │    │           └ <Handle Task.task_wakeup(<Future finished result=None>)>
    │    │            │    └ <member '_callback' of 'Handle' objects>
    │    │            └ <Handle Task.task_wakeup(<Future finished result=None>)>
    │    └ <member '_context' of 'Handle' objects>
    └ <Handle Task.task_wakeup(<Future finished result=None>)>

  File "e:\mamba2\mamba2\crew\day_trader.py", line 90, in run
    await self.run_strategy(symbol)
          │    │            └ 'EURUSD'
          │    └ <function DayTrader.run_strategy at 0x000002397F9857E0>
          └ <mamba2.crew.day_trader.DayTrader object at 0x000002397F971540>

> File "e:\mamba2\mamba2\crew\day_trader.py", line 61, in run_strategy
    await self.strategies[symbol].evaluate(market_context)
          │    │          │                └ {'broker': <mamba2.broker.mt5_broker.MT5Broker object at 0x000002397F973880>, 'rate_fetcher': <RatesFetcher(RateFetcherThread...
          │    │          └ 'EURUSD'
          │    └ {'EURUSD': <mamba2.strategy.triple_cross.StochasticTripleTFStrategy object at 0x000002397F9715D0>, 'EURJPY': <mamba2.strategy...
          └ <mamba2.crew.day_trader.DayTrader object at 0x000002397F971540>

  File "e:\mamba2\mamba2\strategy\triple_cross.py", line 266, in evaluate
    current_rsi = rsi.iloc[-1]
                  └ np.float64(36.07580780651013)

AttributeError: 'numpy.float64' object has no attribute 'iloc'
2025-06-20 14:24:34.452 | ERROR    | mamba2.crew.day_trader:run_strategy:69 - Error evaluating GBPUSD: 'numpy.float64' object has no attribute 'iloc'
2025-06-20 14:24:34.452 | DEBUG    | mamba2.crew.day_trader:run_strategy:70 - Full error details
Traceback (most recent call last):

  File "e:\mamba2\main.py", line 237, in <module>
    asyncio.run(main())
    │       │   └ <function main at 0x000002397F985D80>
    │       └ <function run at 0x00000239756B7BE0>
    └ <module 'asyncio' from 'C:\\Users\\USER\\AppData\\Roaming\\uv\\python\\cpython-3.10.17-windows-x86_64-none\\lib\\asyncio\\__i...

  File "C:\Users\USER\AppData\Roaming\uv\python\cpython-3.10.17-windows-x86_64-none\lib\asyncio\runners.py", line 44, in run
    return loop.run_until_complete(main)
           │    │                  └ <coroutine object main at 0x000002397D782B20>
           │    └ <function BaseEventLoop.run_until_complete at 0x00000239756B9630>
           └ <ProactorEventLoop running=True closed=False debug=False>

  File "C:\Users\USER\AppData\Roaming\uv\python\cpython-3.10.17-windows-x86_64-none\lib\asyncio\base_events.py", line 636, in run_until_complete
    self.run_forever()
    │    └ <function ProactorEventLoop.run_forever at 0x0000023975770670>
    └ <ProactorEventLoop running=True closed=False debug=False>

  File "C:\Users\USER\AppData\Roaming\uv\python\cpython-3.10.17-windows-x86_64-none\lib\asyncio\windows_events.py", line 321, in run_forever
    super().run_forever()

  File "C:\Users\USER\AppData\Roaming\uv\python\cpython-3.10.17-windows-x86_64-none\lib\asyncio\base_events.py", line 603, in run_forever
    self._run_once()
    │    └ <function BaseEventLoop._run_once at 0x00000239756BB0A0>
    └ <ProactorEventLoop running=True closed=False debug=False>

  File "C:\Users\USER\AppData\Roaming\uv\python\cpython-3.10.17-windows-x86_64-none\lib\asyncio\base_events.py", line 1909, in _run_once
    handle._run()
    │      └ <function Handle._run at 0x00000239756228C0>
    └ <Handle Task.task_wakeup(<Future finished result=None>)>

  File "C:\Users\USER\AppData\Roaming\uv\python\cpython-3.10.17-windows-x86_64-none\lib\asyncio\events.py", line 80, in _run
    self._context.run(self._callback, *self._args)
    │    │            │    │           │    └ <member '_args' of 'Handle' objects>
    │    │            │    │           └ <Handle Task.task_wakeup(<Future finished result=None>)>
    │    │            │    └ <member '_callback' of 'Handle' objects>
    │    │            └ <Handle Task.task_wakeup(<Future finished result=None>)>
    │    └ <member '_context' of 'Handle' objects>
    └ <Handle Task.task_wakeup(<Future finished result=None>)>

  File "e:\mamba2\mamba2\crew\day_trader.py", line 90, in run
    await self.run_strategy(symbol)
          │    │            └ 'GBPUSD'
          │    └ <function DayTrader.run_strategy at 0x000002397F9857E0>
          └ <mamba2.crew.day_trader.DayTrader object at 0x000002397F971540>

> File "e:\mamba2\mamba2\crew\day_trader.py", line 61, in run_strategy
    await self.strategies[symbol].evaluate(market_context)
          │    │          │                └ {'broker': <mamba2.broker.mt5_broker.MT5Broker object at 0x000002397F973880>, 'rate_fetcher': <RatesFetcher(RateFetcherThread...
          │    │          └ 'GBPUSD'
          │    └ {'EURUSD': <mamba2.strategy.triple_cross.StochasticTripleTFStrategy object at 0x000002397F9715D0>, 'EURJPY': <mamba2.strategy...
          └ <mamba2.crew.day_trader.DayTrader object at 0x000002397F971540>

  File "e:\mamba2\mamba2\strategy\triple_cross.py", line 134, in evaluate
    current_rsi = rsi.iloc[-1]
                  └ np.float64(54.85243937142911)

AttributeError: 'numpy.float64' object has no attribute 'iloc'
2025-06-20 14:25:04.529 | ERROR    | mamba2.crew.day_trader:run_strategy:69 - Error evaluating EURUSD: 'numpy.float64' object has no attribute 'iloc'
2025-06-20 14:25:04.529 | DEBUG    | mamba2.crew.day_trader:run_strategy:70 - Full error details
Traceback (most recent call last):

  File "e:\mamba2\main.py", line 237, in <module>
    asyncio.run(main())
    │       │   └ <function main at 0x000002397F985D80>
    │       └ <function run at 0x00000239756B7BE0>
    └ <module 'asyncio' from 'C:\\Users\\USER\\AppData\\Roaming\\uv\\python\\cpython-3.10.17-windows-x86_64-none\\lib\\asyncio\\__i...

  File "C:\Users\USER\AppData\Roaming\uv\python\cpython-3.10.17-windows-x86_64-none\lib\asyncio\runners.py", line 44, in run
    return loop.run_until_complete(main)
           │    │                  └ <coroutine object main at 0x000002397D782B20>
           │    └ <function BaseEventLoop.run_until_complete at 0x00000239756B9630>
           └ <ProactorEventLoop running=True closed=False debug=False>

  File "C:\Users\USER\AppData\Roaming\uv\python\cpython-3.10.17-windows-x86_64-none\lib\asyncio\base_events.py", line 636, in run_until_complete
    self.run_forever()
    │    └ <function ProactorEventLoop.run_forever at 0x0000023975770670>
    └ <ProactorEventLoop running=True closed=False debug=False>

  File "C:\Users\USER\AppData\Roaming\uv\python\cpython-3.10.17-windows-x86_64-none\lib\asyncio\windows_events.py", line 321, in run_forever
    super().run_forever()

  File "C:\Users\USER\AppData\Roaming\uv\python\cpython-3.10.17-windows-x86_64-none\lib\asyncio\base_events.py", line 603, in run_forever
    self._run_once()
    │    └ <function BaseEventLoop._run_once at 0x00000239756BB0A0>
    └ <ProactorEventLoop running=True closed=False debug=False>

  File "C:\Users\USER\AppData\Roaming\uv\python\cpython-3.10.17-windows-x86_64-none\lib\asyncio\base_events.py", line 1909, in _run_once
    handle._run()
    │      └ <function Handle._run at 0x00000239756228C0>
    └ <Handle Task.task_wakeup(<Future finished result=None>)>

  File "C:\Users\USER\AppData\Roaming\uv\python\cpython-3.10.17-windows-x86_64-none\lib\asyncio\events.py", line 80, in _run
    self._context.run(self._callback, *self._args)
    │    │            │    │           │    └ <member '_args' of 'Handle' objects>
    │    │            │    │           └ <Handle Task.task_wakeup(<Future finished result=None>)>
    │    │            │    └ <member '_callback' of 'Handle' objects>
    │    │            └ <Handle Task.task_wakeup(<Future finished result=None>)>
    │    └ <member '_context' of 'Handle' objects>
    └ <Handle Task.task_wakeup(<Future finished result=None>)>

  File "e:\mamba2\mamba2\crew\day_trader.py", line 90, in run
    await self.run_strategy(symbol)
          │    │            └ 'EURUSD'
          │    └ <function DayTrader.run_strategy at 0x000002397F9857E0>
          └ <mamba2.crew.day_trader.DayTrader object at 0x000002397F971540>

> File "e:\mamba2\mamba2\crew\day_trader.py", line 61, in run_strategy
    await self.strategies[symbol].evaluate(market_context)
          │    │          │                └ {'broker': <mamba2.broker.mt5_broker.MT5Broker object at 0x000002397F973880>, 'rate_fetcher': <RatesFetcher(RateFetcherThread...
          │    │          └ 'EURUSD'
          │    └ {'EURUSD': <mamba2.strategy.triple_cross.StochasticTripleTFStrategy object at 0x000002397F9715D0>, 'EURJPY': <mamba2.strategy...
          └ <mamba2.crew.day_trader.DayTrader object at 0x000002397F971540>

  File "e:\mamba2\mamba2\strategy\triple_cross.py", line 266, in evaluate
    current_rsi = rsi.iloc[-1]
                  └ np.float64(36.07580780651013)

AttributeError: 'numpy.float64' object has no attribute 'iloc'
2025-06-20 14:25:04.589 | ERROR    | mamba2.crew.day_trader:run_strategy:69 - Error evaluating GBPUSD: 'numpy.float64' object has no attribute 'iloc'
2025-06-20 14:25:04.589 | DEBUG    | mamba2.crew.day_trader:run_strategy:70 - Full error details
Traceback (most recent call last):

  File "e:\mamba2\main.py", line 237, in <module>
    asyncio.run(main())
    │       │   └ <function main at 0x000002397F985D80>
    │       └ <function run at 0x00000239756B7BE0>
    └ <module 'asyncio' from 'C:\\Users\\USER\\AppData\\Roaming\\uv\\python\\cpython-3.10.17-windows-x86_64-none\\lib\\asyncio\\__i...

  File "C:\Users\USER\AppData\Roaming\uv\python\cpython-3.10.17-windows-x86_64-none\lib\asyncio\runners.py", line 44, in run
    return loop.run_until_complete(main)
           │    │                  └ <coroutine object main at 0x000002397D782B20>
           │    └ <function BaseEventLoop.run_until_complete at 0x00000239756B9630>
           └ <ProactorEventLoop running=True closed=False debug=False>

  File "C:\Users\USER\AppData\Roaming\uv\python\cpython-3.10.17-windows-x86_64-none\lib\asyncio\base_events.py", line 636, in run_until_complete
    self.run_forever()
    │    └ <function ProactorEventLoop.run_forever at 0x0000023975770670>
    └ <ProactorEventLoop running=True closed=False debug=False>

  File "C:\Users\USER\AppData\Roaming\uv\python\cpython-3.10.17-windows-x86_64-none\lib\asyncio\windows_events.py", line 321, in run_forever
    super().run_forever()

  File "C:\Users\USER\AppData\Roaming\uv\python\cpython-3.10.17-windows-x86_64-none\lib\asyncio\base_events.py", line 603, in run_forever
    self._run_once()
    │    └ <function BaseEventLoop._run_once at 0x00000239756BB0A0>
    └ <ProactorEventLoop running=True closed=False debug=False>

  File "C:\Users\USER\AppData\Roaming\uv\python\cpython-3.10.17-windows-x86_64-none\lib\asyncio\base_events.py", line 1909, in _run_once
    handle._run()
    │      └ <function Handle._run at 0x00000239756228C0>
    └ <Handle Task.task_wakeup(<Future finished result=None>)>

  File "C:\Users\USER\AppData\Roaming\uv\python\cpython-3.10.17-windows-x86_64-none\lib\asyncio\events.py", line 80, in _run
    self._context.run(self._callback, *self._args)
    │    │            │    │           │    └ <member '_args' of 'Handle' objects>
    │    │            │    │           └ <Handle Task.task_wakeup(<Future finished result=None>)>
    │    │            │    └ <member '_callback' of 'Handle' objects>
    │    │            └ <Handle Task.task_wakeup(<Future finished result=None>)>
    │    └ <member '_context' of 'Handle' objects>
    └ <Handle Task.task_wakeup(<Future finished result=None>)>

  File "e:\mamba2\mamba2\crew\day_trader.py", line 90, in run
    await self.run_strategy(symbol)
          │    │            └ 'GBPUSD'
          │    └ <function DayTrader.run_strategy at 0x000002397F9857E0>
          └ <mamba2.crew.day_trader.DayTrader object at 0x000002397F971540>

> File "e:\mamba2\mamba2\crew\day_trader.py", line 61, in run_strategy
    await self.strategies[symbol].evaluate(market_context)
          │    │          │                └ {'broker': <mamba2.broker.mt5_broker.MT5Broker object at 0x000002397F973880>, 'rate_fetcher': <RatesFetcher(RateFetcherThread...
          │    │          └ 'GBPUSD'
          │    └ {'EURUSD': <mamba2.strategy.triple_cross.StochasticTripleTFStrategy object at 0x000002397F9715D0>, 'EURJPY': <mamba2.strategy...
          └ <mamba2.crew.day_trader.DayTrader object at 0x000002397F971540>

  File "e:\mamba2\mamba2\strategy\triple_cross.py", line 134, in evaluate
    current_rsi = rsi.iloc[-1]
                  └ np.float64(54.85243937142911)

AttributeError: 'numpy.float64' object has no attribute 'iloc'
2025-06-20 14:25:34.645 | ERROR    | mamba2.crew.day_trader:run_strategy:69 - Error evaluating EURUSD: 'numpy.float64' object has no attribute 'iloc'
2025-06-20 14:25:34.646 | DEBUG    | mamba2.crew.day_trader:run_strategy:70 - Full error details
Traceback (most recent call last):

  File "e:\mamba2\main.py", line 237, in <module>
    asyncio.run(main())
    │       │   └ <function main at 0x000002397F985D80>
    │       └ <function run at 0x00000239756B7BE0>
    └ <module 'asyncio' from 'C:\\Users\\USER\\AppData\\Roaming\\uv\\python\\cpython-3.10.17-windows-x86_64-none\\lib\\asyncio\\__i...

  File "C:\Users\USER\AppData\Roaming\uv\python\cpython-3.10.17-windows-x86_64-none\lib\asyncio\runners.py", line 44, in run
    return loop.run_until_complete(main)
           │    │                  └ <coroutine object main at 0x000002397D782B20>
           │    └ <function BaseEventLoop.run_until_complete at 0x00000239756B9630>
           └ <ProactorEventLoop running=True closed=False debug=False>

  File "C:\Users\USER\AppData\Roaming\uv\python\cpython-3.10.17-windows-x86_64-none\lib\asyncio\base_events.py", line 636, in run_until_complete
    self.run_forever()
    │    └ <function ProactorEventLoop.run_forever at 0x0000023975770670>
    └ <ProactorEventLoop running=True closed=False debug=False>

  File "C:\Users\USER\AppData\Roaming\uv\python\cpython-3.10.17-windows-x86_64-none\lib\asyncio\windows_events.py", line 321, in run_forever
    super().run_forever()

  File "C:\Users\USER\AppData\Roaming\uv\python\cpython-3.10.17-windows-x86_64-none\lib\asyncio\base_events.py", line 603, in run_forever
    self._run_once()
    │    └ <function BaseEventLoop._run_once at 0x00000239756BB0A0>
    └ <ProactorEventLoop running=True closed=False debug=False>

  File "C:\Users\USER\AppData\Roaming\uv\python\cpython-3.10.17-windows-x86_64-none\lib\asyncio\base_events.py", line 1909, in _run_once
    handle._run()
    │      └ <function Handle._run at 0x00000239756228C0>
    └ <Handle Task.task_wakeup(<Future finished result=None>)>

  File "C:\Users\USER\AppData\Roaming\uv\python\cpython-3.10.17-windows-x86_64-none\lib\asyncio\events.py", line 80, in _run
    self._context.run(self._callback, *self._args)
    │    │            │    │           │    └ <member '_args' of 'Handle' objects>
    │    │            │    │           └ <Handle Task.task_wakeup(<Future finished result=None>)>
    │    │            │    └ <member '_callback' of 'Handle' objects>
    │    │            └ <Handle Task.task_wakeup(<Future finished result=None>)>
    │    └ <member '_context' of 'Handle' objects>
    └ <Handle Task.task_wakeup(<Future finished result=None>)>

  File "e:\mamba2\mamba2\crew\day_trader.py", line 90, in run
    await self.run_strategy(symbol)
          │    │            └ 'EURUSD'
          │    └ <function DayTrader.run_strategy at 0x000002397F9857E0>
          └ <mamba2.crew.day_trader.DayTrader object at 0x000002397F971540>

> File "e:\mamba2\mamba2\crew\day_trader.py", line 61, in run_strategy
    await self.strategies[symbol].evaluate(market_context)
          │    │          │                └ {'broker': <mamba2.broker.mt5_broker.MT5Broker object at 0x000002397F973880>, 'rate_fetcher': <RatesFetcher(RateFetcherThread...
          │    │          └ 'EURUSD'
          │    └ {'EURUSD': <mamba2.strategy.triple_cross.StochasticTripleTFStrategy object at 0x000002397F9715D0>, 'EURJPY': <mamba2.strategy...
          └ <mamba2.crew.day_trader.DayTrader object at 0x000002397F971540>

  File "e:\mamba2\mamba2\strategy\triple_cross.py", line 266, in evaluate
    current_rsi = rsi.iloc[-1]
                  └ np.float64(33.94295202710508)

AttributeError: 'numpy.float64' object has no attribute 'iloc'
2025-06-20 14:25:34.762 | ERROR    | mamba2.crew.day_trader:run_strategy:69 - Error evaluating GBPUSD: 'numpy.float64' object has no attribute 'iloc'
2025-06-20 14:25:34.762 | DEBUG    | mamba2.crew.day_trader:run_strategy:70 - Full error details
Traceback (most recent call last):

  File "e:\mamba2\main.py", line 237, in <module>
    asyncio.run(main())
    │       │   └ <function main at 0x000002397F985D80>
    │       └ <function run at 0x00000239756B7BE0>
    └ <module 'asyncio' from 'C:\\Users\\USER\\AppData\\Roaming\\uv\\python\\cpython-3.10.17-windows-x86_64-none\\lib\\asyncio\\__i...

  File "C:\Users\USER\AppData\Roaming\uv\python\cpython-3.10.17-windows-x86_64-none\lib\asyncio\runners.py", line 44, in run
    return loop.run_until_complete(main)
           │    │                  └ <coroutine object main at 0x000002397D782B20>
           │    └ <function BaseEventLoop.run_until_complete at 0x00000239756B9630>
           └ <ProactorEventLoop running=True closed=False debug=False>

  File "C:\Users\USER\AppData\Roaming\uv\python\cpython-3.10.17-windows-x86_64-none\lib\asyncio\base_events.py", line 636, in run_until_complete
    self.run_forever()
    │    └ <function ProactorEventLoop.run_forever at 0x0000023975770670>
    └ <ProactorEventLoop running=True closed=False debug=False>

  File "C:\Users\USER\AppData\Roaming\uv\python\cpython-3.10.17-windows-x86_64-none\lib\asyncio\windows_events.py", line 321, in run_forever
    super().run_forever()

  File "C:\Users\USER\AppData\Roaming\uv\python\cpython-3.10.17-windows-x86_64-none\lib\asyncio\base_events.py", line 603, in run_forever
    self._run_once()
    │    └ <function BaseEventLoop._run_once at 0x00000239756BB0A0>
    └ <ProactorEventLoop running=True closed=False debug=False>

  File "C:\Users\USER\AppData\Roaming\uv\python\cpython-3.10.17-windows-x86_64-none\lib\asyncio\base_events.py", line 1909, in _run_once
    handle._run()
    │      └ <function Handle._run at 0x00000239756228C0>
    └ <Handle Task.task_wakeup(<Future finished result=None>)>

  File "C:\Users\USER\AppData\Roaming\uv\python\cpython-3.10.17-windows-x86_64-none\lib\asyncio\events.py", line 80, in _run
    self._context.run(self._callback, *self._args)
    │    │            │    │           │    └ <member '_args' of 'Handle' objects>
    │    │            │    │           └ <Handle Task.task_wakeup(<Future finished result=None>)>
    │    │            │    └ <member '_callback' of 'Handle' objects>
    │    │            └ <Handle Task.task_wakeup(<Future finished result=None>)>
    │    └ <member '_context' of 'Handle' objects>
    └ <Handle Task.task_wakeup(<Future finished result=None>)>

  File "e:\mamba2\mamba2\crew\day_trader.py", line 90, in run
    await self.run_strategy(symbol)
          │    │            └ 'GBPUSD'
          │    └ <function DayTrader.run_strategy at 0x000002397F9857E0>
          └ <mamba2.crew.day_trader.DayTrader object at 0x000002397F971540>

> File "e:\mamba2\mamba2\crew\day_trader.py", line 61, in run_strategy
    await self.strategies[symbol].evaluate(market_context)
          │    │          │                └ {'broker': <mamba2.broker.mt5_broker.MT5Broker object at 0x000002397F973880>, 'rate_fetcher': <RatesFetcher(RateFetcherThread...
          │    │          └ 'GBPUSD'
          │    └ {'EURUSD': <mamba2.strategy.triple_cross.StochasticTripleTFStrategy object at 0x000002397F9715D0>, 'EURJPY': <mamba2.strategy...
          └ <mamba2.crew.day_trader.DayTrader object at 0x000002397F971540>

  File "e:\mamba2\mamba2\strategy\triple_cross.py", line 134, in evaluate
    current_rsi = rsi.iloc[-1]
                  └ np.float64(56.42894229863223)

AttributeError: 'numpy.float64' object has no attribute 'iloc'
2025-06-20 14:26:04.834 | ERROR    | mamba2.crew.day_trader:run_strategy:69 - Error evaluating EURUSD: 'numpy.float64' object has no attribute 'iloc'
2025-06-20 14:26:04.837 | DEBUG    | mamba2.crew.day_trader:run_strategy:70 - Full error details
Traceback (most recent call last):

  File "e:\mamba2\main.py", line 237, in <module>
    asyncio.run(main())
    │       │   └ <function main at 0x000002397F985D80>
    │       └ <function run at 0x00000239756B7BE0>
    └ <module 'asyncio' from 'C:\\Users\\USER\\AppData\\Roaming\\uv\\python\\cpython-3.10.17-windows-x86_64-none\\lib\\asyncio\\__i...

  File "C:\Users\USER\AppData\Roaming\uv\python\cpython-3.10.17-windows-x86_64-none\lib\asyncio\runners.py", line 44, in run
    return loop.run_until_complete(main)
           │    │                  └ <coroutine object main at 0x000002397D782B20>
           │    └ <function BaseEventLoop.run_until_complete at 0x00000239756B9630>
           └ <ProactorEventLoop running=True closed=False debug=False>

  File "C:\Users\USER\AppData\Roaming\uv\python\cpython-3.10.17-windows-x86_64-none\lib\asyncio\base_events.py", line 636, in run_until_complete
    self.run_forever()
    │    └ <function ProactorEventLoop.run_forever at 0x0000023975770670>
    └ <ProactorEventLoop running=True closed=False debug=False>

  File "C:\Users\USER\AppData\Roaming\uv\python\cpython-3.10.17-windows-x86_64-none\lib\asyncio\windows_events.py", line 321, in run_forever
    super().run_forever()

  File "C:\Users\USER\AppData\Roaming\uv\python\cpython-3.10.17-windows-x86_64-none\lib\asyncio\base_events.py", line 603, in run_forever
    self._run_once()
    │    └ <function BaseEventLoop._run_once at 0x00000239756BB0A0>
    └ <ProactorEventLoop running=True closed=False debug=False>

  File "C:\Users\USER\AppData\Roaming\uv\python\cpython-3.10.17-windows-x86_64-none\lib\asyncio\base_events.py", line 1909, in _run_once
    handle._run()
    │      └ <function Handle._run at 0x00000239756228C0>
    └ <Handle Task.task_wakeup(<Future finished result=None>)>

  File "C:\Users\USER\AppData\Roaming\uv\python\cpython-3.10.17-windows-x86_64-none\lib\asyncio\events.py", line 80, in _run
    self._context.run(self._callback, *self._args)
    │    │            │    │           │    └ <member '_args' of 'Handle' objects>
    │    │            │    │           └ <Handle Task.task_wakeup(<Future finished result=None>)>
    │    │            │    └ <member '_callback' of 'Handle' objects>
    │    │            └ <Handle Task.task_wakeup(<Future finished result=None>)>
    │    └ <member '_context' of 'Handle' objects>
    └ <Handle Task.task_wakeup(<Future finished result=None>)>

  File "e:\mamba2\mamba2\crew\day_trader.py", line 90, in run
    await self.run_strategy(symbol)
          │    │            └ 'EURUSD'
          │    └ <function DayTrader.run_strategy at 0x000002397F9857E0>
          └ <mamba2.crew.day_trader.DayTrader object at 0x000002397F971540>

> File "e:\mamba2\mamba2\crew\day_trader.py", line 61, in run_strategy
    await self.strategies[symbol].evaluate(market_context)
          │    │          │                └ {'broker': <mamba2.broker.mt5_broker.MT5Broker object at 0x000002397F973880>, 'rate_fetcher': <RatesFetcher(RateFetcherThread...
          │    │          └ 'EURUSD'
          │    └ {'EURUSD': <mamba2.strategy.triple_cross.StochasticTripleTFStrategy object at 0x000002397F9715D0>, 'EURJPY': <mamba2.strategy...
          └ <mamba2.crew.day_trader.DayTrader object at 0x000002397F971540>

  File "e:\mamba2\mamba2\strategy\triple_cross.py", line 266, in evaluate
    current_rsi = rsi.iloc[-1]
                  └ np.float64(33.94295202710508)

AttributeError: 'numpy.float64' object has no attribute 'iloc'
2025-06-20 14:26:04.936 | ERROR    | mamba2.crew.day_trader:run_strategy:69 - Error evaluating GBPUSD: 'numpy.float64' object has no attribute 'iloc'
2025-06-20 14:26:04.938 | DEBUG    | mamba2.crew.day_trader:run_strategy:70 - Full error details
Traceback (most recent call last):

  File "e:\mamba2\main.py", line 237, in <module>
    asyncio.run(main())
    │       │   └ <function main at 0x000002397F985D80>
    │       └ <function run at 0x00000239756B7BE0>
    └ <module 'asyncio' from 'C:\\Users\\USER\\AppData\\Roaming\\uv\\python\\cpython-3.10.17-windows-x86_64-none\\lib\\asyncio\\__i...

  File "C:\Users\USER\AppData\Roaming\uv\python\cpython-3.10.17-windows-x86_64-none\lib\asyncio\runners.py", line 44, in run
    return loop.run_until_complete(main)
           │    │                  └ <coroutine object main at 0x000002397D782B20>
           │    └ <function BaseEventLoop.run_until_complete at 0x00000239756B9630>
           └ <ProactorEventLoop running=True closed=False debug=False>

  File "C:\Users\USER\AppData\Roaming\uv\python\cpython-3.10.17-windows-x86_64-none\lib\asyncio\base_events.py", line 636, in run_until_complete
    self.run_forever()
    │    └ <function ProactorEventLoop.run_forever at 0x0000023975770670>
    └ <ProactorEventLoop running=True closed=False debug=False>

  File "C:\Users\USER\AppData\Roaming\uv\python\cpython-3.10.17-windows-x86_64-none\lib\asyncio\windows_events.py", line 321, in run_forever
    super().run_forever()

  File "C:\Users\USER\AppData\Roaming\uv\python\cpython-3.10.17-windows-x86_64-none\lib\asyncio\base_events.py", line 603, in run_forever
    self._run_once()
    │    └ <function BaseEventLoop._run_once at 0x00000239756BB0A0>
    └ <ProactorEventLoop running=True closed=False debug=False>

  File "C:\Users\USER\AppData\Roaming\uv\python\cpython-3.10.17-windows-x86_64-none\lib\asyncio\base_events.py", line 1909, in _run_once
    handle._run()
    │      └ <function Handle._run at 0x00000239756228C0>
    └ <Handle Task.task_wakeup(<Future finished result=None>)>

  File "C:\Users\USER\AppData\Roaming\uv\python\cpython-3.10.17-windows-x86_64-none\lib\asyncio\events.py", line 80, in _run
    self._context.run(self._callback, *self._args)
    │    │            │    │           │    └ <member '_args' of 'Handle' objects>
    │    │            │    │           └ <Handle Task.task_wakeup(<Future finished result=None>)>
    │    │            │    └ <member '_callback' of 'Handle' objects>
    │    │            └ <Handle Task.task_wakeup(<Future finished result=None>)>
    │    └ <member '_context' of 'Handle' objects>
    └ <Handle Task.task_wakeup(<Future finished result=None>)>

  File "e:\mamba2\mamba2\crew\day_trader.py", line 90, in run
    await self.run_strategy(symbol)
          │    │            └ 'GBPUSD'
          │    └ <function DayTrader.run_strategy at 0x000002397F9857E0>
          └ <mamba2.crew.day_trader.DayTrader object at 0x000002397F971540>

> File "e:\mamba2\mamba2\crew\day_trader.py", line 61, in run_strategy
    await self.strategies[symbol].evaluate(market_context)
          │    │          │                └ {'broker': <mamba2.broker.mt5_broker.MT5Broker object at 0x000002397F973880>, 'rate_fetcher': <RatesFetcher(RateFetcherThread...
          │    │          └ 'GBPUSD'
          │    └ {'EURUSD': <mamba2.strategy.triple_cross.StochasticTripleTFStrategy object at 0x000002397F9715D0>, 'EURJPY': <mamba2.strategy...
          └ <mamba2.crew.day_trader.DayTrader object at 0x000002397F971540>

  File "e:\mamba2\mamba2\strategy\triple_cross.py", line 134, in evaluate
    current_rsi = rsi.iloc[-1]
                  └ np.float64(56.42894229863223)

AttributeError: 'numpy.float64' object has no attribute 'iloc'
2025-06-20 14:26:23.681 | SUCCESS  | mamba2.crew.position_manager:_update_position_sl:176 - Successfully updated position 52684921597 (SL=145.44989, TP=145.59421)
2025-06-20 14:26:34.995 | ERROR    | mamba2.crew.day_trader:run_strategy:69 - Error evaluating EURUSD: 'numpy.float64' object has no attribute 'iloc'
2025-06-20 14:26:34.996 | DEBUG    | mamba2.crew.day_trader:run_strategy:70 - Full error details
Traceback (most recent call last):

  File "e:\mamba2\main.py", line 237, in <module>
    asyncio.run(main())
    │       │   └ <function main at 0x000002397F985D80>
    │       └ <function run at 0x00000239756B7BE0>
    └ <module 'asyncio' from 'C:\\Users\\USER\\AppData\\Roaming\\uv\\python\\cpython-3.10.17-windows-x86_64-none\\lib\\asyncio\\__i...

  File "C:\Users\USER\AppData\Roaming\uv\python\cpython-3.10.17-windows-x86_64-none\lib\asyncio\runners.py", line 44, in run
    return loop.run_until_complete(main)
           │    │                  └ <coroutine object main at 0x000002397D782B20>
           │    └ <function BaseEventLoop.run_until_complete at 0x00000239756B9630>
           └ <ProactorEventLoop running=True closed=False debug=False>

  File "C:\Users\USER\AppData\Roaming\uv\python\cpython-3.10.17-windows-x86_64-none\lib\asyncio\base_events.py", line 636, in run_until_complete
    self.run_forever()
    │    └ <function ProactorEventLoop.run_forever at 0x0000023975770670>
    └ <ProactorEventLoop running=True closed=False debug=False>

  File "C:\Users\USER\AppData\Roaming\uv\python\cpython-3.10.17-windows-x86_64-none\lib\asyncio\windows_events.py", line 321, in run_forever
    super().run_forever()

  File "C:\Users\USER\AppData\Roaming\uv\python\cpython-3.10.17-windows-x86_64-none\lib\asyncio\base_events.py", line 603, in run_forever
    self._run_once()
    │    └ <function BaseEventLoop._run_once at 0x00000239756BB0A0>
    └ <ProactorEventLoop running=True closed=False debug=False>

  File "C:\Users\USER\AppData\Roaming\uv\python\cpython-3.10.17-windows-x86_64-none\lib\asyncio\base_events.py", line 1909, in _run_once
    handle._run()
    │      └ <function Handle._run at 0x00000239756228C0>
    └ <Handle Task.task_wakeup(<Future finished result=None>)>

  File "C:\Users\USER\AppData\Roaming\uv\python\cpython-3.10.17-windows-x86_64-none\lib\asyncio\events.py", line 80, in _run
    self._context.run(self._callback, *self._args)
    │    │            │    │           │    └ <member '_args' of 'Handle' objects>
    │    │            │    │           └ <Handle Task.task_wakeup(<Future finished result=None>)>
    │    │            │    └ <member '_callback' of 'Handle' objects>
    │    │            └ <Handle Task.task_wakeup(<Future finished result=None>)>
    │    └ <member '_context' of 'Handle' objects>
    └ <Handle Task.task_wakeup(<Future finished result=None>)>

  File "e:\mamba2\mamba2\crew\day_trader.py", line 90, in run
    await self.run_strategy(symbol)
          │    │            └ 'EURUSD'
          │    └ <function DayTrader.run_strategy at 0x000002397F9857E0>
          └ <mamba2.crew.day_trader.DayTrader object at 0x000002397F971540>

> File "e:\mamba2\mamba2\crew\day_trader.py", line 61, in run_strategy
    await self.strategies[symbol].evaluate(market_context)
          │    │          │                └ {'broker': <mamba2.broker.mt5_broker.MT5Broker object at 0x000002397F973880>, 'rate_fetcher': <RatesFetcher(RateFetcherThread...
          │    │          └ 'EURUSD'
          │    └ {'EURUSD': <mamba2.strategy.triple_cross.StochasticTripleTFStrategy object at 0x000002397F9715D0>, 'EURJPY': <mamba2.strategy...
          └ <mamba2.crew.day_trader.DayTrader object at 0x000002397F971540>

  File "e:\mamba2\mamba2\strategy\triple_cross.py", line 266, in evaluate
    current_rsi = rsi.iloc[-1]
                  └ np.float64(33.94295202710508)

AttributeError: 'numpy.float64' object has no attribute 'iloc'
2025-06-20 14:26:35.055 | ERROR    | mamba2.crew.day_trader:run_strategy:69 - Error evaluating GBPUSD: 'numpy.float64' object has no attribute 'iloc'
2025-06-20 14:26:35.055 | DEBUG    | mamba2.crew.day_trader:run_strategy:70 - Full error details
Traceback (most recent call last):

  File "e:\mamba2\main.py", line 237, in <module>
    asyncio.run(main())
    │       │   └ <function main at 0x000002397F985D80>
    │       └ <function run at 0x00000239756B7BE0>
    └ <module 'asyncio' from 'C:\\Users\\USER\\AppData\\Roaming\\uv\\python\\cpython-3.10.17-windows-x86_64-none\\lib\\asyncio\\__i...

  File "C:\Users\USER\AppData\Roaming\uv\python\cpython-3.10.17-windows-x86_64-none\lib\asyncio\runners.py", line 44, in run
    return loop.run_until_complete(main)
           │    │                  └ <coroutine object main at 0x000002397D782B20>
           │    └ <function BaseEventLoop.run_until_complete at 0x00000239756B9630>
           └ <ProactorEventLoop running=True closed=False debug=False>

  File "C:\Users\USER\AppData\Roaming\uv\python\cpython-3.10.17-windows-x86_64-none\lib\asyncio\base_events.py", line 636, in run_until_complete
    self.run_forever()
    │    └ <function ProactorEventLoop.run_forever at 0x0000023975770670>
    └ <ProactorEventLoop running=True closed=False debug=False>

  File "C:\Users\USER\AppData\Roaming\uv\python\cpython-3.10.17-windows-x86_64-none\lib\asyncio\windows_events.py", line 321, in run_forever
    super().run_forever()

  File "C:\Users\USER\AppData\Roaming\uv\python\cpython-3.10.17-windows-x86_64-none\lib\asyncio\base_events.py", line 603, in run_forever
    self._run_once()
    │    └ <function BaseEventLoop._run_once at 0x00000239756BB0A0>
    └ <ProactorEventLoop running=True closed=False debug=False>

  File "C:\Users\USER\AppData\Roaming\uv\python\cpython-3.10.17-windows-x86_64-none\lib\asyncio\base_events.py", line 1909, in _run_once
    handle._run()
    │      └ <function Handle._run at 0x00000239756228C0>
    └ <Handle Task.task_wakeup(<Future finished result=None>)>

  File "C:\Users\USER\AppData\Roaming\uv\python\cpython-3.10.17-windows-x86_64-none\lib\asyncio\events.py", line 80, in _run
    self._context.run(self._callback, *self._args)
    │    │            │    │           │    └ <member '_args' of 'Handle' objects>
    │    │            │    │           └ <Handle Task.task_wakeup(<Future finished result=None>)>
    │    │            │    └ <member '_callback' of 'Handle' objects>
    │    │            └ <Handle Task.task_wakeup(<Future finished result=None>)>
    │    └ <member '_context' of 'Handle' objects>
    └ <Handle Task.task_wakeup(<Future finished result=None>)>

  File "e:\mamba2\mamba2\crew\day_trader.py", line 90, in run
    await self.run_strategy(symbol)
          │    │            └ 'GBPUSD'
          │    └ <function DayTrader.run_strategy at 0x000002397F9857E0>
          └ <mamba2.crew.day_trader.DayTrader object at 0x000002397F971540>

> File "e:\mamba2\mamba2\crew\day_trader.py", line 61, in run_strategy
    await self.strategies[symbol].evaluate(market_context)
          │    │          │                └ {'broker': <mamba2.broker.mt5_broker.MT5Broker object at 0x000002397F973880>, 'rate_fetcher': <RatesFetcher(RateFetcherThread...
          │    │          └ 'GBPUSD'
          │    └ {'EURUSD': <mamba2.strategy.triple_cross.StochasticTripleTFStrategy object at 0x000002397F9715D0>, 'EURJPY': <mamba2.strategy...
          └ <mamba2.crew.day_trader.DayTrader object at 0x000002397F971540>

  File "e:\mamba2\mamba2\strategy\triple_cross.py", line 134, in evaluate
    current_rsi = rsi.iloc[-1]
                  └ np.float64(56.42894229863223)

AttributeError: 'numpy.float64' object has no attribute 'iloc'
2025-06-20 14:27:05.139 | ERROR    | mamba2.crew.day_trader:run_strategy:69 - Error evaluating EURUSD: 'numpy.float64' object has no attribute 'iloc'
2025-06-20 14:27:05.139 | DEBUG    | mamba2.crew.day_trader:run_strategy:70 - Full error details
Traceback (most recent call last):

  File "e:\mamba2\main.py", line 237, in <module>
    asyncio.run(main())
    │       │   └ <function main at 0x000002397F985D80>
    │       └ <function run at 0x00000239756B7BE0>
    └ <module 'asyncio' from 'C:\\Users\\USER\\AppData\\Roaming\\uv\\python\\cpython-3.10.17-windows-x86_64-none\\lib\\asyncio\\__i...

  File "C:\Users\USER\AppData\Roaming\uv\python\cpython-3.10.17-windows-x86_64-none\lib\asyncio\runners.py", line 44, in run
    return loop.run_until_complete(main)
           │    │                  └ <coroutine object main at 0x000002397D782B20>
           │    └ <function BaseEventLoop.run_until_complete at 0x00000239756B9630>
           └ <ProactorEventLoop running=True closed=False debug=False>

  File "C:\Users\USER\AppData\Roaming\uv\python\cpython-3.10.17-windows-x86_64-none\lib\asyncio\base_events.py", line 636, in run_until_complete
    self.run_forever()
    │    └ <function ProactorEventLoop.run_forever at 0x0000023975770670>
    └ <ProactorEventLoop running=True closed=False debug=False>

  File "C:\Users\USER\AppData\Roaming\uv\python\cpython-3.10.17-windows-x86_64-none\lib\asyncio\windows_events.py", line 321, in run_forever
    super().run_forever()

  File "C:\Users\USER\AppData\Roaming\uv\python\cpython-3.10.17-windows-x86_64-none\lib\asyncio\base_events.py", line 603, in run_forever
    self._run_once()
    │    └ <function BaseEventLoop._run_once at 0x00000239756BB0A0>
    └ <ProactorEventLoop running=True closed=False debug=False>

  File "C:\Users\USER\AppData\Roaming\uv\python\cpython-3.10.17-windows-x86_64-none\lib\asyncio\base_events.py", line 1909, in _run_once
    handle._run()
    │      └ <function Handle._run at 0x00000239756228C0>
    └ <Handle Task.task_wakeup(<Future finished result=None>)>

  File "C:\Users\USER\AppData\Roaming\uv\python\cpython-3.10.17-windows-x86_64-none\lib\asyncio\events.py", line 80, in _run
    self._context.run(self._callback, *self._args)
    │    │            │    │           │    └ <member '_args' of 'Handle' objects>
    │    │            │    │           └ <Handle Task.task_wakeup(<Future finished result=None>)>
    │    │            │    └ <member '_callback' of 'Handle' objects>
    │    │            └ <Handle Task.task_wakeup(<Future finished result=None>)>
    │    └ <member '_context' of 'Handle' objects>
    └ <Handle Task.task_wakeup(<Future finished result=None>)>

  File "e:\mamba2\mamba2\crew\day_trader.py", line 90, in run
    await self.run_strategy(symbol)
          │    │            └ 'EURUSD'
          │    └ <function DayTrader.run_strategy at 0x000002397F9857E0>
          └ <mamba2.crew.day_trader.DayTrader object at 0x000002397F971540>

> File "e:\mamba2\mamba2\crew\day_trader.py", line 61, in run_strategy
    await self.strategies[symbol].evaluate(market_context)
          │    │          │                └ {'broker': <mamba2.broker.mt5_broker.MT5Broker object at 0x000002397F973880>, 'rate_fetcher': <RatesFetcher(RateFetcherThread...
          │    │          └ 'EURUSD'
          │    └ {'EURUSD': <mamba2.strategy.triple_cross.StochasticTripleTFStrategy object at 0x000002397F9715D0>, 'EURJPY': <mamba2.strategy...
          └ <mamba2.crew.day_trader.DayTrader object at 0x000002397F971540>

  File "e:\mamba2\mamba2\strategy\triple_cross.py", line 266, in evaluate
    current_rsi = rsi.iloc[-1]
                  └ np.float64(33.94295202710508)

AttributeError: 'numpy.float64' object has no attribute 'iloc'
2025-06-20 14:27:05.237 | ERROR    | mamba2.crew.day_trader:run_strategy:69 - Error evaluating GBPUSD: 'numpy.float64' object has no attribute 'iloc'
2025-06-20 14:27:05.238 | DEBUG    | mamba2.crew.day_trader:run_strategy:70 - Full error details
Traceback (most recent call last):

  File "e:\mamba2\main.py", line 237, in <module>
    asyncio.run(main())
    │       │   └ <function main at 0x000002397F985D80>
    │       └ <function run at 0x00000239756B7BE0>
    └ <module 'asyncio' from 'C:\\Users\\USER\\AppData\\Roaming\\uv\\python\\cpython-3.10.17-windows-x86_64-none\\lib\\asyncio\\__i...

  File "C:\Users\USER\AppData\Roaming\uv\python\cpython-3.10.17-windows-x86_64-none\lib\asyncio\runners.py", line 44, in run
    return loop.run_until_complete(main)
           │    │                  └ <coroutine object main at 0x000002397D782B20>
           │    └ <function BaseEventLoop.run_until_complete at 0x00000239756B9630>
           └ <ProactorEventLoop running=True closed=False debug=False>

  File "C:\Users\USER\AppData\Roaming\uv\python\cpython-3.10.17-windows-x86_64-none\lib\asyncio\base_events.py", line 636, in run_until_complete
    self.run_forever()
    │    └ <function ProactorEventLoop.run_forever at 0x0000023975770670>
    └ <ProactorEventLoop running=True closed=False debug=False>

  File "C:\Users\USER\AppData\Roaming\uv\python\cpython-3.10.17-windows-x86_64-none\lib\asyncio\windows_events.py", line 321, in run_forever
    super().run_forever()

  File "C:\Users\USER\AppData\Roaming\uv\python\cpython-3.10.17-windows-x86_64-none\lib\asyncio\base_events.py", line 603, in run_forever
    self._run_once()
    │    └ <function BaseEventLoop._run_once at 0x00000239756BB0A0>
    └ <ProactorEventLoop running=True closed=False debug=False>

  File "C:\Users\USER\AppData\Roaming\uv\python\cpython-3.10.17-windows-x86_64-none\lib\asyncio\base_events.py", line 1909, in _run_once
    handle._run()
    │      └ <function Handle._run at 0x00000239756228C0>
    └ <Handle Task.task_wakeup(<Future finished result=None>)>

  File "C:\Users\USER\AppData\Roaming\uv\python\cpython-3.10.17-windows-x86_64-none\lib\asyncio\events.py", line 80, in _run
    self._context.run(self._callback, *self._args)
    │    │            │    │           │    └ <member '_args' of 'Handle' objects>
    │    │            │    │           └ <Handle Task.task_wakeup(<Future finished result=None>)>
    │    │            │    └ <member '_callback' of 'Handle' objects>
    │    │            └ <Handle Task.task_wakeup(<Future finished result=None>)>
    │    └ <member '_context' of 'Handle' objects>
    └ <Handle Task.task_wakeup(<Future finished result=None>)>

  File "e:\mamba2\mamba2\crew\day_trader.py", line 90, in run
    await self.run_strategy(symbol)
          │    │            └ 'GBPUSD'
          │    └ <function DayTrader.run_strategy at 0x000002397F9857E0>
          └ <mamba2.crew.day_trader.DayTrader object at 0x000002397F971540>

> File "e:\mamba2\mamba2\crew\day_trader.py", line 61, in run_strategy
    await self.strategies[symbol].evaluate(market_context)
          │    │          │                └ {'broker': <mamba2.broker.mt5_broker.MT5Broker object at 0x000002397F973880>, 'rate_fetcher': <RatesFetcher(RateFetcherThread...
          │    │          └ 'GBPUSD'
          │    └ {'EURUSD': <mamba2.strategy.triple_cross.StochasticTripleTFStrategy object at 0x000002397F9715D0>, 'EURJPY': <mamba2.strategy...
          └ <mamba2.crew.day_trader.DayTrader object at 0x000002397F971540>

  File "e:\mamba2\mamba2\strategy\triple_cross.py", line 134, in evaluate
    current_rsi = rsi.iloc[-1]
                  └ np.float64(56.42894229863223)

AttributeError: 'numpy.float64' object has no attribute 'iloc'
2025-06-20 14:27:35.351 | ERROR    | mamba2.crew.day_trader:run_strategy:69 - Error evaluating GBPUSD: 'numpy.float64' object has no attribute 'iloc'
2025-06-20 14:27:35.352 | DEBUG    | mamba2.crew.day_trader:run_strategy:70 - Full error details
Traceback (most recent call last):

  File "e:\mamba2\main.py", line 237, in <module>
    asyncio.run(main())
    │       │   └ <function main at 0x000002397F985D80>
    │       └ <function run at 0x00000239756B7BE0>
    └ <module 'asyncio' from 'C:\\Users\\USER\\AppData\\Roaming\\uv\\python\\cpython-3.10.17-windows-x86_64-none\\lib\\asyncio\\__i...

  File "C:\Users\USER\AppData\Roaming\uv\python\cpython-3.10.17-windows-x86_64-none\lib\asyncio\runners.py", line 44, in run
    return loop.run_until_complete(main)
           │    │                  └ <coroutine object main at 0x000002397D782B20>
           │    └ <function BaseEventLoop.run_until_complete at 0x00000239756B9630>
           └ <ProactorEventLoop running=True closed=False debug=False>

  File "C:\Users\USER\AppData\Roaming\uv\python\cpython-3.10.17-windows-x86_64-none\lib\asyncio\base_events.py", line 636, in run_until_complete
    self.run_forever()
    │    └ <function ProactorEventLoop.run_forever at 0x0000023975770670>
    └ <ProactorEventLoop running=True closed=False debug=False>

  File "C:\Users\USER\AppData\Roaming\uv\python\cpython-3.10.17-windows-x86_64-none\lib\asyncio\windows_events.py", line 321, in run_forever
    super().run_forever()

  File "C:\Users\USER\AppData\Roaming\uv\python\cpython-3.10.17-windows-x86_64-none\lib\asyncio\base_events.py", line 603, in run_forever
    self._run_once()
    │    └ <function BaseEventLoop._run_once at 0x00000239756BB0A0>
    └ <ProactorEventLoop running=True closed=False debug=False>

  File "C:\Users\USER\AppData\Roaming\uv\python\cpython-3.10.17-windows-x86_64-none\lib\asyncio\base_events.py", line 1909, in _run_once
    handle._run()
    │      └ <function Handle._run at 0x00000239756228C0>
    └ <Handle Task.task_wakeup(<Future finished result=None>)>

  File "C:\Users\USER\AppData\Roaming\uv\python\cpython-3.10.17-windows-x86_64-none\lib\asyncio\events.py", line 80, in _run
    self._context.run(self._callback, *self._args)
    │    │            │    │           │    └ <member '_args' of 'Handle' objects>
    │    │            │    │           └ <Handle Task.task_wakeup(<Future finished result=None>)>
    │    │            │    └ <member '_callback' of 'Handle' objects>
    │    │            └ <Handle Task.task_wakeup(<Future finished result=None>)>
    │    └ <member '_context' of 'Handle' objects>
    └ <Handle Task.task_wakeup(<Future finished result=None>)>

  File "e:\mamba2\mamba2\crew\day_trader.py", line 90, in run
    await self.run_strategy(symbol)
          │    │            └ 'GBPUSD'
          │    └ <function DayTrader.run_strategy at 0x000002397F9857E0>
          └ <mamba2.crew.day_trader.DayTrader object at 0x000002397F971540>

> File "e:\mamba2\mamba2\crew\day_trader.py", line 61, in run_strategy
    await self.strategies[symbol].evaluate(market_context)
          │    │          │                └ {'broker': <mamba2.broker.mt5_broker.MT5Broker object at 0x000002397F973880>, 'rate_fetcher': <RatesFetcher(RateFetcherThread...
          │    │          └ 'GBPUSD'
          │    └ {'EURUSD': <mamba2.strategy.triple_cross.StochasticTripleTFStrategy object at 0x000002397F9715D0>, 'EURJPY': <mamba2.strategy...
          └ <mamba2.crew.day_trader.DayTrader object at 0x000002397F971540>

  File "e:\mamba2\mamba2\strategy\triple_cross.py", line 134, in evaluate
    current_rsi = rsi.iloc[-1]
                  └ np.float64(56.42894229863223)

AttributeError: 'numpy.float64' object has no attribute 'iloc'
2025-06-20 14:28:05.448 | ERROR    | mamba2.crew.day_trader:run_strategy:69 - Error evaluating GBPUSD: 'numpy.float64' object has no attribute 'iloc'
2025-06-20 14:28:05.451 | DEBUG    | mamba2.crew.day_trader:run_strategy:70 - Full error details
Traceback (most recent call last):

  File "e:\mamba2\main.py", line 237, in <module>
    asyncio.run(main())
    │       │   └ <function main at 0x000002397F985D80>
    │       └ <function run at 0x00000239756B7BE0>
    └ <module 'asyncio' from 'C:\\Users\\USER\\AppData\\Roaming\\uv\\python\\cpython-3.10.17-windows-x86_64-none\\lib\\asyncio\\__i...

  File "C:\Users\USER\AppData\Roaming\uv\python\cpython-3.10.17-windows-x86_64-none\lib\asyncio\runners.py", line 44, in run
    return loop.run_until_complete(main)
           │    │                  └ <coroutine object main at 0x000002397D782B20>
           │    └ <function BaseEventLoop.run_until_complete at 0x00000239756B9630>
           └ <ProactorEventLoop running=True closed=False debug=False>

  File "C:\Users\USER\AppData\Roaming\uv\python\cpython-3.10.17-windows-x86_64-none\lib\asyncio\base_events.py", line 636, in run_until_complete
    self.run_forever()
    │    └ <function ProactorEventLoop.run_forever at 0x0000023975770670>
    └ <ProactorEventLoop running=True closed=False debug=False>

  File "C:\Users\USER\AppData\Roaming\uv\python\cpython-3.10.17-windows-x86_64-none\lib\asyncio\windows_events.py", line 321, in run_forever
    super().run_forever()

  File "C:\Users\USER\AppData\Roaming\uv\python\cpython-3.10.17-windows-x86_64-none\lib\asyncio\base_events.py", line 603, in run_forever
    self._run_once()
    │    └ <function BaseEventLoop._run_once at 0x00000239756BB0A0>
    └ <ProactorEventLoop running=True closed=False debug=False>

  File "C:\Users\USER\AppData\Roaming\uv\python\cpython-3.10.17-windows-x86_64-none\lib\asyncio\base_events.py", line 1909, in _run_once
    handle._run()
    │      └ <function Handle._run at 0x00000239756228C0>
    └ <Handle Task.task_wakeup(<Future finished result=None>)>

  File "C:\Users\USER\AppData\Roaming\uv\python\cpython-3.10.17-windows-x86_64-none\lib\asyncio\events.py", line 80, in _run
    self._context.run(self._callback, *self._args)
    │    │            │    │           │    └ <member '_args' of 'Handle' objects>
    │    │            │    │           └ <Handle Task.task_wakeup(<Future finished result=None>)>
    │    │            │    └ <member '_callback' of 'Handle' objects>
    │    │            └ <Handle Task.task_wakeup(<Future finished result=None>)>
    │    └ <member '_context' of 'Handle' objects>
    └ <Handle Task.task_wakeup(<Future finished result=None>)>

  File "e:\mamba2\mamba2\crew\day_trader.py", line 90, in run
    await self.run_strategy(symbol)
          │    │            └ 'GBPUSD'
          │    └ <function DayTrader.run_strategy at 0x000002397F9857E0>
          └ <mamba2.crew.day_trader.DayTrader object at 0x000002397F971540>

> File "e:\mamba2\mamba2\crew\day_trader.py", line 61, in run_strategy
    await self.strategies[symbol].evaluate(market_context)
          │    │          │                └ {'broker': <mamba2.broker.mt5_broker.MT5Broker object at 0x000002397F973880>, 'rate_fetcher': <RatesFetcher(RateFetcherThread...
          │    │          └ 'GBPUSD'
          │    └ {'EURUSD': <mamba2.strategy.triple_cross.StochasticTripleTFStrategy object at 0x000002397F9715D0>, 'EURJPY': <mamba2.strategy...
          └ <mamba2.crew.day_trader.DayTrader object at 0x000002397F971540>

  File "e:\mamba2\mamba2\strategy\triple_cross.py", line 134, in evaluate
    current_rsi = rsi.iloc[-1]
                  └ np.float64(56.42894229863223)

AttributeError: 'numpy.float64' object has no attribute 'iloc'
2025-06-20 14:28:35.585 | ERROR    | mamba2.crew.day_trader:run_strategy:69 - Error evaluating GBPUSD: 'numpy.float64' object has no attribute 'iloc'
2025-06-20 14:28:35.585 | DEBUG    | mamba2.crew.day_trader:run_strategy:70 - Full error details
Traceback (most recent call last):

  File "e:\mamba2\main.py", line 237, in <module>
    asyncio.run(main())
    │       │   └ <function main at 0x000002397F985D80>
    │       └ <function run at 0x00000239756B7BE0>
    └ <module 'asyncio' from 'C:\\Users\\USER\\AppData\\Roaming\\uv\\python\\cpython-3.10.17-windows-x86_64-none\\lib\\asyncio\\__i...

  File "C:\Users\USER\AppData\Roaming\uv\python\cpython-3.10.17-windows-x86_64-none\lib\asyncio\runners.py", line 44, in run
    return loop.run_until_complete(main)
           │    │                  └ <coroutine object main at 0x000002397D782B20>
           │    └ <function BaseEventLoop.run_until_complete at 0x00000239756B9630>
           └ <ProactorEventLoop running=True closed=False debug=False>

  File "C:\Users\USER\AppData\Roaming\uv\python\cpython-3.10.17-windows-x86_64-none\lib\asyncio\base_events.py", line 636, in run_until_complete
    self.run_forever()
    │    └ <function ProactorEventLoop.run_forever at 0x0000023975770670>
    └ <ProactorEventLoop running=True closed=False debug=False>

  File "C:\Users\USER\AppData\Roaming\uv\python\cpython-3.10.17-windows-x86_64-none\lib\asyncio\windows_events.py", line 321, in run_forever
    super().run_forever()

  File "C:\Users\USER\AppData\Roaming\uv\python\cpython-3.10.17-windows-x86_64-none\lib\asyncio\base_events.py", line 603, in run_forever
    self._run_once()
    │    └ <function BaseEventLoop._run_once at 0x00000239756BB0A0>
    └ <ProactorEventLoop running=True closed=False debug=False>

  File "C:\Users\USER\AppData\Roaming\uv\python\cpython-3.10.17-windows-x86_64-none\lib\asyncio\base_events.py", line 1909, in _run_once
    handle._run()
    │      └ <function Handle._run at 0x00000239756228C0>
    └ <Handle Task.task_wakeup(<Future finished result=None>)>

  File "C:\Users\USER\AppData\Roaming\uv\python\cpython-3.10.17-windows-x86_64-none\lib\asyncio\events.py", line 80, in _run
    self._context.run(self._callback, *self._args)
    │    │            │    │           │    └ <member '_args' of 'Handle' objects>
    │    │            │    │           └ <Handle Task.task_wakeup(<Future finished result=None>)>
    │    │            │    └ <member '_callback' of 'Handle' objects>
    │    │            └ <Handle Task.task_wakeup(<Future finished result=None>)>
    │    └ <member '_context' of 'Handle' objects>
    └ <Handle Task.task_wakeup(<Future finished result=None>)>

  File "e:\mamba2\mamba2\crew\day_trader.py", line 90, in run
    await self.run_strategy(symbol)
          │    │            └ 'GBPUSD'
          │    └ <function DayTrader.run_strategy at 0x000002397F9857E0>
          └ <mamba2.crew.day_trader.DayTrader object at 0x000002397F971540>

> File "e:\mamba2\mamba2\crew\day_trader.py", line 61, in run_strategy
    await self.strategies[symbol].evaluate(market_context)
          │    │          │                └ {'broker': <mamba2.broker.mt5_broker.MT5Broker object at 0x000002397F973880>, 'rate_fetcher': <RatesFetcher(RateFetcherThread...
          │    │          └ 'GBPUSD'
          │    └ {'EURUSD': <mamba2.strategy.triple_cross.StochasticTripleTFStrategy object at 0x000002397F9715D0>, 'EURJPY': <mamba2.strategy...
          └ <mamba2.crew.day_trader.DayTrader object at 0x000002397F971540>

  File "e:\mamba2\mamba2\strategy\triple_cross.py", line 134, in evaluate
    current_rsi = rsi.iloc[-1]
                  └ np.float64(56.42894229863223)

AttributeError: 'numpy.float64' object has no attribute 'iloc'
2025-06-20 14:29:05.677 | ERROR    | mamba2.crew.day_trader:run_strategy:69 - Error evaluating GBPUSD: 'numpy.float64' object has no attribute 'iloc'
2025-06-20 14:29:05.679 | DEBUG    | mamba2.crew.day_trader:run_strategy:70 - Full error details
Traceback (most recent call last):

  File "e:\mamba2\main.py", line 237, in <module>
    asyncio.run(main())
    │       │   └ <function main at 0x000002397F985D80>
    │       └ <function run at 0x00000239756B7BE0>
    └ <module 'asyncio' from 'C:\\Users\\USER\\AppData\\Roaming\\uv\\python\\cpython-3.10.17-windows-x86_64-none\\lib\\asyncio\\__i...

  File "C:\Users\USER\AppData\Roaming\uv\python\cpython-3.10.17-windows-x86_64-none\lib\asyncio\runners.py", line 44, in run
    return loop.run_until_complete(main)
           │    │                  └ <coroutine object main at 0x000002397D782B20>
           │    └ <function BaseEventLoop.run_until_complete at 0x00000239756B9630>
           └ <ProactorEventLoop running=True closed=False debug=False>

  File "C:\Users\USER\AppData\Roaming\uv\python\cpython-3.10.17-windows-x86_64-none\lib\asyncio\base_events.py", line 636, in run_until_complete
    self.run_forever()
    │    └ <function ProactorEventLoop.run_forever at 0x0000023975770670>
    └ <ProactorEventLoop running=True closed=False debug=False>

  File "C:\Users\USER\AppData\Roaming\uv\python\cpython-3.10.17-windows-x86_64-none\lib\asyncio\windows_events.py", line 321, in run_forever
    super().run_forever()

  File "C:\Users\USER\AppData\Roaming\uv\python\cpython-3.10.17-windows-x86_64-none\lib\asyncio\base_events.py", line 603, in run_forever
    self._run_once()
    │    └ <function BaseEventLoop._run_once at 0x00000239756BB0A0>
    └ <ProactorEventLoop running=True closed=False debug=False>

  File "C:\Users\USER\AppData\Roaming\uv\python\cpython-3.10.17-windows-x86_64-none\lib\asyncio\base_events.py", line 1909, in _run_once
    handle._run()
    │      └ <function Handle._run at 0x00000239756228C0>
    └ <Handle Task.task_wakeup(<Future finished result=None>)>

  File "C:\Users\USER\AppData\Roaming\uv\python\cpython-3.10.17-windows-x86_64-none\lib\asyncio\events.py", line 80, in _run
    self._context.run(self._callback, *self._args)
    │    │            │    │           │    └ <member '_args' of 'Handle' objects>
    │    │            │    │           └ <Handle Task.task_wakeup(<Future finished result=None>)>
    │    │            │    └ <member '_callback' of 'Handle' objects>
    │    │            └ <Handle Task.task_wakeup(<Future finished result=None>)>
    │    └ <member '_context' of 'Handle' objects>
    └ <Handle Task.task_wakeup(<Future finished result=None>)>

  File "e:\mamba2\mamba2\crew\day_trader.py", line 90, in run
    await self.run_strategy(symbol)
          │    │            └ 'GBPUSD'
          │    └ <function DayTrader.run_strategy at 0x000002397F9857E0>
          └ <mamba2.crew.day_trader.DayTrader object at 0x000002397F971540>

> File "e:\mamba2\mamba2\crew\day_trader.py", line 61, in run_strategy
    await self.strategies[symbol].evaluate(market_context)
          │    │          │                └ {'broker': <mamba2.broker.mt5_broker.MT5Broker object at 0x000002397F973880>, 'rate_fetcher': <RatesFetcher(RateFetcherThread...
          │    │          └ 'GBPUSD'
          │    └ {'EURUSD': <mamba2.strategy.triple_cross.StochasticTripleTFStrategy object at 0x000002397F9715D0>, 'EURJPY': <mamba2.strategy...
          └ <mamba2.crew.day_trader.DayTrader object at 0x000002397F971540>

  File "e:\mamba2\mamba2\strategy\triple_cross.py", line 134, in evaluate
    current_rsi = rsi.iloc[-1]
                  └ np.float64(56.42894229863223)

AttributeError: 'numpy.float64' object has no attribute 'iloc'
2025-06-20 14:30:21.159 | SUCCESS  | mamba2.crew.position_manager:_update_position_sl:176 - Successfully updated position 52684772629 (SL=196.27107, TP=196.49286)
2025-06-20 14:30:31.576 | SUCCESS  | mamba2.crew.position_manager:_update_position_sl:176 - Successfully updated position 52684921597 (SL=145.50589, TP=145.65021)
2025-06-20 14:33:36.359 | ERROR    | mamba2.crew.day_trader:run_strategy:69 - Error evaluating EURUSD: 'numpy.float64' object has no attribute 'iloc'
2025-06-20 14:33:36.359 | DEBUG    | mamba2.crew.day_trader:run_strategy:70 - Full error details
Traceback (most recent call last):

  File "e:\mamba2\main.py", line 237, in <module>
    asyncio.run(main())
    │       │   └ <function main at 0x000002397F985D80>
    │       └ <function run at 0x00000239756B7BE0>
    └ <module 'asyncio' from 'C:\\Users\\USER\\AppData\\Roaming\\uv\\python\\cpython-3.10.17-windows-x86_64-none\\lib\\asyncio\\__i...

  File "C:\Users\USER\AppData\Roaming\uv\python\cpython-3.10.17-windows-x86_64-none\lib\asyncio\runners.py", line 44, in run
    return loop.run_until_complete(main)
           │    │                  └ <coroutine object main at 0x000002397D782B20>
           │    └ <function BaseEventLoop.run_until_complete at 0x00000239756B9630>
           └ <ProactorEventLoop running=True closed=False debug=False>

  File "C:\Users\USER\AppData\Roaming\uv\python\cpython-3.10.17-windows-x86_64-none\lib\asyncio\base_events.py", line 636, in run_until_complete
    self.run_forever()
    │    └ <function ProactorEventLoop.run_forever at 0x0000023975770670>
    └ <ProactorEventLoop running=True closed=False debug=False>

  File "C:\Users\USER\AppData\Roaming\uv\python\cpython-3.10.17-windows-x86_64-none\lib\asyncio\windows_events.py", line 321, in run_forever
    super().run_forever()

  File "C:\Users\USER\AppData\Roaming\uv\python\cpython-3.10.17-windows-x86_64-none\lib\asyncio\base_events.py", line 603, in run_forever
    self._run_once()
    │    └ <function BaseEventLoop._run_once at 0x00000239756BB0A0>
    └ <ProactorEventLoop running=True closed=False debug=False>

  File "C:\Users\USER\AppData\Roaming\uv\python\cpython-3.10.17-windows-x86_64-none\lib\asyncio\base_events.py", line 1909, in _run_once
    handle._run()
    │      └ <function Handle._run at 0x00000239756228C0>
    └ <Handle Task.task_wakeup(<Future finished result=None>)>

  File "C:\Users\USER\AppData\Roaming\uv\python\cpython-3.10.17-windows-x86_64-none\lib\asyncio\events.py", line 80, in _run
    self._context.run(self._callback, *self._args)
    │    │            │    │           │    └ <member '_args' of 'Handle' objects>
    │    │            │    │           └ <Handle Task.task_wakeup(<Future finished result=None>)>
    │    │            │    └ <member '_callback' of 'Handle' objects>
    │    │            └ <Handle Task.task_wakeup(<Future finished result=None>)>
    │    └ <member '_context' of 'Handle' objects>
    └ <Handle Task.task_wakeup(<Future finished result=None>)>

  File "e:\mamba2\mamba2\crew\day_trader.py", line 90, in run
    await self.run_strategy(symbol)
          │    │            └ 'EURUSD'
          │    └ <function DayTrader.run_strategy at 0x000002397F9857E0>
          └ <mamba2.crew.day_trader.DayTrader object at 0x000002397F971540>

> File "e:\mamba2\mamba2\crew\day_trader.py", line 61, in run_strategy
    await self.strategies[symbol].evaluate(market_context)
          │    │          │                └ {'broker': <mamba2.broker.mt5_broker.MT5Broker object at 0x000002397F973880>, 'rate_fetcher': <RatesFetcher(RateFetcherThread...
          │    │          └ 'EURUSD'
          │    └ {'EURUSD': <mamba2.strategy.triple_cross.StochasticTripleTFStrategy object at 0x000002397F9715D0>, 'EURJPY': <mamba2.strategy...
          └ <mamba2.crew.day_trader.DayTrader object at 0x000002397F971540>

  File "e:\mamba2\mamba2\strategy\triple_cross.py", line 266, in evaluate
    current_rsi = rsi.iloc[-1]
                  └ np.float64(37.19209475539695)

AttributeError: 'numpy.float64' object has no attribute 'iloc'
2025-06-20 14:34:06.455 | ERROR    | mamba2.crew.day_trader:run_strategy:69 - Error evaluating EURUSD: 'numpy.float64' object has no attribute 'iloc'
2025-06-20 14:34:06.455 | DEBUG    | mamba2.crew.day_trader:run_strategy:70 - Full error details
Traceback (most recent call last):

  File "e:\mamba2\main.py", line 237, in <module>
    asyncio.run(main())
    │       │   └ <function main at 0x000002397F985D80>
    │       └ <function run at 0x00000239756B7BE0>
    └ <module 'asyncio' from 'C:\\Users\\USER\\AppData\\Roaming\\uv\\python\\cpython-3.10.17-windows-x86_64-none\\lib\\asyncio\\__i...

  File "C:\Users\USER\AppData\Roaming\uv\python\cpython-3.10.17-windows-x86_64-none\lib\asyncio\runners.py", line 44, in run
    return loop.run_until_complete(main)
           │    │                  └ <coroutine object main at 0x000002397D782B20>
           │    └ <function BaseEventLoop.run_until_complete at 0x00000239756B9630>
           └ <ProactorEventLoop running=True closed=False debug=False>

  File "C:\Users\USER\AppData\Roaming\uv\python\cpython-3.10.17-windows-x86_64-none\lib\asyncio\base_events.py", line 636, in run_until_complete
    self.run_forever()
    │    └ <function ProactorEventLoop.run_forever at 0x0000023975770670>
    └ <ProactorEventLoop running=True closed=False debug=False>

  File "C:\Users\USER\AppData\Roaming\uv\python\cpython-3.10.17-windows-x86_64-none\lib\asyncio\windows_events.py", line 321, in run_forever
    super().run_forever()

  File "C:\Users\USER\AppData\Roaming\uv\python\cpython-3.10.17-windows-x86_64-none\lib\asyncio\base_events.py", line 603, in run_forever
    self._run_once()
    │    └ <function BaseEventLoop._run_once at 0x00000239756BB0A0>
    └ <ProactorEventLoop running=True closed=False debug=False>

  File "C:\Users\USER\AppData\Roaming\uv\python\cpython-3.10.17-windows-x86_64-none\lib\asyncio\base_events.py", line 1909, in _run_once
    handle._run()
    │      └ <function Handle._run at 0x00000239756228C0>
    └ <Handle Task.task_wakeup(<Future finished result=None>)>

  File "C:\Users\USER\AppData\Roaming\uv\python\cpython-3.10.17-windows-x86_64-none\lib\asyncio\events.py", line 80, in _run
    self._context.run(self._callback, *self._args)
    │    │            │    │           │    └ <member '_args' of 'Handle' objects>
    │    │            │    │           └ <Handle Task.task_wakeup(<Future finished result=None>)>
    │    │            │    └ <member '_callback' of 'Handle' objects>
    │    │            └ <Handle Task.task_wakeup(<Future finished result=None>)>
    │    └ <member '_context' of 'Handle' objects>
    └ <Handle Task.task_wakeup(<Future finished result=None>)>

  File "e:\mamba2\mamba2\crew\day_trader.py", line 90, in run
    await self.run_strategy(symbol)
          │    │            └ 'EURUSD'
          │    └ <function DayTrader.run_strategy at 0x000002397F9857E0>
          └ <mamba2.crew.day_trader.DayTrader object at 0x000002397F971540>

> File "e:\mamba2\mamba2\crew\day_trader.py", line 61, in run_strategy
    await self.strategies[symbol].evaluate(market_context)
          │    │          │                └ {'broker': <mamba2.broker.mt5_broker.MT5Broker object at 0x000002397F973880>, 'rate_fetcher': <RatesFetcher(RateFetcherThread...
          │    │          └ 'EURUSD'
          │    └ {'EURUSD': <mamba2.strategy.triple_cross.StochasticTripleTFStrategy object at 0x000002397F9715D0>, 'EURJPY': <mamba2.strategy...
          └ <mamba2.crew.day_trader.DayTrader object at 0x000002397F971540>

  File "e:\mamba2\mamba2\strategy\triple_cross.py", line 266, in evaluate
    current_rsi = rsi.iloc[-1]
                  └ np.float64(37.19209475539695)

AttributeError: 'numpy.float64' object has no attribute 'iloc'
2025-06-20 14:34:36.564 | ERROR    | mamba2.crew.day_trader:run_strategy:69 - Error evaluating EURUSD: 'numpy.float64' object has no attribute 'iloc'
2025-06-20 14:34:36.564 | DEBUG    | mamba2.crew.day_trader:run_strategy:70 - Full error details
Traceback (most recent call last):

  File "e:\mamba2\main.py", line 237, in <module>
    asyncio.run(main())
    │       │   └ <function main at 0x000002397F985D80>
    │       └ <function run at 0x00000239756B7BE0>
    └ <module 'asyncio' from 'C:\\Users\\USER\\AppData\\Roaming\\uv\\python\\cpython-3.10.17-windows-x86_64-none\\lib\\asyncio\\__i...

  File "C:\Users\USER\AppData\Roaming\uv\python\cpython-3.10.17-windows-x86_64-none\lib\asyncio\runners.py", line 44, in run
    return loop.run_until_complete(main)
           │    │                  └ <coroutine object main at 0x000002397D782B20>
           │    └ <function BaseEventLoop.run_until_complete at 0x00000239756B9630>
           └ <ProactorEventLoop running=True closed=False debug=False>

  File "C:\Users\USER\AppData\Roaming\uv\python\cpython-3.10.17-windows-x86_64-none\lib\asyncio\base_events.py", line 636, in run_until_complete
    self.run_forever()
    │    └ <function ProactorEventLoop.run_forever at 0x0000023975770670>
    └ <ProactorEventLoop running=True closed=False debug=False>

  File "C:\Users\USER\AppData\Roaming\uv\python\cpython-3.10.17-windows-x86_64-none\lib\asyncio\windows_events.py", line 321, in run_forever
    super().run_forever()

  File "C:\Users\USER\AppData\Roaming\uv\python\cpython-3.10.17-windows-x86_64-none\lib\asyncio\base_events.py", line 603, in run_forever
    self._run_once()
    │    └ <function BaseEventLoop._run_once at 0x00000239756BB0A0>
    └ <ProactorEventLoop running=True closed=False debug=False>

  File "C:\Users\USER\AppData\Roaming\uv\python\cpython-3.10.17-windows-x86_64-none\lib\asyncio\base_events.py", line 1909, in _run_once
    handle._run()
    │      └ <function Handle._run at 0x00000239756228C0>
    └ <Handle Task.task_wakeup(<Future finished result=None>)>

  File "C:\Users\USER\AppData\Roaming\uv\python\cpython-3.10.17-windows-x86_64-none\lib\asyncio\events.py", line 80, in _run
    self._context.run(self._callback, *self._args)
    │    │            │    │           │    └ <member '_args' of 'Handle' objects>
    │    │            │    │           └ <Handle Task.task_wakeup(<Future finished result=None>)>
    │    │            │    └ <member '_callback' of 'Handle' objects>
    │    │            └ <Handle Task.task_wakeup(<Future finished result=None>)>
    │    └ <member '_context' of 'Handle' objects>
    └ <Handle Task.task_wakeup(<Future finished result=None>)>

  File "e:\mamba2\mamba2\crew\day_trader.py", line 90, in run
    await self.run_strategy(symbol)
          │    │            └ 'EURUSD'
          │    └ <function DayTrader.run_strategy at 0x000002397F9857E0>
          └ <mamba2.crew.day_trader.DayTrader object at 0x000002397F971540>

> File "e:\mamba2\mamba2\crew\day_trader.py", line 61, in run_strategy
    await self.strategies[symbol].evaluate(market_context)
          │    │          │                └ {'broker': <mamba2.broker.mt5_broker.MT5Broker object at 0x000002397F973880>, 'rate_fetcher': <RatesFetcher(RateFetcherThread...
          │    │          └ 'EURUSD'
          │    └ {'EURUSD': <mamba2.strategy.triple_cross.StochasticTripleTFStrategy object at 0x000002397F9715D0>, 'EURJPY': <mamba2.strategy...
          └ <mamba2.crew.day_trader.DayTrader object at 0x000002397F971540>

  File "e:\mamba2\mamba2\strategy\triple_cross.py", line 266, in evaluate
    current_rsi = rsi.iloc[-1]
                  └ np.float64(37.19209475539695)

AttributeError: 'numpy.float64' object has no attribute 'iloc'
2025-06-20 14:35:06.679 | ERROR    | mamba2.crew.day_trader:run_strategy:69 - Error evaluating EURUSD: 'numpy.float64' object has no attribute 'iloc'
2025-06-20 14:35:06.681 | DEBUG    | mamba2.crew.day_trader:run_strategy:70 - Full error details
Traceback (most recent call last):

  File "e:\mamba2\main.py", line 237, in <module>
    asyncio.run(main())
    │       │   └ <function main at 0x000002397F985D80>
    │       └ <function run at 0x00000239756B7BE0>
    └ <module 'asyncio' from 'C:\\Users\\USER\\AppData\\Roaming\\uv\\python\\cpython-3.10.17-windows-x86_64-none\\lib\\asyncio\\__i...

  File "C:\Users\USER\AppData\Roaming\uv\python\cpython-3.10.17-windows-x86_64-none\lib\asyncio\runners.py", line 44, in run
    return loop.run_until_complete(main)
           │    │                  └ <coroutine object main at 0x000002397D782B20>
           │    └ <function BaseEventLoop.run_until_complete at 0x00000239756B9630>
           └ <ProactorEventLoop running=True closed=False debug=False>

  File "C:\Users\USER\AppData\Roaming\uv\python\cpython-3.10.17-windows-x86_64-none\lib\asyncio\base_events.py", line 636, in run_until_complete
    self.run_forever()
    │    └ <function ProactorEventLoop.run_forever at 0x0000023975770670>
    └ <ProactorEventLoop running=True closed=False debug=False>

  File "C:\Users\USER\AppData\Roaming\uv\python\cpython-3.10.17-windows-x86_64-none\lib\asyncio\windows_events.py", line 321, in run_forever
    super().run_forever()

  File "C:\Users\USER\AppData\Roaming\uv\python\cpython-3.10.17-windows-x86_64-none\lib\asyncio\base_events.py", line 603, in run_forever
    self._run_once()
    │    └ <function BaseEventLoop._run_once at 0x00000239756BB0A0>
    └ <ProactorEventLoop running=True closed=False debug=False>

  File "C:\Users\USER\AppData\Roaming\uv\python\cpython-3.10.17-windows-x86_64-none\lib\asyncio\base_events.py", line 1909, in _run_once
    handle._run()
    │      └ <function Handle._run at 0x00000239756228C0>
    └ <Handle Task.task_wakeup(<Future finished result=None>)>

  File "C:\Users\USER\AppData\Roaming\uv\python\cpython-3.10.17-windows-x86_64-none\lib\asyncio\events.py", line 80, in _run
    self._context.run(self._callback, *self._args)
    │    │            │    │           │    └ <member '_args' of 'Handle' objects>
    │    │            │    │           └ <Handle Task.task_wakeup(<Future finished result=None>)>
    │    │            │    └ <member '_callback' of 'Handle' objects>
    │    │            └ <Handle Task.task_wakeup(<Future finished result=None>)>
    │    └ <member '_context' of 'Handle' objects>
    └ <Handle Task.task_wakeup(<Future finished result=None>)>

  File "e:\mamba2\mamba2\crew\day_trader.py", line 90, in run
    await self.run_strategy(symbol)
          │    │            └ 'EURUSD'
          │    └ <function DayTrader.run_strategy at 0x000002397F9857E0>
          └ <mamba2.crew.day_trader.DayTrader object at 0x000002397F971540>

> File "e:\mamba2\mamba2\crew\day_trader.py", line 61, in run_strategy
    await self.strategies[symbol].evaluate(market_context)
          │    │          │                └ {'broker': <mamba2.broker.mt5_broker.MT5Broker object at 0x000002397F973880>, 'rate_fetcher': <RatesFetcher(RateFetcherThread...
          │    │          └ 'EURUSD'
          │    └ {'EURUSD': <mamba2.strategy.triple_cross.StochasticTripleTFStrategy object at 0x000002397F9715D0>, 'EURJPY': <mamba2.strategy...
          └ <mamba2.crew.day_trader.DayTrader object at 0x000002397F971540>

  File "e:\mamba2\mamba2\strategy\triple_cross.py", line 266, in evaluate
    current_rsi = rsi.iloc[-1]
                  └ np.float64(37.19209475539695)

AttributeError: 'numpy.float64' object has no attribute 'iloc'
2025-06-20 14:35:36.795 | ERROR    | mamba2.crew.day_trader:run_strategy:69 - Error evaluating EURUSD: 'numpy.float64' object has no attribute 'iloc'
2025-06-20 14:35:36.796 | DEBUG    | mamba2.crew.day_trader:run_strategy:70 - Full error details
Traceback (most recent call last):

  File "e:\mamba2\main.py", line 237, in <module>
    asyncio.run(main())
    │       │   └ <function main at 0x000002397F985D80>
    │       └ <function run at 0x00000239756B7BE0>
    └ <module 'asyncio' from 'C:\\Users\\USER\\AppData\\Roaming\\uv\\python\\cpython-3.10.17-windows-x86_64-none\\lib\\asyncio\\__i...

  File "C:\Users\USER\AppData\Roaming\uv\python\cpython-3.10.17-windows-x86_64-none\lib\asyncio\runners.py", line 44, in run
    return loop.run_until_complete(main)
           │    │                  └ <coroutine object main at 0x000002397D782B20>
           │    └ <function BaseEventLoop.run_until_complete at 0x00000239756B9630>
           └ <ProactorEventLoop running=True closed=False debug=False>

  File "C:\Users\USER\AppData\Roaming\uv\python\cpython-3.10.17-windows-x86_64-none\lib\asyncio\base_events.py", line 636, in run_until_complete
    self.run_forever()
    │    └ <function ProactorEventLoop.run_forever at 0x0000023975770670>
    └ <ProactorEventLoop running=True closed=False debug=False>

  File "C:\Users\USER\AppData\Roaming\uv\python\cpython-3.10.17-windows-x86_64-none\lib\asyncio\windows_events.py", line 321, in run_forever
    super().run_forever()

  File "C:\Users\USER\AppData\Roaming\uv\python\cpython-3.10.17-windows-x86_64-none\lib\asyncio\base_events.py", line 603, in run_forever
    self._run_once()
    │    └ <function BaseEventLoop._run_once at 0x00000239756BB0A0>
    └ <ProactorEventLoop running=True closed=False debug=False>

  File "C:\Users\USER\AppData\Roaming\uv\python\cpython-3.10.17-windows-x86_64-none\lib\asyncio\base_events.py", line 1909, in _run_once
    handle._run()
    │      └ <function Handle._run at 0x00000239756228C0>
    └ <Handle Task.task_wakeup(<Future finished result=None>)>

  File "C:\Users\USER\AppData\Roaming\uv\python\cpython-3.10.17-windows-x86_64-none\lib\asyncio\events.py", line 80, in _run
    self._context.run(self._callback, *self._args)
    │    │            │    │           │    └ <member '_args' of 'Handle' objects>
    │    │            │    │           └ <Handle Task.task_wakeup(<Future finished result=None>)>
    │    │            │    └ <member '_callback' of 'Handle' objects>
    │    │            └ <Handle Task.task_wakeup(<Future finished result=None>)>
    │    └ <member '_context' of 'Handle' objects>
    └ <Handle Task.task_wakeup(<Future finished result=None>)>

  File "e:\mamba2\mamba2\crew\day_trader.py", line 90, in run
    await self.run_strategy(symbol)
          │    │            └ 'EURUSD'
          │    └ <function DayTrader.run_strategy at 0x000002397F9857E0>
          └ <mamba2.crew.day_trader.DayTrader object at 0x000002397F971540>

> File "e:\mamba2\mamba2\crew\day_trader.py", line 61, in run_strategy
    await self.strategies[symbol].evaluate(market_context)
          │    │          │                └ {'broker': <mamba2.broker.mt5_broker.MT5Broker object at 0x000002397F973880>, 'rate_fetcher': <RatesFetcher(RateFetcherThread...
          │    │          └ 'EURUSD'
          │    └ {'EURUSD': <mamba2.strategy.triple_cross.StochasticTripleTFStrategy object at 0x000002397F9715D0>, 'EURJPY': <mamba2.strategy...
          └ <mamba2.crew.day_trader.DayTrader object at 0x000002397F971540>

  File "e:\mamba2\mamba2\strategy\triple_cross.py", line 266, in evaluate
    current_rsi = rsi.iloc[-1]
                  └ np.float64(34.005228531791175)

AttributeError: 'numpy.float64' object has no attribute 'iloc'
2025-06-20 14:36:06.889 | ERROR    | mamba2.crew.day_trader:run_strategy:69 - Error evaluating EURUSD: 'numpy.float64' object has no attribute 'iloc'
2025-06-20 14:36:06.889 | DEBUG    | mamba2.crew.day_trader:run_strategy:70 - Full error details
Traceback (most recent call last):

  File "e:\mamba2\main.py", line 237, in <module>
    asyncio.run(main())
    │       │   └ <function main at 0x000002397F985D80>
    │       └ <function run at 0x00000239756B7BE0>
    └ <module 'asyncio' from 'C:\\Users\\USER\\AppData\\Roaming\\uv\\python\\cpython-3.10.17-windows-x86_64-none\\lib\\asyncio\\__i...

  File "C:\Users\USER\AppData\Roaming\uv\python\cpython-3.10.17-windows-x86_64-none\lib\asyncio\runners.py", line 44, in run
    return loop.run_until_complete(main)
           │    │                  └ <coroutine object main at 0x000002397D782B20>
           │    └ <function BaseEventLoop.run_until_complete at 0x00000239756B9630>
           └ <ProactorEventLoop running=True closed=False debug=False>

  File "C:\Users\USER\AppData\Roaming\uv\python\cpython-3.10.17-windows-x86_64-none\lib\asyncio\base_events.py", line 636, in run_until_complete
    self.run_forever()
    │    └ <function ProactorEventLoop.run_forever at 0x0000023975770670>
    └ <ProactorEventLoop running=True closed=False debug=False>

  File "C:\Users\USER\AppData\Roaming\uv\python\cpython-3.10.17-windows-x86_64-none\lib\asyncio\windows_events.py", line 321, in run_forever
    super().run_forever()

  File "C:\Users\USER\AppData\Roaming\uv\python\cpython-3.10.17-windows-x86_64-none\lib\asyncio\base_events.py", line 603, in run_forever
    self._run_once()
    │    └ <function BaseEventLoop._run_once at 0x00000239756BB0A0>
    └ <ProactorEventLoop running=True closed=False debug=False>

  File "C:\Users\USER\AppData\Roaming\uv\python\cpython-3.10.17-windows-x86_64-none\lib\asyncio\base_events.py", line 1909, in _run_once
    handle._run()
    │      └ <function Handle._run at 0x00000239756228C0>
    └ <Handle Task.task_wakeup(<Future finished result=None>)>

  File "C:\Users\USER\AppData\Roaming\uv\python\cpython-3.10.17-windows-x86_64-none\lib\asyncio\events.py", line 80, in _run
    self._context.run(self._callback, *self._args)
    │    │            │    │           │    └ <member '_args' of 'Handle' objects>
    │    │            │    │           └ <Handle Task.task_wakeup(<Future finished result=None>)>
    │    │            │    └ <member '_callback' of 'Handle' objects>
    │    │            └ <Handle Task.task_wakeup(<Future finished result=None>)>
    │    └ <member '_context' of 'Handle' objects>
    └ <Handle Task.task_wakeup(<Future finished result=None>)>

  File "e:\mamba2\mamba2\crew\day_trader.py", line 90, in run
    await self.run_strategy(symbol)
          │    │            └ 'EURUSD'
          │    └ <function DayTrader.run_strategy at 0x000002397F9857E0>
          └ <mamba2.crew.day_trader.DayTrader object at 0x000002397F971540>

> File "e:\mamba2\mamba2\crew\day_trader.py", line 61, in run_strategy
    await self.strategies[symbol].evaluate(market_context)
          │    │          │                └ {'broker': <mamba2.broker.mt5_broker.MT5Broker object at 0x000002397F973880>, 'rate_fetcher': <RatesFetcher(RateFetcherThread...
          │    │          └ 'EURUSD'
          │    └ {'EURUSD': <mamba2.strategy.triple_cross.StochasticTripleTFStrategy object at 0x000002397F9715D0>, 'EURJPY': <mamba2.strategy...
          └ <mamba2.crew.day_trader.DayTrader object at 0x000002397F971540>

  File "e:\mamba2\mamba2\strategy\triple_cross.py", line 266, in evaluate
    current_rsi = rsi.iloc[-1]
                  └ np.float64(34.005228531791175)

AttributeError: 'numpy.float64' object has no attribute 'iloc'
2025-06-20 14:45:28.077 | SUCCESS  | mamba2.crew.position_manager:_update_position_sl:176 - Successfully updated position 52684772629 (SL=196.34379, TP=196.57843)
2025-06-20 14:51:39.166 | ERROR    | mamba2.crew.day_trader:run_strategy:69 - Error evaluating EURJPY: 'numpy.float64' object has no attribute 'iloc'
2025-06-20 14:51:39.166 | DEBUG    | mamba2.crew.day_trader:run_strategy:70 - Full error details
Traceback (most recent call last):

  File "e:\mamba2\main.py", line 237, in <module>
    asyncio.run(main())
    │       │   └ <function main at 0x000002397F985D80>
    │       └ <function run at 0x00000239756B7BE0>
    └ <module 'asyncio' from 'C:\\Users\\USER\\AppData\\Roaming\\uv\\python\\cpython-3.10.17-windows-x86_64-none\\lib\\asyncio\\__i...

  File "C:\Users\USER\AppData\Roaming\uv\python\cpython-3.10.17-windows-x86_64-none\lib\asyncio\runners.py", line 44, in run
    return loop.run_until_complete(main)
           │    │                  └ <coroutine object main at 0x000002397D782B20>
           │    └ <function BaseEventLoop.run_until_complete at 0x00000239756B9630>
           └ <ProactorEventLoop running=True closed=False debug=False>

  File "C:\Users\USER\AppData\Roaming\uv\python\cpython-3.10.17-windows-x86_64-none\lib\asyncio\base_events.py", line 636, in run_until_complete
    self.run_forever()
    │    └ <function ProactorEventLoop.run_forever at 0x0000023975770670>
    └ <ProactorEventLoop running=True closed=False debug=False>

  File "C:\Users\USER\AppData\Roaming\uv\python\cpython-3.10.17-windows-x86_64-none\lib\asyncio\windows_events.py", line 321, in run_forever
    super().run_forever()

  File "C:\Users\USER\AppData\Roaming\uv\python\cpython-3.10.17-windows-x86_64-none\lib\asyncio\base_events.py", line 603, in run_forever
    self._run_once()
    │    └ <function BaseEventLoop._run_once at 0x00000239756BB0A0>
    └ <ProactorEventLoop running=True closed=False debug=False>

  File "C:\Users\USER\AppData\Roaming\uv\python\cpython-3.10.17-windows-x86_64-none\lib\asyncio\base_events.py", line 1909, in _run_once
    handle._run()
    │      └ <function Handle._run at 0x00000239756228C0>
    └ <Handle Task.task_wakeup(<Future finished result=None>)>

  File "C:\Users\USER\AppData\Roaming\uv\python\cpython-3.10.17-windows-x86_64-none\lib\asyncio\events.py", line 80, in _run
    self._context.run(self._callback, *self._args)
    │    │            │    │           │    └ <member '_args' of 'Handle' objects>
    │    │            │    │           └ <Handle Task.task_wakeup(<Future finished result=None>)>
    │    │            │    └ <member '_callback' of 'Handle' objects>
    │    │            └ <Handle Task.task_wakeup(<Future finished result=None>)>
    │    └ <member '_context' of 'Handle' objects>
    └ <Handle Task.task_wakeup(<Future finished result=None>)>

  File "e:\mamba2\mamba2\crew\day_trader.py", line 90, in run
    await self.run_strategy(symbol)
          │    │            └ 'EURJPY'
          │    └ <function DayTrader.run_strategy at 0x000002397F9857E0>
          └ <mamba2.crew.day_trader.DayTrader object at 0x000002397F971540>

> File "e:\mamba2\mamba2\crew\day_trader.py", line 61, in run_strategy
    await self.strategies[symbol].evaluate(market_context)
          │    │          │                └ {'broker': <mamba2.broker.mt5_broker.MT5Broker object at 0x000002397F973880>, 'rate_fetcher': <RatesFetcher(RateFetcherThread...
          │    │          └ 'EURJPY'
          │    └ {'EURUSD': <mamba2.strategy.triple_cross.StochasticTripleTFStrategy object at 0x000002397F9715D0>, 'EURJPY': <mamba2.strategy...
          └ <mamba2.crew.day_trader.DayTrader object at 0x000002397F971540>

  File "e:\mamba2\mamba2\strategy\triple_cross.py", line 134, in evaluate
    current_rsi = rsi.iloc[-1]
                  └ np.float64(73.60153138658085)

AttributeError: 'numpy.float64' object has no attribute 'iloc'
2025-06-20 14:52:09.309 | ERROR    | mamba2.crew.day_trader:run_strategy:69 - Error evaluating EURJPY: 'numpy.float64' object has no attribute 'iloc'
2025-06-20 14:52:09.309 | DEBUG    | mamba2.crew.day_trader:run_strategy:70 - Full error details
Traceback (most recent call last):

  File "e:\mamba2\main.py", line 237, in <module>
    asyncio.run(main())
    │       │   └ <function main at 0x000002397F985D80>
    │       └ <function run at 0x00000239756B7BE0>
    └ <module 'asyncio' from 'C:\\Users\\USER\\AppData\\Roaming\\uv\\python\\cpython-3.10.17-windows-x86_64-none\\lib\\asyncio\\__i...

  File "C:\Users\USER\AppData\Roaming\uv\python\cpython-3.10.17-windows-x86_64-none\lib\asyncio\runners.py", line 44, in run
    return loop.run_until_complete(main)
           │    │                  └ <coroutine object main at 0x000002397D782B20>
           │    └ <function BaseEventLoop.run_until_complete at 0x00000239756B9630>
           └ <ProactorEventLoop running=True closed=False debug=False>

  File "C:\Users\USER\AppData\Roaming\uv\python\cpython-3.10.17-windows-x86_64-none\lib\asyncio\base_events.py", line 636, in run_until_complete
    self.run_forever()
    │    └ <function ProactorEventLoop.run_forever at 0x0000023975770670>
    └ <ProactorEventLoop running=True closed=False debug=False>

  File "C:\Users\USER\AppData\Roaming\uv\python\cpython-3.10.17-windows-x86_64-none\lib\asyncio\windows_events.py", line 321, in run_forever
    super().run_forever()

  File "C:\Users\USER\AppData\Roaming\uv\python\cpython-3.10.17-windows-x86_64-none\lib\asyncio\base_events.py", line 603, in run_forever
    self._run_once()
    │    └ <function BaseEventLoop._run_once at 0x00000239756BB0A0>
    └ <ProactorEventLoop running=True closed=False debug=False>

  File "C:\Users\USER\AppData\Roaming\uv\python\cpython-3.10.17-windows-x86_64-none\lib\asyncio\base_events.py", line 1909, in _run_once
    handle._run()
    │      └ <function Handle._run at 0x00000239756228C0>
    └ <Handle Task.task_wakeup(<Future finished result=None>)>

  File "C:\Users\USER\AppData\Roaming\uv\python\cpython-3.10.17-windows-x86_64-none\lib\asyncio\events.py", line 80, in _run
    self._context.run(self._callback, *self._args)
    │    │            │    │           │    └ <member '_args' of 'Handle' objects>
    │    │            │    │           └ <Handle Task.task_wakeup(<Future finished result=None>)>
    │    │            │    └ <member '_callback' of 'Handle' objects>
    │    │            └ <Handle Task.task_wakeup(<Future finished result=None>)>
    │    └ <member '_context' of 'Handle' objects>
    └ <Handle Task.task_wakeup(<Future finished result=None>)>

  File "e:\mamba2\mamba2\crew\day_trader.py", line 90, in run
    await self.run_strategy(symbol)
          │    │            └ 'EURJPY'
          │    └ <function DayTrader.run_strategy at 0x000002397F9857E0>
          └ <mamba2.crew.day_trader.DayTrader object at 0x000002397F971540>

> File "e:\mamba2\mamba2\crew\day_trader.py", line 61, in run_strategy
    await self.strategies[symbol].evaluate(market_context)
          │    │          │                └ {'broker': <mamba2.broker.mt5_broker.MT5Broker object at 0x000002397F973880>, 'rate_fetcher': <RatesFetcher(RateFetcherThread...
          │    │          └ 'EURJPY'
          │    └ {'EURUSD': <mamba2.strategy.triple_cross.StochasticTripleTFStrategy object at 0x000002397F9715D0>, 'EURJPY': <mamba2.strategy...
          └ <mamba2.crew.day_trader.DayTrader object at 0x000002397F971540>

  File "e:\mamba2\mamba2\strategy\triple_cross.py", line 134, in evaluate
    current_rsi = rsi.iloc[-1]
                  └ np.float64(73.60153138658085)

AttributeError: 'numpy.float64' object has no attribute 'iloc'
2025-06-20 14:52:39.414 | ERROR    | mamba2.crew.day_trader:run_strategy:69 - Error evaluating EURJPY: 'numpy.float64' object has no attribute 'iloc'
2025-06-20 14:52:39.414 | DEBUG    | mamba2.crew.day_trader:run_strategy:70 - Full error details
Traceback (most recent call last):

  File "e:\mamba2\main.py", line 237, in <module>
    asyncio.run(main())
    │       │   └ <function main at 0x000002397F985D80>
    │       └ <function run at 0x00000239756B7BE0>
    └ <module 'asyncio' from 'C:\\Users\\USER\\AppData\\Roaming\\uv\\python\\cpython-3.10.17-windows-x86_64-none\\lib\\asyncio\\__i...

  File "C:\Users\USER\AppData\Roaming\uv\python\cpython-3.10.17-windows-x86_64-none\lib\asyncio\runners.py", line 44, in run
    return loop.run_until_complete(main)
           │    │                  └ <coroutine object main at 0x000002397D782B20>
           │    └ <function BaseEventLoop.run_until_complete at 0x00000239756B9630>
           └ <ProactorEventLoop running=True closed=False debug=False>

  File "C:\Users\USER\AppData\Roaming\uv\python\cpython-3.10.17-windows-x86_64-none\lib\asyncio\base_events.py", line 636, in run_until_complete
    self.run_forever()
    │    └ <function ProactorEventLoop.run_forever at 0x0000023975770670>
    └ <ProactorEventLoop running=True closed=False debug=False>

  File "C:\Users\USER\AppData\Roaming\uv\python\cpython-3.10.17-windows-x86_64-none\lib\asyncio\windows_events.py", line 321, in run_forever
    super().run_forever()

  File "C:\Users\USER\AppData\Roaming\uv\python\cpython-3.10.17-windows-x86_64-none\lib\asyncio\base_events.py", line 603, in run_forever
    self._run_once()
    │    └ <function BaseEventLoop._run_once at 0x00000239756BB0A0>
    └ <ProactorEventLoop running=True closed=False debug=False>

  File "C:\Users\USER\AppData\Roaming\uv\python\cpython-3.10.17-windows-x86_64-none\lib\asyncio\base_events.py", line 1909, in _run_once
    handle._run()
    │      └ <function Handle._run at 0x00000239756228C0>
    └ <Handle Task.task_wakeup(<Future finished result=None>)>

  File "C:\Users\USER\AppData\Roaming\uv\python\cpython-3.10.17-windows-x86_64-none\lib\asyncio\events.py", line 80, in _run
    self._context.run(self._callback, *self._args)
    │    │            │    │           │    └ <member '_args' of 'Handle' objects>
    │    │            │    │           └ <Handle Task.task_wakeup(<Future finished result=None>)>
    │    │            │    └ <member '_callback' of 'Handle' objects>
    │    │            └ <Handle Task.task_wakeup(<Future finished result=None>)>
    │    └ <member '_context' of 'Handle' objects>
    └ <Handle Task.task_wakeup(<Future finished result=None>)>

  File "e:\mamba2\mamba2\crew\day_trader.py", line 90, in run
    await self.run_strategy(symbol)
          │    │            └ 'EURJPY'
          │    └ <function DayTrader.run_strategy at 0x000002397F9857E0>
          └ <mamba2.crew.day_trader.DayTrader object at 0x000002397F971540>

> File "e:\mamba2\mamba2\crew\day_trader.py", line 61, in run_strategy
    await self.strategies[symbol].evaluate(market_context)
          │    │          │                └ {'broker': <mamba2.broker.mt5_broker.MT5Broker object at 0x000002397F973880>, 'rate_fetcher': <RatesFetcher(RateFetcherThread...
          │    │          └ 'EURJPY'
          │    └ {'EURUSD': <mamba2.strategy.triple_cross.StochasticTripleTFStrategy object at 0x000002397F9715D0>, 'EURJPY': <mamba2.strategy...
          └ <mamba2.crew.day_trader.DayTrader object at 0x000002397F971540>

  File "e:\mamba2\mamba2\strategy\triple_cross.py", line 134, in evaluate
    current_rsi = rsi.iloc[-1]
                  └ np.float64(73.60153138658085)

AttributeError: 'numpy.float64' object has no attribute 'iloc'
2025-06-20 14:53:09.559 | ERROR    | mamba2.crew.day_trader:run_strategy:69 - Error evaluating EURJPY: 'numpy.float64' object has no attribute 'iloc'
2025-06-20 14:53:09.559 | DEBUG    | mamba2.crew.day_trader:run_strategy:70 - Full error details
Traceback (most recent call last):

  File "e:\mamba2\main.py", line 237, in <module>
    asyncio.run(main())
    │       │   └ <function main at 0x000002397F985D80>
    │       └ <function run at 0x00000239756B7BE0>
    └ <module 'asyncio' from 'C:\\Users\\USER\\AppData\\Roaming\\uv\\python\\cpython-3.10.17-windows-x86_64-none\\lib\\asyncio\\__i...

  File "C:\Users\USER\AppData\Roaming\uv\python\cpython-3.10.17-windows-x86_64-none\lib\asyncio\runners.py", line 44, in run
    return loop.run_until_complete(main)
           │    │                  └ <coroutine object main at 0x000002397D782B20>
           │    └ <function BaseEventLoop.run_until_complete at 0x00000239756B9630>
           └ <ProactorEventLoop running=True closed=False debug=False>

  File "C:\Users\USER\AppData\Roaming\uv\python\cpython-3.10.17-windows-x86_64-none\lib\asyncio\base_events.py", line 636, in run_until_complete
    self.run_forever()
    │    └ <function ProactorEventLoop.run_forever at 0x0000023975770670>
    └ <ProactorEventLoop running=True closed=False debug=False>

  File "C:\Users\USER\AppData\Roaming\uv\python\cpython-3.10.17-windows-x86_64-none\lib\asyncio\windows_events.py", line 321, in run_forever
    super().run_forever()

  File "C:\Users\USER\AppData\Roaming\uv\python\cpython-3.10.17-windows-x86_64-none\lib\asyncio\base_events.py", line 603, in run_forever
    self._run_once()
    │    └ <function BaseEventLoop._run_once at 0x00000239756BB0A0>
    └ <ProactorEventLoop running=True closed=False debug=False>

  File "C:\Users\USER\AppData\Roaming\uv\python\cpython-3.10.17-windows-x86_64-none\lib\asyncio\base_events.py", line 1909, in _run_once
    handle._run()
    │      └ <function Handle._run at 0x00000239756228C0>
    └ <Handle Task.task_wakeup(<Future finished result=None>)>

  File "C:\Users\USER\AppData\Roaming\uv\python\cpython-3.10.17-windows-x86_64-none\lib\asyncio\events.py", line 80, in _run
    self._context.run(self._callback, *self._args)
    │    │            │    │           │    └ <member '_args' of 'Handle' objects>
    │    │            │    │           └ <Handle Task.task_wakeup(<Future finished result=None>)>
    │    │            │    └ <member '_callback' of 'Handle' objects>
    │    │            └ <Handle Task.task_wakeup(<Future finished result=None>)>
    │    └ <member '_context' of 'Handle' objects>
    └ <Handle Task.task_wakeup(<Future finished result=None>)>

  File "e:\mamba2\mamba2\crew\day_trader.py", line 90, in run
    await self.run_strategy(symbol)
          │    │            └ 'EURJPY'
          │    └ <function DayTrader.run_strategy at 0x000002397F9857E0>
          └ <mamba2.crew.day_trader.DayTrader object at 0x000002397F971540>

> File "e:\mamba2\mamba2\crew\day_trader.py", line 61, in run_strategy
    await self.strategies[symbol].evaluate(market_context)
          │    │          │                └ {'broker': <mamba2.broker.mt5_broker.MT5Broker object at 0x000002397F973880>, 'rate_fetcher': <RatesFetcher(RateFetcherThread...
          │    │          └ 'EURJPY'
          │    └ {'EURUSD': <mamba2.strategy.triple_cross.StochasticTripleTFStrategy object at 0x000002397F9715D0>, 'EURJPY': <mamba2.strategy...
          └ <mamba2.crew.day_trader.DayTrader object at 0x000002397F971540>

  File "e:\mamba2\mamba2\strategy\triple_cross.py", line 134, in evaluate
    current_rsi = rsi.iloc[-1]
                  └ np.float64(73.60153138658085)

AttributeError: 'numpy.float64' object has no attribute 'iloc'
2025-06-20 14:53:39.652 | ERROR    | mamba2.crew.day_trader:run_strategy:69 - Error evaluating EURJPY: 'numpy.float64' object has no attribute 'iloc'
2025-06-20 14:53:39.652 | DEBUG    | mamba2.crew.day_trader:run_strategy:70 - Full error details
Traceback (most recent call last):

  File "e:\mamba2\main.py", line 237, in <module>
    asyncio.run(main())
    │       │   └ <function main at 0x000002397F985D80>
    │       └ <function run at 0x00000239756B7BE0>
    └ <module 'asyncio' from 'C:\\Users\\USER\\AppData\\Roaming\\uv\\python\\cpython-3.10.17-windows-x86_64-none\\lib\\asyncio\\__i...

  File "C:\Users\USER\AppData\Roaming\uv\python\cpython-3.10.17-windows-x86_64-none\lib\asyncio\runners.py", line 44, in run
    return loop.run_until_complete(main)
           │    │                  └ <coroutine object main at 0x000002397D782B20>
           │    └ <function BaseEventLoop.run_until_complete at 0x00000239756B9630>
           └ <ProactorEventLoop running=True closed=False debug=False>

  File "C:\Users\USER\AppData\Roaming\uv\python\cpython-3.10.17-windows-x86_64-none\lib\asyncio\base_events.py", line 636, in run_until_complete
    self.run_forever()
    │    └ <function ProactorEventLoop.run_forever at 0x0000023975770670>
    └ <ProactorEventLoop running=True closed=False debug=False>

  File "C:\Users\USER\AppData\Roaming\uv\python\cpython-3.10.17-windows-x86_64-none\lib\asyncio\windows_events.py", line 321, in run_forever
    super().run_forever()

  File "C:\Users\USER\AppData\Roaming\uv\python\cpython-3.10.17-windows-x86_64-none\lib\asyncio\base_events.py", line 603, in run_forever
    self._run_once()
    │    └ <function BaseEventLoop._run_once at 0x00000239756BB0A0>
    └ <ProactorEventLoop running=True closed=False debug=False>

  File "C:\Users\USER\AppData\Roaming\uv\python\cpython-3.10.17-windows-x86_64-none\lib\asyncio\base_events.py", line 1909, in _run_once
    handle._run()
    │      └ <function Handle._run at 0x00000239756228C0>
    └ <Handle Task.task_wakeup(<Future finished result=None>)>

  File "C:\Users\USER\AppData\Roaming\uv\python\cpython-3.10.17-windows-x86_64-none\lib\asyncio\events.py", line 80, in _run
    self._context.run(self._callback, *self._args)
    │    │            │    │           │    └ <member '_args' of 'Handle' objects>
    │    │            │    │           └ <Handle Task.task_wakeup(<Future finished result=None>)>
    │    │            │    └ <member '_callback' of 'Handle' objects>
    │    │            └ <Handle Task.task_wakeup(<Future finished result=None>)>
    │    └ <member '_context' of 'Handle' objects>
    └ <Handle Task.task_wakeup(<Future finished result=None>)>

  File "e:\mamba2\mamba2\crew\day_trader.py", line 90, in run
    await self.run_strategy(symbol)
          │    │            └ 'EURJPY'
          │    └ <function DayTrader.run_strategy at 0x000002397F9857E0>
          └ <mamba2.crew.day_trader.DayTrader object at 0x000002397F971540>

> File "e:\mamba2\mamba2\crew\day_trader.py", line 61, in run_strategy
    await self.strategies[symbol].evaluate(market_context)
          │    │          │                └ {'broker': <mamba2.broker.mt5_broker.MT5Broker object at 0x000002397F973880>, 'rate_fetcher': <RatesFetcher(RateFetcherThread...
          │    │          └ 'EURJPY'
          │    └ {'EURUSD': <mamba2.strategy.triple_cross.StochasticTripleTFStrategy object at 0x000002397F9715D0>, 'EURJPY': <mamba2.strategy...
          └ <mamba2.crew.day_trader.DayTrader object at 0x000002397F971540>

  File "e:\mamba2\mamba2\strategy\triple_cross.py", line 134, in evaluate
    current_rsi = rsi.iloc[-1]
                  └ np.float64(73.60153138658085)

AttributeError: 'numpy.float64' object has no attribute 'iloc'
2025-06-20 14:54:09.759 | ERROR    | mamba2.crew.day_trader:run_strategy:69 - Error evaluating EURJPY: 'numpy.float64' object has no attribute 'iloc'
2025-06-20 14:54:09.759 | DEBUG    | mamba2.crew.day_trader:run_strategy:70 - Full error details
Traceback (most recent call last):

  File "e:\mamba2\main.py", line 237, in <module>
    asyncio.run(main())
    │       │   └ <function main at 0x000002397F985D80>
    │       └ <function run at 0x00000239756B7BE0>
    └ <module 'asyncio' from 'C:\\Users\\USER\\AppData\\Roaming\\uv\\python\\cpython-3.10.17-windows-x86_64-none\\lib\\asyncio\\__i...

  File "C:\Users\USER\AppData\Roaming\uv\python\cpython-3.10.17-windows-x86_64-none\lib\asyncio\runners.py", line 44, in run
    return loop.run_until_complete(main)
           │    │                  └ <coroutine object main at 0x000002397D782B20>
           │    └ <function BaseEventLoop.run_until_complete at 0x00000239756B9630>
           └ <ProactorEventLoop running=True closed=False debug=False>

  File "C:\Users\USER\AppData\Roaming\uv\python\cpython-3.10.17-windows-x86_64-none\lib\asyncio\base_events.py", line 636, in run_until_complete
    self.run_forever()
    │    └ <function ProactorEventLoop.run_forever at 0x0000023975770670>
    └ <ProactorEventLoop running=True closed=False debug=False>

  File "C:\Users\USER\AppData\Roaming\uv\python\cpython-3.10.17-windows-x86_64-none\lib\asyncio\windows_events.py", line 321, in run_forever
    super().run_forever()

  File "C:\Users\USER\AppData\Roaming\uv\python\cpython-3.10.17-windows-x86_64-none\lib\asyncio\base_events.py", line 603, in run_forever
    self._run_once()
    │    └ <function BaseEventLoop._run_once at 0x00000239756BB0A0>
    └ <ProactorEventLoop running=True closed=False debug=False>

  File "C:\Users\USER\AppData\Roaming\uv\python\cpython-3.10.17-windows-x86_64-none\lib\asyncio\base_events.py", line 1909, in _run_once
    handle._run()
    │      └ <function Handle._run at 0x00000239756228C0>
    └ <Handle Task.task_wakeup(<Future finished result=None>)>

  File "C:\Users\USER\AppData\Roaming\uv\python\cpython-3.10.17-windows-x86_64-none\lib\asyncio\events.py", line 80, in _run
    self._context.run(self._callback, *self._args)
    │    │            │    │           │    └ <member '_args' of 'Handle' objects>
    │    │            │    │           └ <Handle Task.task_wakeup(<Future finished result=None>)>
    │    │            │    └ <member '_callback' of 'Handle' objects>
    │    │            └ <Handle Task.task_wakeup(<Future finished result=None>)>
    │    └ <member '_context' of 'Handle' objects>
    └ <Handle Task.task_wakeup(<Future finished result=None>)>

  File "e:\mamba2\mamba2\crew\day_trader.py", line 90, in run
    await self.run_strategy(symbol)
          │    │            └ 'EURJPY'
          │    └ <function DayTrader.run_strategy at 0x000002397F9857E0>
          └ <mamba2.crew.day_trader.DayTrader object at 0x000002397F971540>

> File "e:\mamba2\mamba2\crew\day_trader.py", line 61, in run_strategy
    await self.strategies[symbol].evaluate(market_context)
          │    │          │                └ {'broker': <mamba2.broker.mt5_broker.MT5Broker object at 0x000002397F973880>, 'rate_fetcher': <RatesFetcher(RateFetcherThread...
          │    │          └ 'EURJPY'
          │    └ {'EURUSD': <mamba2.strategy.triple_cross.StochasticTripleTFStrategy object at 0x000002397F9715D0>, 'EURJPY': <mamba2.strategy...
          └ <mamba2.crew.day_trader.DayTrader object at 0x000002397F971540>

  File "e:\mamba2\mamba2\strategy\triple_cross.py", line 134, in evaluate
    current_rsi = rsi.iloc[-1]
                  └ np.float64(73.60153138658085)

AttributeError: 'numpy.float64' object has no attribute 'iloc'
2025-06-20 14:54:39.833 | ERROR    | mamba2.crew.day_trader:run_strategy:69 - Error evaluating EURJPY: 'numpy.float64' object has no attribute 'iloc'
2025-06-20 14:54:39.834 | DEBUG    | mamba2.crew.day_trader:run_strategy:70 - Full error details
Traceback (most recent call last):

  File "e:\mamba2\main.py", line 237, in <module>
    asyncio.run(main())
    │       │   └ <function main at 0x000002397F985D80>
    │       └ <function run at 0x00000239756B7BE0>
    └ <module 'asyncio' from 'C:\\Users\\USER\\AppData\\Roaming\\uv\\python\\cpython-3.10.17-windows-x86_64-none\\lib\\asyncio\\__i...

  File "C:\Users\USER\AppData\Roaming\uv\python\cpython-3.10.17-windows-x86_64-none\lib\asyncio\runners.py", line 44, in run
    return loop.run_until_complete(main)
           │    │                  └ <coroutine object main at 0x000002397D782B20>
           │    └ <function BaseEventLoop.run_until_complete at 0x00000239756B9630>
           └ <ProactorEventLoop running=True closed=False debug=False>

  File "C:\Users\USER\AppData\Roaming\uv\python\cpython-3.10.17-windows-x86_64-none\lib\asyncio\base_events.py", line 636, in run_until_complete
    self.run_forever()
    │    └ <function ProactorEventLoop.run_forever at 0x0000023975770670>
    └ <ProactorEventLoop running=True closed=False debug=False>

  File "C:\Users\USER\AppData\Roaming\uv\python\cpython-3.10.17-windows-x86_64-none\lib\asyncio\windows_events.py", line 321, in run_forever
    super().run_forever()

  File "C:\Users\USER\AppData\Roaming\uv\python\cpython-3.10.17-windows-x86_64-none\lib\asyncio\base_events.py", line 603, in run_forever
    self._run_once()
    │    └ <function BaseEventLoop._run_once at 0x00000239756BB0A0>
    └ <ProactorEventLoop running=True closed=False debug=False>

  File "C:\Users\USER\AppData\Roaming\uv\python\cpython-3.10.17-windows-x86_64-none\lib\asyncio\base_events.py", line 1909, in _run_once
    handle._run()
    │      └ <function Handle._run at 0x00000239756228C0>
    └ <Handle Task.task_wakeup(<Future finished result=None>)>

  File "C:\Users\USER\AppData\Roaming\uv\python\cpython-3.10.17-windows-x86_64-none\lib\asyncio\events.py", line 80, in _run
    self._context.run(self._callback, *self._args)
    │    │            │    │           │    └ <member '_args' of 'Handle' objects>
    │    │            │    │           └ <Handle Task.task_wakeup(<Future finished result=None>)>
    │    │            │    └ <member '_callback' of 'Handle' objects>
    │    │            └ <Handle Task.task_wakeup(<Future finished result=None>)>
    │    └ <member '_context' of 'Handle' objects>
    └ <Handle Task.task_wakeup(<Future finished result=None>)>

  File "e:\mamba2\mamba2\crew\day_trader.py", line 90, in run
    await self.run_strategy(symbol)
          │    │            └ 'EURJPY'
          │    └ <function DayTrader.run_strategy at 0x000002397F9857E0>
          └ <mamba2.crew.day_trader.DayTrader object at 0x000002397F971540>

> File "e:\mamba2\mamba2\crew\day_trader.py", line 61, in run_strategy
    await self.strategies[symbol].evaluate(market_context)
          │    │          │                └ {'broker': <mamba2.broker.mt5_broker.MT5Broker object at 0x000002397F973880>, 'rate_fetcher': <RatesFetcher(RateFetcherThread...
          │    │          └ 'EURJPY'
          │    └ {'EURUSD': <mamba2.strategy.triple_cross.StochasticTripleTFStrategy object at 0x000002397F9715D0>, 'EURJPY': <mamba2.strategy...
          └ <mamba2.crew.day_trader.DayTrader object at 0x000002397F971540>

  File "e:\mamba2\mamba2\strategy\triple_cross.py", line 134, in evaluate
    current_rsi = rsi.iloc[-1]
                  └ np.float64(73.60153138658085)

AttributeError: 'numpy.float64' object has no attribute 'iloc'
2025-06-20 14:55:09.933 | ERROR    | mamba2.crew.day_trader:run_strategy:69 - Error evaluating EURJPY: 'numpy.float64' object has no attribute 'iloc'
2025-06-20 14:55:09.933 | DEBUG    | mamba2.crew.day_trader:run_strategy:70 - Full error details
Traceback (most recent call last):

  File "e:\mamba2\main.py", line 237, in <module>
    asyncio.run(main())
    │       │   └ <function main at 0x000002397F985D80>
    │       └ <function run at 0x00000239756B7BE0>
    └ <module 'asyncio' from 'C:\\Users\\USER\\AppData\\Roaming\\uv\\python\\cpython-3.10.17-windows-x86_64-none\\lib\\asyncio\\__i...

  File "C:\Users\USER\AppData\Roaming\uv\python\cpython-3.10.17-windows-x86_64-none\lib\asyncio\runners.py", line 44, in run
    return loop.run_until_complete(main)
           │    │                  └ <coroutine object main at 0x000002397D782B20>
           │    └ <function BaseEventLoop.run_until_complete at 0x00000239756B9630>
           └ <ProactorEventLoop running=True closed=False debug=False>

  File "C:\Users\USER\AppData\Roaming\uv\python\cpython-3.10.17-windows-x86_64-none\lib\asyncio\base_events.py", line 636, in run_until_complete
    self.run_forever()
    │    └ <function ProactorEventLoop.run_forever at 0x0000023975770670>
    └ <ProactorEventLoop running=True closed=False debug=False>

  File "C:\Users\USER\AppData\Roaming\uv\python\cpython-3.10.17-windows-x86_64-none\lib\asyncio\windows_events.py", line 321, in run_forever
    super().run_forever()

  File "C:\Users\USER\AppData\Roaming\uv\python\cpython-3.10.17-windows-x86_64-none\lib\asyncio\base_events.py", line 603, in run_forever
    self._run_once()
    │    └ <function BaseEventLoop._run_once at 0x00000239756BB0A0>
    └ <ProactorEventLoop running=True closed=False debug=False>

  File "C:\Users\USER\AppData\Roaming\uv\python\cpython-3.10.17-windows-x86_64-none\lib\asyncio\base_events.py", line 1909, in _run_once
    handle._run()
    │      └ <function Handle._run at 0x00000239756228C0>
    └ <Handle Task.task_wakeup(<Future finished result=None>)>

  File "C:\Users\USER\AppData\Roaming\uv\python\cpython-3.10.17-windows-x86_64-none\lib\asyncio\events.py", line 80, in _run
    self._context.run(self._callback, *self._args)
    │    │            │    │           │    └ <member '_args' of 'Handle' objects>
    │    │            │    │           └ <Handle Task.task_wakeup(<Future finished result=None>)>
    │    │            │    └ <member '_callback' of 'Handle' objects>
    │    │            └ <Handle Task.task_wakeup(<Future finished result=None>)>
    │    └ <member '_context' of 'Handle' objects>
    └ <Handle Task.task_wakeup(<Future finished result=None>)>

  File "e:\mamba2\mamba2\crew\day_trader.py", line 90, in run
    await self.run_strategy(symbol)
          │    │            └ 'EURJPY'
          │    └ <function DayTrader.run_strategy at 0x000002397F9857E0>
          └ <mamba2.crew.day_trader.DayTrader object at 0x000002397F971540>

> File "e:\mamba2\mamba2\crew\day_trader.py", line 61, in run_strategy
    await self.strategies[symbol].evaluate(market_context)
          │    │          │                └ {'broker': <mamba2.broker.mt5_broker.MT5Broker object at 0x000002397F973880>, 'rate_fetcher': <RatesFetcher(RateFetcherThread...
          │    │          └ 'EURJPY'
          │    └ {'EURUSD': <mamba2.strategy.triple_cross.StochasticTripleTFStrategy object at 0x000002397F9715D0>, 'EURJPY': <mamba2.strategy...
          └ <mamba2.crew.day_trader.DayTrader object at 0x000002397F971540>

  File "e:\mamba2\mamba2\strategy\triple_cross.py", line 134, in evaluate
    current_rsi = rsi.iloc[-1]
                  └ np.float64(73.60153138658085)

AttributeError: 'numpy.float64' object has no attribute 'iloc'
2025-06-20 14:55:40.036 | ERROR    | mamba2.crew.day_trader:run_strategy:69 - Error evaluating EURJPY: 'numpy.float64' object has no attribute 'iloc'
2025-06-20 14:55:40.036 | DEBUG    | mamba2.crew.day_trader:run_strategy:70 - Full error details
Traceback (most recent call last):

  File "e:\mamba2\main.py", line 237, in <module>
    asyncio.run(main())
    │       │   └ <function main at 0x000002397F985D80>
    │       └ <function run at 0x00000239756B7BE0>
    └ <module 'asyncio' from 'C:\\Users\\USER\\AppData\\Roaming\\uv\\python\\cpython-3.10.17-windows-x86_64-none\\lib\\asyncio\\__i...

  File "C:\Users\USER\AppData\Roaming\uv\python\cpython-3.10.17-windows-x86_64-none\lib\asyncio\runners.py", line 44, in run
    return loop.run_until_complete(main)
           │    │                  └ <coroutine object main at 0x000002397D782B20>
           │    └ <function BaseEventLoop.run_until_complete at 0x00000239756B9630>
           └ <ProactorEventLoop running=True closed=False debug=False>

  File "C:\Users\USER\AppData\Roaming\uv\python\cpython-3.10.17-windows-x86_64-none\lib\asyncio\base_events.py", line 636, in run_until_complete
    self.run_forever()
    │    └ <function ProactorEventLoop.run_forever at 0x0000023975770670>
    └ <ProactorEventLoop running=True closed=False debug=False>

  File "C:\Users\USER\AppData\Roaming\uv\python\cpython-3.10.17-windows-x86_64-none\lib\asyncio\windows_events.py", line 321, in run_forever
    super().run_forever()

  File "C:\Users\USER\AppData\Roaming\uv\python\cpython-3.10.17-windows-x86_64-none\lib\asyncio\base_events.py", line 603, in run_forever
    self._run_once()
    │    └ <function BaseEventLoop._run_once at 0x00000239756BB0A0>
    └ <ProactorEventLoop running=True closed=False debug=False>

  File "C:\Users\USER\AppData\Roaming\uv\python\cpython-3.10.17-windows-x86_64-none\lib\asyncio\base_events.py", line 1909, in _run_once
    handle._run()
    │      └ <function Handle._run at 0x00000239756228C0>
    └ <Handle Task.task_wakeup(<Future finished result=None>)>

  File "C:\Users\USER\AppData\Roaming\uv\python\cpython-3.10.17-windows-x86_64-none\lib\asyncio\events.py", line 80, in _run
    self._context.run(self._callback, *self._args)
    │    │            │    │           │    └ <member '_args' of 'Handle' objects>
    │    │            │    │           └ <Handle Task.task_wakeup(<Future finished result=None>)>
    │    │            │    └ <member '_callback' of 'Handle' objects>
    │    │            └ <Handle Task.task_wakeup(<Future finished result=None>)>
    │    └ <member '_context' of 'Handle' objects>
    └ <Handle Task.task_wakeup(<Future finished result=None>)>

  File "e:\mamba2\mamba2\crew\day_trader.py", line 90, in run
    await self.run_strategy(symbol)
          │    │            └ 'EURJPY'
          │    └ <function DayTrader.run_strategy at 0x000002397F9857E0>
          └ <mamba2.crew.day_trader.DayTrader object at 0x000002397F971540>

> File "e:\mamba2\mamba2\crew\day_trader.py", line 61, in run_strategy
    await self.strategies[symbol].evaluate(market_context)
          │    │          │                └ {'broker': <mamba2.broker.mt5_broker.MT5Broker object at 0x000002397F973880>, 'rate_fetcher': <RatesFetcher(RateFetcherThread...
          │    │          └ 'EURJPY'
          │    └ {'EURUSD': <mamba2.strategy.triple_cross.StochasticTripleTFStrategy object at 0x000002397F9715D0>, 'EURJPY': <mamba2.strategy...
          └ <mamba2.crew.day_trader.DayTrader object at 0x000002397F971540>

  File "e:\mamba2\mamba2\strategy\triple_cross.py", line 134, in evaluate
    current_rsi = rsi.iloc[-1]
                  └ np.float64(70.73740445494136)

AttributeError: 'numpy.float64' object has no attribute 'iloc'
2025-06-20 14:56:10.132 | ERROR    | mamba2.crew.day_trader:run_strategy:69 - Error evaluating EURJPY: 'numpy.float64' object has no attribute 'iloc'
2025-06-20 14:56:10.133 | DEBUG    | mamba2.crew.day_trader:run_strategy:70 - Full error details
Traceback (most recent call last):

  File "e:\mamba2\main.py", line 237, in <module>
    asyncio.run(main())
    │       │   └ <function main at 0x000002397F985D80>
    │       └ <function run at 0x00000239756B7BE0>
    └ <module 'asyncio' from 'C:\\Users\\USER\\AppData\\Roaming\\uv\\python\\cpython-3.10.17-windows-x86_64-none\\lib\\asyncio\\__i...

  File "C:\Users\USER\AppData\Roaming\uv\python\cpython-3.10.17-windows-x86_64-none\lib\asyncio\runners.py", line 44, in run
    return loop.run_until_complete(main)
           │    │                  └ <coroutine object main at 0x000002397D782B20>
           │    └ <function BaseEventLoop.run_until_complete at 0x00000239756B9630>
           └ <ProactorEventLoop running=True closed=False debug=False>

  File "C:\Users\USER\AppData\Roaming\uv\python\cpython-3.10.17-windows-x86_64-none\lib\asyncio\base_events.py", line 636, in run_until_complete
    self.run_forever()
    │    └ <function ProactorEventLoop.run_forever at 0x0000023975770670>
    └ <ProactorEventLoop running=True closed=False debug=False>

  File "C:\Users\USER\AppData\Roaming\uv\python\cpython-3.10.17-windows-x86_64-none\lib\asyncio\windows_events.py", line 321, in run_forever
    super().run_forever()

  File "C:\Users\USER\AppData\Roaming\uv\python\cpython-3.10.17-windows-x86_64-none\lib\asyncio\base_events.py", line 603, in run_forever
    self._run_once()
    │    └ <function BaseEventLoop._run_once at 0x00000239756BB0A0>
    └ <ProactorEventLoop running=True closed=False debug=False>

  File "C:\Users\USER\AppData\Roaming\uv\python\cpython-3.10.17-windows-x86_64-none\lib\asyncio\base_events.py", line 1909, in _run_once
    handle._run()
    │      └ <function Handle._run at 0x00000239756228C0>
    └ <Handle Task.task_wakeup(<Future finished result=None>)>

  File "C:\Users\USER\AppData\Roaming\uv\python\cpython-3.10.17-windows-x86_64-none\lib\asyncio\events.py", line 80, in _run
    self._context.run(self._callback, *self._args)
    │    │            │    │           │    └ <member '_args' of 'Handle' objects>
    │    │            │    │           └ <Handle Task.task_wakeup(<Future finished result=None>)>
    │    │            │    └ <member '_callback' of 'Handle' objects>
    │    │            └ <Handle Task.task_wakeup(<Future finished result=None>)>
    │    └ <member '_context' of 'Handle' objects>
    └ <Handle Task.task_wakeup(<Future finished result=None>)>

  File "e:\mamba2\mamba2\crew\day_trader.py", line 90, in run
    await self.run_strategy(symbol)
          │    │            └ 'EURJPY'
          │    └ <function DayTrader.run_strategy at 0x000002397F9857E0>
          └ <mamba2.crew.day_trader.DayTrader object at 0x000002397F971540>

> File "e:\mamba2\mamba2\crew\day_trader.py", line 61, in run_strategy
    await self.strategies[symbol].evaluate(market_context)
          │    │          │                └ {'broker': <mamba2.broker.mt5_broker.MT5Broker object at 0x000002397F973880>, 'rate_fetcher': <RatesFetcher(RateFetcherThread...
          │    │          └ 'EURJPY'
          │    └ {'EURUSD': <mamba2.strategy.triple_cross.StochasticTripleTFStrategy object at 0x000002397F9715D0>, 'EURJPY': <mamba2.strategy...
          └ <mamba2.crew.day_trader.DayTrader object at 0x000002397F971540>

  File "e:\mamba2\mamba2\strategy\triple_cross.py", line 134, in evaluate
    current_rsi = rsi.iloc[-1]
                  └ np.float64(70.73740445494136)

AttributeError: 'numpy.float64' object has no attribute 'iloc'
2025-06-20 14:56:40.239 | ERROR    | mamba2.crew.day_trader:run_strategy:69 - Error evaluating EURJPY: 'numpy.float64' object has no attribute 'iloc'
2025-06-20 14:56:40.239 | DEBUG    | mamba2.crew.day_trader:run_strategy:70 - Full error details
Traceback (most recent call last):

  File "e:\mamba2\main.py", line 237, in <module>
    asyncio.run(main())
    │       │   └ <function main at 0x000002397F985D80>
    │       └ <function run at 0x00000239756B7BE0>
    └ <module 'asyncio' from 'C:\\Users\\USER\\AppData\\Roaming\\uv\\python\\cpython-3.10.17-windows-x86_64-none\\lib\\asyncio\\__i...

  File "C:\Users\USER\AppData\Roaming\uv\python\cpython-3.10.17-windows-x86_64-none\lib\asyncio\runners.py", line 44, in run
    return loop.run_until_complete(main)
           │    │                  └ <coroutine object main at 0x000002397D782B20>
           │    └ <function BaseEventLoop.run_until_complete at 0x00000239756B9630>
           └ <ProactorEventLoop running=True closed=False debug=False>

  File "C:\Users\USER\AppData\Roaming\uv\python\cpython-3.10.17-windows-x86_64-none\lib\asyncio\base_events.py", line 636, in run_until_complete
    self.run_forever()
    │    └ <function ProactorEventLoop.run_forever at 0x0000023975770670>
    └ <ProactorEventLoop running=True closed=False debug=False>

  File "C:\Users\USER\AppData\Roaming\uv\python\cpython-3.10.17-windows-x86_64-none\lib\asyncio\windows_events.py", line 321, in run_forever
    super().run_forever()

  File "C:\Users\USER\AppData\Roaming\uv\python\cpython-3.10.17-windows-x86_64-none\lib\asyncio\base_events.py", line 603, in run_forever
    self._run_once()
    │    └ <function BaseEventLoop._run_once at 0x00000239756BB0A0>
    └ <ProactorEventLoop running=True closed=False debug=False>

  File "C:\Users\USER\AppData\Roaming\uv\python\cpython-3.10.17-windows-x86_64-none\lib\asyncio\base_events.py", line 1909, in _run_once
    handle._run()
    │      └ <function Handle._run at 0x00000239756228C0>
    └ <Handle Task.task_wakeup(<Future finished result=None>)>

  File "C:\Users\USER\AppData\Roaming\uv\python\cpython-3.10.17-windows-x86_64-none\lib\asyncio\events.py", line 80, in _run
    self._context.run(self._callback, *self._args)
    │    │            │    │           │    └ <member '_args' of 'Handle' objects>
    │    │            │    │           └ <Handle Task.task_wakeup(<Future finished result=None>)>
    │    │            │    └ <member '_callback' of 'Handle' objects>
    │    │            └ <Handle Task.task_wakeup(<Future finished result=None>)>
    │    └ <member '_context' of 'Handle' objects>
    └ <Handle Task.task_wakeup(<Future finished result=None>)>

  File "e:\mamba2\mamba2\crew\day_trader.py", line 90, in run
    await self.run_strategy(symbol)
          │    │            └ 'EURJPY'
          │    └ <function DayTrader.run_strategy at 0x000002397F9857E0>
          └ <mamba2.crew.day_trader.DayTrader object at 0x000002397F971540>

> File "e:\mamba2\mamba2\crew\day_trader.py", line 61, in run_strategy
    await self.strategies[symbol].evaluate(market_context)
          │    │          │                └ {'broker': <mamba2.broker.mt5_broker.MT5Broker object at 0x000002397F973880>, 'rate_fetcher': <RatesFetcher(RateFetcherThread...
          │    │          └ 'EURJPY'
          │    └ {'EURUSD': <mamba2.strategy.triple_cross.StochasticTripleTFStrategy object at 0x000002397F9715D0>, 'EURJPY': <mamba2.strategy...
          └ <mamba2.crew.day_trader.DayTrader object at 0x000002397F971540>

  File "e:\mamba2\mamba2\strategy\triple_cross.py", line 134, in evaluate
    current_rsi = rsi.iloc[-1]
                  └ np.float64(70.73740445494136)

AttributeError: 'numpy.float64' object has no attribute 'iloc'
2025-06-20 14:57:10.363 | ERROR    | mamba2.crew.day_trader:run_strategy:69 - Error evaluating EURJPY: 'numpy.float64' object has no attribute 'iloc'
2025-06-20 14:57:10.364 | DEBUG    | mamba2.crew.day_trader:run_strategy:70 - Full error details
Traceback (most recent call last):

  File "e:\mamba2\main.py", line 237, in <module>
    asyncio.run(main())
    │       │   └ <function main at 0x000002397F985D80>
    │       └ <function run at 0x00000239756B7BE0>
    └ <module 'asyncio' from 'C:\\Users\\USER\\AppData\\Roaming\\uv\\python\\cpython-3.10.17-windows-x86_64-none\\lib\\asyncio\\__i...

  File "C:\Users\USER\AppData\Roaming\uv\python\cpython-3.10.17-windows-x86_64-none\lib\asyncio\runners.py", line 44, in run
    return loop.run_until_complete(main)
           │    │                  └ <coroutine object main at 0x000002397D782B20>
           │    └ <function BaseEventLoop.run_until_complete at 0x00000239756B9630>
           └ <ProactorEventLoop running=True closed=False debug=False>

  File "C:\Users\USER\AppData\Roaming\uv\python\cpython-3.10.17-windows-x86_64-none\lib\asyncio\base_events.py", line 636, in run_until_complete
    self.run_forever()
    │    └ <function ProactorEventLoop.run_forever at 0x0000023975770670>
    └ <ProactorEventLoop running=True closed=False debug=False>

  File "C:\Users\USER\AppData\Roaming\uv\python\cpython-3.10.17-windows-x86_64-none\lib\asyncio\windows_events.py", line 321, in run_forever
    super().run_forever()

  File "C:\Users\USER\AppData\Roaming\uv\python\cpython-3.10.17-windows-x86_64-none\lib\asyncio\base_events.py", line 603, in run_forever
    self._run_once()
    │    └ <function BaseEventLoop._run_once at 0x00000239756BB0A0>
    └ <ProactorEventLoop running=True closed=False debug=False>

  File "C:\Users\USER\AppData\Roaming\uv\python\cpython-3.10.17-windows-x86_64-none\lib\asyncio\base_events.py", line 1909, in _run_once
    handle._run()
    │      └ <function Handle._run at 0x00000239756228C0>
    └ <Handle Task.task_wakeup(<Future finished result=None>)>

  File "C:\Users\USER\AppData\Roaming\uv\python\cpython-3.10.17-windows-x86_64-none\lib\asyncio\events.py", line 80, in _run
    self._context.run(self._callback, *self._args)
    │    │            │    │           │    └ <member '_args' of 'Handle' objects>
    │    │            │    │           └ <Handle Task.task_wakeup(<Future finished result=None>)>
    │    │            │    └ <member '_callback' of 'Handle' objects>
    │    │            └ <Handle Task.task_wakeup(<Future finished result=None>)>
    │    └ <member '_context' of 'Handle' objects>
    └ <Handle Task.task_wakeup(<Future finished result=None>)>

  File "e:\mamba2\mamba2\crew\day_trader.py", line 90, in run
    await self.run_strategy(symbol)
          │    │            └ 'EURJPY'
          │    └ <function DayTrader.run_strategy at 0x000002397F9857E0>
          └ <mamba2.crew.day_trader.DayTrader object at 0x000002397F971540>

> File "e:\mamba2\mamba2\crew\day_trader.py", line 61, in run_strategy
    await self.strategies[symbol].evaluate(market_context)
          │    │          │                └ {'broker': <mamba2.broker.mt5_broker.MT5Broker object at 0x000002397F973880>, 'rate_fetcher': <RatesFetcher(RateFetcherThread...
          │    │          └ 'EURJPY'
          │    └ {'EURUSD': <mamba2.strategy.triple_cross.StochasticTripleTFStrategy object at 0x000002397F9715D0>, 'EURJPY': <mamba2.strategy...
          └ <mamba2.crew.day_trader.DayTrader object at 0x000002397F971540>

  File "e:\mamba2\mamba2\strategy\triple_cross.py", line 134, in evaluate
    current_rsi = rsi.iloc[-1]
                  └ np.float64(70.73740445494136)

AttributeError: 'numpy.float64' object has no attribute 'iloc'
2025-06-20 14:58:48.459 | SUCCESS  | mamba2.crew.position_manager:_update_position_sl:176 - Successfully updated position 52684772629 (SL=196.41336, TP=196.67629)
2025-06-20 15:00:40.989 | ERROR    | mamba2.crew.day_trader:run_strategy:69 - Error evaluating GBPUSD: 'numpy.float64' object has no attribute 'iloc'
2025-06-20 15:00:40.989 | DEBUG    | mamba2.crew.day_trader:run_strategy:70 - Full error details
Traceback (most recent call last):

  File "e:\mamba2\main.py", line 237, in <module>
    asyncio.run(main())
    │       │   └ <function main at 0x000002397F985D80>
    │       └ <function run at 0x00000239756B7BE0>
    └ <module 'asyncio' from 'C:\\Users\\USER\\AppData\\Roaming\\uv\\python\\cpython-3.10.17-windows-x86_64-none\\lib\\asyncio\\__i...

  File "C:\Users\USER\AppData\Roaming\uv\python\cpython-3.10.17-windows-x86_64-none\lib\asyncio\runners.py", line 44, in run
    return loop.run_until_complete(main)
           │    │                  └ <coroutine object main at 0x000002397D782B20>
           │    └ <function BaseEventLoop.run_until_complete at 0x00000239756B9630>
           └ <ProactorEventLoop running=True closed=False debug=False>

  File "C:\Users\USER\AppData\Roaming\uv\python\cpython-3.10.17-windows-x86_64-none\lib\asyncio\base_events.py", line 636, in run_until_complete
    self.run_forever()
    │    └ <function ProactorEventLoop.run_forever at 0x0000023975770670>
    └ <ProactorEventLoop running=True closed=False debug=False>

  File "C:\Users\USER\AppData\Roaming\uv\python\cpython-3.10.17-windows-x86_64-none\lib\asyncio\windows_events.py", line 321, in run_forever
    super().run_forever()

  File "C:\Users\USER\AppData\Roaming\uv\python\cpython-3.10.17-windows-x86_64-none\lib\asyncio\base_events.py", line 603, in run_forever
    self._run_once()
    │    └ <function BaseEventLoop._run_once at 0x00000239756BB0A0>
    └ <ProactorEventLoop running=True closed=False debug=False>

  File "C:\Users\USER\AppData\Roaming\uv\python\cpython-3.10.17-windows-x86_64-none\lib\asyncio\base_events.py", line 1909, in _run_once
    handle._run()
    │      └ <function Handle._run at 0x00000239756228C0>
    └ <Handle Task.task_wakeup(<Future finished result=None>)>

  File "C:\Users\USER\AppData\Roaming\uv\python\cpython-3.10.17-windows-x86_64-none\lib\asyncio\events.py", line 80, in _run
    self._context.run(self._callback, *self._args)
    │    │            │    │           │    └ <member '_args' of 'Handle' objects>
    │    │            │    │           └ <Handle Task.task_wakeup(<Future finished result=None>)>
    │    │            │    └ <member '_callback' of 'Handle' objects>
    │    │            └ <Handle Task.task_wakeup(<Future finished result=None>)>
    │    └ <member '_context' of 'Handle' objects>
    └ <Handle Task.task_wakeup(<Future finished result=None>)>

  File "e:\mamba2\mamba2\crew\day_trader.py", line 90, in run
    await self.run_strategy(symbol)
          │    │            └ 'GBPUSD'
          │    └ <function DayTrader.run_strategy at 0x000002397F9857E0>
          └ <mamba2.crew.day_trader.DayTrader object at 0x000002397F971540>

> File "e:\mamba2\mamba2\crew\day_trader.py", line 61, in run_strategy
    await self.strategies[symbol].evaluate(market_context)
          │    │          │                └ {'broker': <mamba2.broker.mt5_broker.MT5Broker object at 0x000002397F973880>, 'rate_fetcher': <RatesFetcher(RateFetcherThread...
          │    │          └ 'GBPUSD'
          │    └ {'EURUSD': <mamba2.strategy.triple_cross.StochasticTripleTFStrategy object at 0x000002397F9715D0>, 'EURJPY': <mamba2.strategy...
          └ <mamba2.crew.day_trader.DayTrader object at 0x000002397F971540>

  File "e:\mamba2\mamba2\strategy\triple_cross.py", line 134, in evaluate
    current_rsi = rsi.iloc[-1]
                  └ np.float64(58.0920108431867)

AttributeError: 'numpy.float64' object has no attribute 'iloc'
2025-06-20 15:01:11.079 | ERROR    | mamba2.crew.day_trader:run_strategy:69 - Error evaluating GBPUSD: 'numpy.float64' object has no attribute 'iloc'
2025-06-20 15:01:11.079 | DEBUG    | mamba2.crew.day_trader:run_strategy:70 - Full error details
Traceback (most recent call last):

  File "e:\mamba2\main.py", line 237, in <module>
    asyncio.run(main())
    │       │   └ <function main at 0x000002397F985D80>
    │       └ <function run at 0x00000239756B7BE0>
    └ <module 'asyncio' from 'C:\\Users\\USER\\AppData\\Roaming\\uv\\python\\cpython-3.10.17-windows-x86_64-none\\lib\\asyncio\\__i...

  File "C:\Users\USER\AppData\Roaming\uv\python\cpython-3.10.17-windows-x86_64-none\lib\asyncio\runners.py", line 44, in run
    return loop.run_until_complete(main)
           │    │                  └ <coroutine object main at 0x000002397D782B20>
           │    └ <function BaseEventLoop.run_until_complete at 0x00000239756B9630>
           └ <ProactorEventLoop running=True closed=False debug=False>

  File "C:\Users\USER\AppData\Roaming\uv\python\cpython-3.10.17-windows-x86_64-none\lib\asyncio\base_events.py", line 636, in run_until_complete
    self.run_forever()
    │    └ <function ProactorEventLoop.run_forever at 0x0000023975770670>
    └ <ProactorEventLoop running=True closed=False debug=False>

  File "C:\Users\USER\AppData\Roaming\uv\python\cpython-3.10.17-windows-x86_64-none\lib\asyncio\windows_events.py", line 321, in run_forever
    super().run_forever()

  File "C:\Users\USER\AppData\Roaming\uv\python\cpython-3.10.17-windows-x86_64-none\lib\asyncio\base_events.py", line 603, in run_forever
    self._run_once()
    │    └ <function BaseEventLoop._run_once at 0x00000239756BB0A0>
    └ <ProactorEventLoop running=True closed=False debug=False>

  File "C:\Users\USER\AppData\Roaming\uv\python\cpython-3.10.17-windows-x86_64-none\lib\asyncio\base_events.py", line 1909, in _run_once
    handle._run()
    │      └ <function Handle._run at 0x00000239756228C0>
    └ <Handle Task.task_wakeup(<Future finished result=None>)>

  File "C:\Users\USER\AppData\Roaming\uv\python\cpython-3.10.17-windows-x86_64-none\lib\asyncio\events.py", line 80, in _run
    self._context.run(self._callback, *self._args)
    │    │            │    │           │    └ <member '_args' of 'Handle' objects>
    │    │            │    │           └ <Handle Task.task_wakeup(<Future finished result=None>)>
    │    │            │    └ <member '_callback' of 'Handle' objects>
    │    │            └ <Handle Task.task_wakeup(<Future finished result=None>)>
    │    └ <member '_context' of 'Handle' objects>
    └ <Handle Task.task_wakeup(<Future finished result=None>)>

  File "e:\mamba2\mamba2\crew\day_trader.py", line 90, in run
    await self.run_strategy(symbol)
          │    │            └ 'GBPUSD'
          │    └ <function DayTrader.run_strategy at 0x000002397F9857E0>
          └ <mamba2.crew.day_trader.DayTrader object at 0x000002397F971540>

> File "e:\mamba2\mamba2\crew\day_trader.py", line 61, in run_strategy
    await self.strategies[symbol].evaluate(market_context)
          │    │          │                └ {'broker': <mamba2.broker.mt5_broker.MT5Broker object at 0x000002397F973880>, 'rate_fetcher': <RatesFetcher(RateFetcherThread...
          │    │          └ 'GBPUSD'
          │    └ {'EURUSD': <mamba2.strategy.triple_cross.StochasticTripleTFStrategy object at 0x000002397F9715D0>, 'EURJPY': <mamba2.strategy...
          └ <mamba2.crew.day_trader.DayTrader object at 0x000002397F971540>

  File "e:\mamba2\mamba2\strategy\triple_cross.py", line 134, in evaluate
    current_rsi = rsi.iloc[-1]
                  └ np.float64(58.0920108431867)

AttributeError: 'numpy.float64' object has no attribute 'iloc'
2025-06-20 15:01:41.181 | ERROR    | mamba2.crew.day_trader:run_strategy:69 - Error evaluating GBPUSD: 'numpy.float64' object has no attribute 'iloc'
2025-06-20 15:01:41.181 | DEBUG    | mamba2.crew.day_trader:run_strategy:70 - Full error details
Traceback (most recent call last):

  File "e:\mamba2\main.py", line 237, in <module>
    asyncio.run(main())
    │       │   └ <function main at 0x000002397F985D80>
    │       └ <function run at 0x00000239756B7BE0>
    └ <module 'asyncio' from 'C:\\Users\\USER\\AppData\\Roaming\\uv\\python\\cpython-3.10.17-windows-x86_64-none\\lib\\asyncio\\__i...

  File "C:\Users\USER\AppData\Roaming\uv\python\cpython-3.10.17-windows-x86_64-none\lib\asyncio\runners.py", line 44, in run
    return loop.run_until_complete(main)
           │    │                  └ <coroutine object main at 0x000002397D782B20>
           │    └ <function BaseEventLoop.run_until_complete at 0x00000239756B9630>
           └ <ProactorEventLoop running=True closed=False debug=False>

  File "C:\Users\USER\AppData\Roaming\uv\python\cpython-3.10.17-windows-x86_64-none\lib\asyncio\base_events.py", line 636, in run_until_complete
    self.run_forever()
    │    └ <function ProactorEventLoop.run_forever at 0x0000023975770670>
    └ <ProactorEventLoop running=True closed=False debug=False>

  File "C:\Users\USER\AppData\Roaming\uv\python\cpython-3.10.17-windows-x86_64-none\lib\asyncio\windows_events.py", line 321, in run_forever
    super().run_forever()

  File "C:\Users\USER\AppData\Roaming\uv\python\cpython-3.10.17-windows-x86_64-none\lib\asyncio\base_events.py", line 603, in run_forever
    self._run_once()
    │    └ <function BaseEventLoop._run_once at 0x00000239756BB0A0>
    └ <ProactorEventLoop running=True closed=False debug=False>

  File "C:\Users\USER\AppData\Roaming\uv\python\cpython-3.10.17-windows-x86_64-none\lib\asyncio\base_events.py", line 1909, in _run_once
    handle._run()
    │      └ <function Handle._run at 0x00000239756228C0>
    └ <Handle Task.task_wakeup(<Future finished result=None>)>

  File "C:\Users\USER\AppData\Roaming\uv\python\cpython-3.10.17-windows-x86_64-none\lib\asyncio\events.py", line 80, in _run
    self._context.run(self._callback, *self._args)
    │    │            │    │           │    └ <member '_args' of 'Handle' objects>
    │    │            │    │           └ <Handle Task.task_wakeup(<Future finished result=None>)>
    │    │            │    └ <member '_callback' of 'Handle' objects>
    │    │            └ <Handle Task.task_wakeup(<Future finished result=None>)>
    │    └ <member '_context' of 'Handle' objects>
    └ <Handle Task.task_wakeup(<Future finished result=None>)>

  File "e:\mamba2\mamba2\crew\day_trader.py", line 90, in run
    await self.run_strategy(symbol)
          │    │            └ 'GBPUSD'
          │    └ <function DayTrader.run_strategy at 0x000002397F9857E0>
          └ <mamba2.crew.day_trader.DayTrader object at 0x000002397F971540>

> File "e:\mamba2\mamba2\crew\day_trader.py", line 61, in run_strategy
    await self.strategies[symbol].evaluate(market_context)
          │    │          │                └ {'broker': <mamba2.broker.mt5_broker.MT5Broker object at 0x000002397F973880>, 'rate_fetcher': <RatesFetcher(RateFetcherThread...
          │    │          └ 'GBPUSD'
          │    └ {'EURUSD': <mamba2.strategy.triple_cross.StochasticTripleTFStrategy object at 0x000002397F9715D0>, 'EURJPY': <mamba2.strategy...
          └ <mamba2.crew.day_trader.DayTrader object at 0x000002397F971540>

  File "e:\mamba2\mamba2\strategy\triple_cross.py", line 134, in evaluate
    current_rsi = rsi.iloc[-1]
                  └ np.float64(58.0920108431867)

AttributeError: 'numpy.float64' object has no attribute 'iloc'
2025-06-20 15:02:11.264 | ERROR    | mamba2.crew.day_trader:run_strategy:69 - Error evaluating GBPUSD: 'numpy.float64' object has no attribute 'iloc'
2025-06-20 15:02:11.273 | DEBUG    | mamba2.crew.day_trader:run_strategy:70 - Full error details
Traceback (most recent call last):

  File "e:\mamba2\main.py", line 237, in <module>
    asyncio.run(main())
    │       │   └ <function main at 0x000002397F985D80>
    │       └ <function run at 0x00000239756B7BE0>
    └ <module 'asyncio' from 'C:\\Users\\USER\\AppData\\Roaming\\uv\\python\\cpython-3.10.17-windows-x86_64-none\\lib\\asyncio\\__i...

  File "C:\Users\USER\AppData\Roaming\uv\python\cpython-3.10.17-windows-x86_64-none\lib\asyncio\runners.py", line 44, in run
    return loop.run_until_complete(main)
           │    │                  └ <coroutine object main at 0x000002397D782B20>
           │    └ <function BaseEventLoop.run_until_complete at 0x00000239756B9630>
           └ <ProactorEventLoop running=True closed=False debug=False>

  File "C:\Users\USER\AppData\Roaming\uv\python\cpython-3.10.17-windows-x86_64-none\lib\asyncio\base_events.py", line 636, in run_until_complete
    self.run_forever()
    │    └ <function ProactorEventLoop.run_forever at 0x0000023975770670>
    └ <ProactorEventLoop running=True closed=False debug=False>

  File "C:\Users\USER\AppData\Roaming\uv\python\cpython-3.10.17-windows-x86_64-none\lib\asyncio\windows_events.py", line 321, in run_forever
    super().run_forever()

  File "C:\Users\USER\AppData\Roaming\uv\python\cpython-3.10.17-windows-x86_64-none\lib\asyncio\base_events.py", line 603, in run_forever
    self._run_once()
    │    └ <function BaseEventLoop._run_once at 0x00000239756BB0A0>
    └ <ProactorEventLoop running=True closed=False debug=False>

  File "C:\Users\USER\AppData\Roaming\uv\python\cpython-3.10.17-windows-x86_64-none\lib\asyncio\base_events.py", line 1909, in _run_once
    handle._run()
    │      └ <function Handle._run at 0x00000239756228C0>
    └ <Handle Task.task_wakeup(<Future finished result=None>)>

  File "C:\Users\USER\AppData\Roaming\uv\python\cpython-3.10.17-windows-x86_64-none\lib\asyncio\events.py", line 80, in _run
    self._context.run(self._callback, *self._args)
    │    │            │    │           │    └ <member '_args' of 'Handle' objects>
    │    │            │    │           └ <Handle Task.task_wakeup(<Future finished result=None>)>
    │    │            │    └ <member '_callback' of 'Handle' objects>
    │    │            └ <Handle Task.task_wakeup(<Future finished result=None>)>
    │    └ <member '_context' of 'Handle' objects>
    └ <Handle Task.task_wakeup(<Future finished result=None>)>

  File "e:\mamba2\mamba2\crew\day_trader.py", line 90, in run
    await self.run_strategy(symbol)
          │    │            └ 'GBPUSD'
          │    └ <function DayTrader.run_strategy at 0x000002397F9857E0>
          └ <mamba2.crew.day_trader.DayTrader object at 0x000002397F971540>

> File "e:\mamba2\mamba2\crew\day_trader.py", line 61, in run_strategy
    await self.strategies[symbol].evaluate(market_context)
          │    │          │                └ {'broker': <mamba2.broker.mt5_broker.MT5Broker object at 0x000002397F973880>, 'rate_fetcher': <RatesFetcher(RateFetcherThread...
          │    │          └ 'GBPUSD'
          │    └ {'EURUSD': <mamba2.strategy.triple_cross.StochasticTripleTFStrategy object at 0x000002397F9715D0>, 'EURJPY': <mamba2.strategy...
          └ <mamba2.crew.day_trader.DayTrader object at 0x000002397F971540>

  File "e:\mamba2\mamba2\strategy\triple_cross.py", line 134, in evaluate
    current_rsi = rsi.iloc[-1]
                  └ np.float64(58.0920108431867)

AttributeError: 'numpy.float64' object has no attribute 'iloc'
2025-06-20 15:07:21.476 | SUCCESS  | mamba2.crew.position_manager:_update_position_sl:176 - Successfully updated position 52684921597 (SL=145.54096, TP=145.74507)
2025-06-20 15:13:43.085 | ERROR    | mamba2.crew.day_trader:run_strategy:69 - Error evaluating EURJPY: 'numpy.float64' object has no attribute 'iloc'
2025-06-20 15:13:43.085 | DEBUG    | mamba2.crew.day_trader:run_strategy:70 - Full error details
Traceback (most recent call last):

  File "e:\mamba2\main.py", line 237, in <module>
    asyncio.run(main())
    │       │   └ <function main at 0x000002397F985D80>
    │       └ <function run at 0x00000239756B7BE0>
    └ <module 'asyncio' from 'C:\\Users\\USER\\AppData\\Roaming\\uv\\python\\cpython-3.10.17-windows-x86_64-none\\lib\\asyncio\\__i...

  File "C:\Users\USER\AppData\Roaming\uv\python\cpython-3.10.17-windows-x86_64-none\lib\asyncio\runners.py", line 44, in run
    return loop.run_until_complete(main)
           │    │                  └ <coroutine object main at 0x000002397D782B20>
           │    └ <function BaseEventLoop.run_until_complete at 0x00000239756B9630>
           └ <ProactorEventLoop running=True closed=False debug=False>

  File "C:\Users\USER\AppData\Roaming\uv\python\cpython-3.10.17-windows-x86_64-none\lib\asyncio\base_events.py", line 636, in run_until_complete
    self.run_forever()
    │    └ <function ProactorEventLoop.run_forever at 0x0000023975770670>
    └ <ProactorEventLoop running=True closed=False debug=False>

  File "C:\Users\USER\AppData\Roaming\uv\python\cpython-3.10.17-windows-x86_64-none\lib\asyncio\windows_events.py", line 321, in run_forever
    super().run_forever()

  File "C:\Users\USER\AppData\Roaming\uv\python\cpython-3.10.17-windows-x86_64-none\lib\asyncio\base_events.py", line 603, in run_forever
    self._run_once()
    │    └ <function BaseEventLoop._run_once at 0x00000239756BB0A0>
    └ <ProactorEventLoop running=True closed=False debug=False>

  File "C:\Users\USER\AppData\Roaming\uv\python\cpython-3.10.17-windows-x86_64-none\lib\asyncio\base_events.py", line 1909, in _run_once
    handle._run()
    │      └ <function Handle._run at 0x00000239756228C0>
    └ <Handle Task.task_wakeup(<Future finished result=None>)>

  File "C:\Users\USER\AppData\Roaming\uv\python\cpython-3.10.17-windows-x86_64-none\lib\asyncio\events.py", line 80, in _run
    self._context.run(self._callback, *self._args)
    │    │            │    │           │    └ <member '_args' of 'Handle' objects>
    │    │            │    │           └ <Handle Task.task_wakeup(<Future finished result=None>)>
    │    │            │    └ <member '_callback' of 'Handle' objects>
    │    │            └ <Handle Task.task_wakeup(<Future finished result=None>)>
    │    └ <member '_context' of 'Handle' objects>
    └ <Handle Task.task_wakeup(<Future finished result=None>)>

  File "e:\mamba2\mamba2\crew\day_trader.py", line 90, in run
    await self.run_strategy(symbol)
          │    │            └ 'EURJPY'
          │    └ <function DayTrader.run_strategy at 0x000002397F9857E0>
          └ <mamba2.crew.day_trader.DayTrader object at 0x000002397F971540>

> File "e:\mamba2\mamba2\crew\day_trader.py", line 61, in run_strategy
    await self.strategies[symbol].evaluate(market_context)
          │    │          │                └ {'broker': <mamba2.broker.mt5_broker.MT5Broker object at 0x000002397F973880>, 'rate_fetcher': <RatesFetcher(RateFetcherThread...
          │    │          └ 'EURJPY'
          │    └ {'EURUSD': <mamba2.strategy.triple_cross.StochasticTripleTFStrategy object at 0x000002397F9715D0>, 'EURJPY': <mamba2.strategy...
          └ <mamba2.crew.day_trader.DayTrader object at 0x000002397F971540>

  File "e:\mamba2\mamba2\strategy\triple_cross.py", line 134, in evaluate
    current_rsi = rsi.iloc[-1]
                  └ np.float64(59.03646375605769)

AttributeError: 'numpy.float64' object has no attribute 'iloc'
2025-06-20 15:14:13.289 | ERROR    | mamba2.crew.day_trader:run_strategy:69 - Error evaluating EURJPY: 'numpy.float64' object has no attribute 'iloc'
2025-06-20 15:14:13.290 | DEBUG    | mamba2.crew.day_trader:run_strategy:70 - Full error details
Traceback (most recent call last):

  File "e:\mamba2\main.py", line 237, in <module>
    asyncio.run(main())
    │       │   └ <function main at 0x000002397F985D80>
    │       └ <function run at 0x00000239756B7BE0>
    └ <module 'asyncio' from 'C:\\Users\\USER\\AppData\\Roaming\\uv\\python\\cpython-3.10.17-windows-x86_64-none\\lib\\asyncio\\__i...

  File "C:\Users\USER\AppData\Roaming\uv\python\cpython-3.10.17-windows-x86_64-none\lib\asyncio\runners.py", line 44, in run
    return loop.run_until_complete(main)
           │    │                  └ <coroutine object main at 0x000002397D782B20>
           │    └ <function BaseEventLoop.run_until_complete at 0x00000239756B9630>
           └ <ProactorEventLoop running=True closed=False debug=False>

  File "C:\Users\USER\AppData\Roaming\uv\python\cpython-3.10.17-windows-x86_64-none\lib\asyncio\base_events.py", line 636, in run_until_complete
    self.run_forever()
    │    └ <function ProactorEventLoop.run_forever at 0x0000023975770670>
    └ <ProactorEventLoop running=True closed=False debug=False>

  File "C:\Users\USER\AppData\Roaming\uv\python\cpython-3.10.17-windows-x86_64-none\lib\asyncio\windows_events.py", line 321, in run_forever
    super().run_forever()

  File "C:\Users\USER\AppData\Roaming\uv\python\cpython-3.10.17-windows-x86_64-none\lib\asyncio\base_events.py", line 603, in run_forever
    self._run_once()
    │    └ <function BaseEventLoop._run_once at 0x00000239756BB0A0>
    └ <ProactorEventLoop running=True closed=False debug=False>

  File "C:\Users\USER\AppData\Roaming\uv\python\cpython-3.10.17-windows-x86_64-none\lib\asyncio\base_events.py", line 1909, in _run_once
    handle._run()
    │      └ <function Handle._run at 0x00000239756228C0>
    └ <Handle Task.task_wakeup(<Future finished result=None>)>

  File "C:\Users\USER\AppData\Roaming\uv\python\cpython-3.10.17-windows-x86_64-none\lib\asyncio\events.py", line 80, in _run
    self._context.run(self._callback, *self._args)
    │    │            │    │           │    └ <member '_args' of 'Handle' objects>
    │    │            │    │           └ <Handle Task.task_wakeup(<Future finished result=None>)>
    │    │            │    └ <member '_callback' of 'Handle' objects>
    │    │            └ <Handle Task.task_wakeup(<Future finished result=None>)>
    │    └ <member '_context' of 'Handle' objects>
    └ <Handle Task.task_wakeup(<Future finished result=None>)>

  File "e:\mamba2\mamba2\crew\day_trader.py", line 90, in run
    await self.run_strategy(symbol)
          │    │            └ 'EURJPY'
          │    └ <function DayTrader.run_strategy at 0x000002397F9857E0>
          └ <mamba2.crew.day_trader.DayTrader object at 0x000002397F971540>

> File "e:\mamba2\mamba2\crew\day_trader.py", line 61, in run_strategy
    await self.strategies[symbol].evaluate(market_context)
          │    │          │                └ {'broker': <mamba2.broker.mt5_broker.MT5Broker object at 0x000002397F973880>, 'rate_fetcher': <RatesFetcher(RateFetcherThread...
          │    │          └ 'EURJPY'
          │    └ {'EURUSD': <mamba2.strategy.triple_cross.StochasticTripleTFStrategy object at 0x000002397F9715D0>, 'EURJPY': <mamba2.strategy...
          └ <mamba2.crew.day_trader.DayTrader object at 0x000002397F971540>

  File "e:\mamba2\mamba2\strategy\triple_cross.py", line 134, in evaluate
    current_rsi = rsi.iloc[-1]
                  └ np.float64(59.03646375605769)

AttributeError: 'numpy.float64' object has no attribute 'iloc'
2025-06-20 15:14:43.398 | ERROR    | mamba2.crew.day_trader:run_strategy:69 - Error evaluating EURJPY: 'numpy.float64' object has no attribute 'iloc'
2025-06-20 15:14:43.401 | DEBUG    | mamba2.crew.day_trader:run_strategy:70 - Full error details
Traceback (most recent call last):

  File "e:\mamba2\main.py", line 237, in <module>
    asyncio.run(main())
    │       │   └ <function main at 0x000002397F985D80>
    │       └ <function run at 0x00000239756B7BE0>
    └ <module 'asyncio' from 'C:\\Users\\USER\\AppData\\Roaming\\uv\\python\\cpython-3.10.17-windows-x86_64-none\\lib\\asyncio\\__i...

  File "C:\Users\USER\AppData\Roaming\uv\python\cpython-3.10.17-windows-x86_64-none\lib\asyncio\runners.py", line 44, in run
    return loop.run_until_complete(main)
           │    │                  └ <coroutine object main at 0x000002397D782B20>
           │    └ <function BaseEventLoop.run_until_complete at 0x00000239756B9630>
           └ <ProactorEventLoop running=True closed=False debug=False>

  File "C:\Users\USER\AppData\Roaming\uv\python\cpython-3.10.17-windows-x86_64-none\lib\asyncio\base_events.py", line 636, in run_until_complete
    self.run_forever()
    │    └ <function ProactorEventLoop.run_forever at 0x0000023975770670>
    └ <ProactorEventLoop running=True closed=False debug=False>

  File "C:\Users\USER\AppData\Roaming\uv\python\cpython-3.10.17-windows-x86_64-none\lib\asyncio\windows_events.py", line 321, in run_forever
    super().run_forever()

  File "C:\Users\USER\AppData\Roaming\uv\python\cpython-3.10.17-windows-x86_64-none\lib\asyncio\base_events.py", line 603, in run_forever
    self._run_once()
    │    └ <function BaseEventLoop._run_once at 0x00000239756BB0A0>
    └ <ProactorEventLoop running=True closed=False debug=False>

  File "C:\Users\USER\AppData\Roaming\uv\python\cpython-3.10.17-windows-x86_64-none\lib\asyncio\base_events.py", line 1909, in _run_once
    handle._run()
    │      └ <function Handle._run at 0x00000239756228C0>
    └ <Handle Task.task_wakeup(<Future finished result=None>)>

  File "C:\Users\USER\AppData\Roaming\uv\python\cpython-3.10.17-windows-x86_64-none\lib\asyncio\events.py", line 80, in _run
    self._context.run(self._callback, *self._args)
    │    │            │    │           │    └ <member '_args' of 'Handle' objects>
    │    │            │    │           └ <Handle Task.task_wakeup(<Future finished result=None>)>
    │    │            │    └ <member '_callback' of 'Handle' objects>
    │    │            └ <Handle Task.task_wakeup(<Future finished result=None>)>
    │    └ <member '_context' of 'Handle' objects>
    └ <Handle Task.task_wakeup(<Future finished result=None>)>

  File "e:\mamba2\mamba2\crew\day_trader.py", line 90, in run
    await self.run_strategy(symbol)
          │    │            └ 'EURJPY'
          │    └ <function DayTrader.run_strategy at 0x000002397F9857E0>
          └ <mamba2.crew.day_trader.DayTrader object at 0x000002397F971540>

> File "e:\mamba2\mamba2\crew\day_trader.py", line 61, in run_strategy
    await self.strategies[symbol].evaluate(market_context)
          │    │          │                └ {'broker': <mamba2.broker.mt5_broker.MT5Broker object at 0x000002397F973880>, 'rate_fetcher': <RatesFetcher(RateFetcherThread...
          │    │          └ 'EURJPY'
          │    └ {'EURUSD': <mamba2.strategy.triple_cross.StochasticTripleTFStrategy object at 0x000002397F9715D0>, 'EURJPY': <mamba2.strategy...
          └ <mamba2.crew.day_trader.DayTrader object at 0x000002397F971540>

  File "e:\mamba2\mamba2\strategy\triple_cross.py", line 134, in evaluate
    current_rsi = rsi.iloc[-1]
                  └ np.float64(59.03646375605769)

AttributeError: 'numpy.float64' object has no attribute 'iloc'
2025-06-20 15:15:13.527 | ERROR    | mamba2.crew.day_trader:run_strategy:69 - Error evaluating EURJPY: 'numpy.float64' object has no attribute 'iloc'
2025-06-20 15:15:13.527 | DEBUG    | mamba2.crew.day_trader:run_strategy:70 - Full error details
Traceback (most recent call last):

  File "e:\mamba2\main.py", line 237, in <module>
    asyncio.run(main())
    │       │   └ <function main at 0x000002397F985D80>
    │       └ <function run at 0x00000239756B7BE0>
    └ <module 'asyncio' from 'C:\\Users\\USER\\AppData\\Roaming\\uv\\python\\cpython-3.10.17-windows-x86_64-none\\lib\\asyncio\\__i...

  File "C:\Users\USER\AppData\Roaming\uv\python\cpython-3.10.17-windows-x86_64-none\lib\asyncio\runners.py", line 44, in run
    return loop.run_until_complete(main)
           │    │                  └ <coroutine object main at 0x000002397D782B20>
           │    └ <function BaseEventLoop.run_until_complete at 0x00000239756B9630>
           └ <ProactorEventLoop running=True closed=False debug=False>

  File "C:\Users\USER\AppData\Roaming\uv\python\cpython-3.10.17-windows-x86_64-none\lib\asyncio\base_events.py", line 636, in run_until_complete
    self.run_forever()
    │    └ <function ProactorEventLoop.run_forever at 0x0000023975770670>
    └ <ProactorEventLoop running=True closed=False debug=False>

  File "C:\Users\USER\AppData\Roaming\uv\python\cpython-3.10.17-windows-x86_64-none\lib\asyncio\windows_events.py", line 321, in run_forever
    super().run_forever()

  File "C:\Users\USER\AppData\Roaming\uv\python\cpython-3.10.17-windows-x86_64-none\lib\asyncio\base_events.py", line 603, in run_forever
    self._run_once()
    │    └ <function BaseEventLoop._run_once at 0x00000239756BB0A0>
    └ <ProactorEventLoop running=True closed=False debug=False>

  File "C:\Users\USER\AppData\Roaming\uv\python\cpython-3.10.17-windows-x86_64-none\lib\asyncio\base_events.py", line 1909, in _run_once
    handle._run()
    │      └ <function Handle._run at 0x00000239756228C0>
    └ <Handle Task.task_wakeup(<Future finished result=None>)>

  File "C:\Users\USER\AppData\Roaming\uv\python\cpython-3.10.17-windows-x86_64-none\lib\asyncio\events.py", line 80, in _run
    self._context.run(self._callback, *self._args)
    │    │            │    │           │    └ <member '_args' of 'Handle' objects>
    │    │            │    │           └ <Handle Task.task_wakeup(<Future finished result=None>)>
    │    │            │    └ <member '_callback' of 'Handle' objects>
    │    │            └ <Handle Task.task_wakeup(<Future finished result=None>)>
    │    └ <member '_context' of 'Handle' objects>
    └ <Handle Task.task_wakeup(<Future finished result=None>)>

  File "e:\mamba2\mamba2\crew\day_trader.py", line 90, in run
    await self.run_strategy(symbol)
          │    │            └ 'EURJPY'
          │    └ <function DayTrader.run_strategy at 0x000002397F9857E0>
          └ <mamba2.crew.day_trader.DayTrader object at 0x000002397F971540>

> File "e:\mamba2\mamba2\crew\day_trader.py", line 61, in run_strategy
    await self.strategies[symbol].evaluate(market_context)
          │    │          │                └ {'broker': <mamba2.broker.mt5_broker.MT5Broker object at 0x000002397F973880>, 'rate_fetcher': <RatesFetcher(RateFetcherThread...
          │    │          └ 'EURJPY'
          │    └ {'EURUSD': <mamba2.strategy.triple_cross.StochasticTripleTFStrategy object at 0x000002397F9715D0>, 'EURJPY': <mamba2.strategy...
          └ <mamba2.crew.day_trader.DayTrader object at 0x000002397F971540>

  File "e:\mamba2\mamba2\strategy\triple_cross.py", line 134, in evaluate
    current_rsi = rsi.iloc[-1]
                  └ np.float64(59.03646375605769)

AttributeError: 'numpy.float64' object has no attribute 'iloc'
2025-06-20 15:15:43.656 | ERROR    | mamba2.crew.day_trader:run_strategy:69 - Error evaluating EURJPY: 'numpy.float64' object has no attribute 'iloc'
2025-06-20 15:15:43.656 | DEBUG    | mamba2.crew.day_trader:run_strategy:70 - Full error details
Traceback (most recent call last):

  File "e:\mamba2\main.py", line 237, in <module>
    asyncio.run(main())
    │       │   └ <function main at 0x000002397F985D80>
    │       └ <function run at 0x00000239756B7BE0>
    └ <module 'asyncio' from 'C:\\Users\\USER\\AppData\\Roaming\\uv\\python\\cpython-3.10.17-windows-x86_64-none\\lib\\asyncio\\__i...

  File "C:\Users\USER\AppData\Roaming\uv\python\cpython-3.10.17-windows-x86_64-none\lib\asyncio\runners.py", line 44, in run
    return loop.run_until_complete(main)
           │    │                  └ <coroutine object main at 0x000002397D782B20>
           │    └ <function BaseEventLoop.run_until_complete at 0x00000239756B9630>
           └ <ProactorEventLoop running=True closed=False debug=False>

  File "C:\Users\USER\AppData\Roaming\uv\python\cpython-3.10.17-windows-x86_64-none\lib\asyncio\base_events.py", line 636, in run_until_complete
    self.run_forever()
    │    └ <function ProactorEventLoop.run_forever at 0x0000023975770670>
    └ <ProactorEventLoop running=True closed=False debug=False>

  File "C:\Users\USER\AppData\Roaming\uv\python\cpython-3.10.17-windows-x86_64-none\lib\asyncio\windows_events.py", line 321, in run_forever
    super().run_forever()

  File "C:\Users\USER\AppData\Roaming\uv\python\cpython-3.10.17-windows-x86_64-none\lib\asyncio\base_events.py", line 603, in run_forever
    self._run_once()
    │    └ <function BaseEventLoop._run_once at 0x00000239756BB0A0>
    └ <ProactorEventLoop running=True closed=False debug=False>

  File "C:\Users\USER\AppData\Roaming\uv\python\cpython-3.10.17-windows-x86_64-none\lib\asyncio\base_events.py", line 1909, in _run_once
    handle._run()
    │      └ <function Handle._run at 0x00000239756228C0>
    └ <Handle Task.task_wakeup(<Future finished result=None>)>

  File "C:\Users\USER\AppData\Roaming\uv\python\cpython-3.10.17-windows-x86_64-none\lib\asyncio\events.py", line 80, in _run
    self._context.run(self._callback, *self._args)
    │    │            │    │           │    └ <member '_args' of 'Handle' objects>
    │    │            │    │           └ <Handle Task.task_wakeup(<Future finished result=None>)>
    │    │            │    └ <member '_callback' of 'Handle' objects>
    │    │            └ <Handle Task.task_wakeup(<Future finished result=None>)>
    │    └ <member '_context' of 'Handle' objects>
    └ <Handle Task.task_wakeup(<Future finished result=None>)>

  File "e:\mamba2\mamba2\crew\day_trader.py", line 90, in run
    await self.run_strategy(symbol)
          │    │            └ 'EURJPY'
          │    └ <function DayTrader.run_strategy at 0x000002397F9857E0>
          └ <mamba2.crew.day_trader.DayTrader object at 0x000002397F971540>

> File "e:\mamba2\mamba2\crew\day_trader.py", line 61, in run_strategy
    await self.strategies[symbol].evaluate(market_context)
          │    │          │                └ {'broker': <mamba2.broker.mt5_broker.MT5Broker object at 0x000002397F973880>, 'rate_fetcher': <RatesFetcher(RateFetcherThread...
          │    │          └ 'EURJPY'
          │    └ {'EURUSD': <mamba2.strategy.triple_cross.StochasticTripleTFStrategy object at 0x000002397F9715D0>, 'EURJPY': <mamba2.strategy...
          └ <mamba2.crew.day_trader.DayTrader object at 0x000002397F971540>

  File "e:\mamba2\mamba2\strategy\triple_cross.py", line 134, in evaluate
    current_rsi = rsi.iloc[-1]
                  └ np.float64(66.0581069480532)

AttributeError: 'numpy.float64' object has no attribute 'iloc'
2025-06-20 15:15:43.709 | ERROR    | mamba2.crew.day_trader:run_strategy:69 - Error evaluating GBPUSD: 'numpy.float64' object has no attribute 'iloc'
2025-06-20 15:15:43.709 | DEBUG    | mamba2.crew.day_trader:run_strategy:70 - Full error details
Traceback (most recent call last):

  File "e:\mamba2\main.py", line 237, in <module>
    asyncio.run(main())
    │       │   └ <function main at 0x000002397F985D80>
    │       └ <function run at 0x00000239756B7BE0>
    └ <module 'asyncio' from 'C:\\Users\\USER\\AppData\\Roaming\\uv\\python\\cpython-3.10.17-windows-x86_64-none\\lib\\asyncio\\__i...

  File "C:\Users\USER\AppData\Roaming\uv\python\cpython-3.10.17-windows-x86_64-none\lib\asyncio\runners.py", line 44, in run
    return loop.run_until_complete(main)
           │    │                  └ <coroutine object main at 0x000002397D782B20>
           │    └ <function BaseEventLoop.run_until_complete at 0x00000239756B9630>
           └ <ProactorEventLoop running=True closed=False debug=False>

  File "C:\Users\USER\AppData\Roaming\uv\python\cpython-3.10.17-windows-x86_64-none\lib\asyncio\base_events.py", line 636, in run_until_complete
    self.run_forever()
    │    └ <function ProactorEventLoop.run_forever at 0x0000023975770670>
    └ <ProactorEventLoop running=True closed=False debug=False>

  File "C:\Users\USER\AppData\Roaming\uv\python\cpython-3.10.17-windows-x86_64-none\lib\asyncio\windows_events.py", line 321, in run_forever
    super().run_forever()

  File "C:\Users\USER\AppData\Roaming\uv\python\cpython-3.10.17-windows-x86_64-none\lib\asyncio\base_events.py", line 603, in run_forever
    self._run_once()
    │    └ <function BaseEventLoop._run_once at 0x00000239756BB0A0>
    └ <ProactorEventLoop running=True closed=False debug=False>

  File "C:\Users\USER\AppData\Roaming\uv\python\cpython-3.10.17-windows-x86_64-none\lib\asyncio\base_events.py", line 1909, in _run_once
    handle._run()
    │      └ <function Handle._run at 0x00000239756228C0>
    └ <Handle Task.task_wakeup(<Future finished result=None>)>

  File "C:\Users\USER\AppData\Roaming\uv\python\cpython-3.10.17-windows-x86_64-none\lib\asyncio\events.py", line 80, in _run
    self._context.run(self._callback, *self._args)
    │    │            │    │           │    └ <member '_args' of 'Handle' objects>
    │    │            │    │           └ <Handle Task.task_wakeup(<Future finished result=None>)>
    │    │            │    └ <member '_callback' of 'Handle' objects>
    │    │            └ <Handle Task.task_wakeup(<Future finished result=None>)>
    │    └ <member '_context' of 'Handle' objects>
    └ <Handle Task.task_wakeup(<Future finished result=None>)>

  File "e:\mamba2\mamba2\crew\day_trader.py", line 90, in run
    await self.run_strategy(symbol)
          │    │            └ 'GBPUSD'
          │    └ <function DayTrader.run_strategy at 0x000002397F9857E0>
          └ <mamba2.crew.day_trader.DayTrader object at 0x000002397F971540>

> File "e:\mamba2\mamba2\crew\day_trader.py", line 61, in run_strategy
    await self.strategies[symbol].evaluate(market_context)
          │    │          │                └ {'broker': <mamba2.broker.mt5_broker.MT5Broker object at 0x000002397F973880>, 'rate_fetcher': <RatesFetcher(RateFetcherThread...
          │    │          └ 'GBPUSD'
          │    └ {'EURUSD': <mamba2.strategy.triple_cross.StochasticTripleTFStrategy object at 0x000002397F9715D0>, 'EURJPY': <mamba2.strategy...
          └ <mamba2.crew.day_trader.DayTrader object at 0x000002397F971540>

  File "e:\mamba2\mamba2\strategy\triple_cross.py", line 134, in evaluate
    current_rsi = rsi.iloc[-1]
                  └ np.float64(48.164358062537616)

AttributeError: 'numpy.float64' object has no attribute 'iloc'
2025-06-20 15:16:13.814 | ERROR    | mamba2.crew.day_trader:run_strategy:69 - Error evaluating EURJPY: 'numpy.float64' object has no attribute 'iloc'
2025-06-20 15:16:13.814 | DEBUG    | mamba2.crew.day_trader:run_strategy:70 - Full error details
Traceback (most recent call last):

  File "e:\mamba2\main.py", line 237, in <module>
    asyncio.run(main())
    │       │   └ <function main at 0x000002397F985D80>
    │       └ <function run at 0x00000239756B7BE0>
    └ <module 'asyncio' from 'C:\\Users\\USER\\AppData\\Roaming\\uv\\python\\cpython-3.10.17-windows-x86_64-none\\lib\\asyncio\\__i...

  File "C:\Users\USER\AppData\Roaming\uv\python\cpython-3.10.17-windows-x86_64-none\lib\asyncio\runners.py", line 44, in run
    return loop.run_until_complete(main)
           │    │                  └ <coroutine object main at 0x000002397D782B20>
           │    └ <function BaseEventLoop.run_until_complete at 0x00000239756B9630>
           └ <ProactorEventLoop running=True closed=False debug=False>

  File "C:\Users\USER\AppData\Roaming\uv\python\cpython-3.10.17-windows-x86_64-none\lib\asyncio\base_events.py", line 636, in run_until_complete
    self.run_forever()
    │    └ <function ProactorEventLoop.run_forever at 0x0000023975770670>
    └ <ProactorEventLoop running=True closed=False debug=False>

  File "C:\Users\USER\AppData\Roaming\uv\python\cpython-3.10.17-windows-x86_64-none\lib\asyncio\windows_events.py", line 321, in run_forever
    super().run_forever()

  File "C:\Users\USER\AppData\Roaming\uv\python\cpython-3.10.17-windows-x86_64-none\lib\asyncio\base_events.py", line 603, in run_forever
    self._run_once()
    │    └ <function BaseEventLoop._run_once at 0x00000239756BB0A0>
    └ <ProactorEventLoop running=True closed=False debug=False>

  File "C:\Users\USER\AppData\Roaming\uv\python\cpython-3.10.17-windows-x86_64-none\lib\asyncio\base_events.py", line 1909, in _run_once
    handle._run()
    │      └ <function Handle._run at 0x00000239756228C0>
    └ <Handle Task.task_wakeup(<Future finished result=None>)>

  File "C:\Users\USER\AppData\Roaming\uv\python\cpython-3.10.17-windows-x86_64-none\lib\asyncio\events.py", line 80, in _run
    self._context.run(self._callback, *self._args)
    │    │            │    │           │    └ <member '_args' of 'Handle' objects>
    │    │            │    │           └ <Handle Task.task_wakeup(<Future finished result=None>)>
    │    │            │    └ <member '_callback' of 'Handle' objects>
    │    │            └ <Handle Task.task_wakeup(<Future finished result=None>)>
    │    └ <member '_context' of 'Handle' objects>
    └ <Handle Task.task_wakeup(<Future finished result=None>)>

  File "e:\mamba2\mamba2\crew\day_trader.py", line 90, in run
    await self.run_strategy(symbol)
          │    │            └ 'EURJPY'
          │    └ <function DayTrader.run_strategy at 0x000002397F9857E0>
          └ <mamba2.crew.day_trader.DayTrader object at 0x000002397F971540>

> File "e:\mamba2\mamba2\crew\day_trader.py", line 61, in run_strategy
    await self.strategies[symbol].evaluate(market_context)
          │    │          │                └ {'broker': <mamba2.broker.mt5_broker.MT5Broker object at 0x000002397F973880>, 'rate_fetcher': <RatesFetcher(RateFetcherThread...
          │    │          └ 'EURJPY'
          │    └ {'EURUSD': <mamba2.strategy.triple_cross.StochasticTripleTFStrategy object at 0x000002397F9715D0>, 'EURJPY': <mamba2.strategy...
          └ <mamba2.crew.day_trader.DayTrader object at 0x000002397F971540>

  File "e:\mamba2\mamba2\strategy\triple_cross.py", line 134, in evaluate
    current_rsi = rsi.iloc[-1]
                  └ np.float64(66.0581069480532)

AttributeError: 'numpy.float64' object has no attribute 'iloc'
2025-06-20 15:16:13.872 | ERROR    | mamba2.crew.day_trader:run_strategy:69 - Error evaluating GBPUSD: 'numpy.float64' object has no attribute 'iloc'
2025-06-20 15:16:13.873 | DEBUG    | mamba2.crew.day_trader:run_strategy:70 - Full error details
Traceback (most recent call last):

  File "e:\mamba2\main.py", line 237, in <module>
    asyncio.run(main())
    │       │   └ <function main at 0x000002397F985D80>
    │       └ <function run at 0x00000239756B7BE0>
    └ <module 'asyncio' from 'C:\\Users\\USER\\AppData\\Roaming\\uv\\python\\cpython-3.10.17-windows-x86_64-none\\lib\\asyncio\\__i...

  File "C:\Users\USER\AppData\Roaming\uv\python\cpython-3.10.17-windows-x86_64-none\lib\asyncio\runners.py", line 44, in run
    return loop.run_until_complete(main)
           │    │                  └ <coroutine object main at 0x000002397D782B20>
           │    └ <function BaseEventLoop.run_until_complete at 0x00000239756B9630>
           └ <ProactorEventLoop running=True closed=False debug=False>

  File "C:\Users\USER\AppData\Roaming\uv\python\cpython-3.10.17-windows-x86_64-none\lib\asyncio\base_events.py", line 636, in run_until_complete
    self.run_forever()
    │    └ <function ProactorEventLoop.run_forever at 0x0000023975770670>
    └ <ProactorEventLoop running=True closed=False debug=False>

  File "C:\Users\USER\AppData\Roaming\uv\python\cpython-3.10.17-windows-x86_64-none\lib\asyncio\windows_events.py", line 321, in run_forever
    super().run_forever()

  File "C:\Users\USER\AppData\Roaming\uv\python\cpython-3.10.17-windows-x86_64-none\lib\asyncio\base_events.py", line 603, in run_forever
    self._run_once()
    │    └ <function BaseEventLoop._run_once at 0x00000239756BB0A0>
    └ <ProactorEventLoop running=True closed=False debug=False>

  File "C:\Users\USER\AppData\Roaming\uv\python\cpython-3.10.17-windows-x86_64-none\lib\asyncio\base_events.py", line 1909, in _run_once
    handle._run()
    │      └ <function Handle._run at 0x00000239756228C0>
    └ <Handle Task.task_wakeup(<Future finished result=None>)>

  File "C:\Users\USER\AppData\Roaming\uv\python\cpython-3.10.17-windows-x86_64-none\lib\asyncio\events.py", line 80, in _run
    self._context.run(self._callback, *self._args)
    │    │            │    │           │    └ <member '_args' of 'Handle' objects>
    │    │            │    │           └ <Handle Task.task_wakeup(<Future finished result=None>)>
    │    │            │    └ <member '_callback' of 'Handle' objects>
    │    │            └ <Handle Task.task_wakeup(<Future finished result=None>)>
    │    └ <member '_context' of 'Handle' objects>
    └ <Handle Task.task_wakeup(<Future finished result=None>)>

  File "e:\mamba2\mamba2\crew\day_trader.py", line 90, in run
    await self.run_strategy(symbol)
          │    │            └ 'GBPUSD'
          │    └ <function DayTrader.run_strategy at 0x000002397F9857E0>
          └ <mamba2.crew.day_trader.DayTrader object at 0x000002397F971540>

> File "e:\mamba2\mamba2\crew\day_trader.py", line 61, in run_strategy
    await self.strategies[symbol].evaluate(market_context)
          │    │          │                └ {'broker': <mamba2.broker.mt5_broker.MT5Broker object at 0x000002397F973880>, 'rate_fetcher': <RatesFetcher(RateFetcherThread...
          │    │          └ 'GBPUSD'
          │    └ {'EURUSD': <mamba2.strategy.triple_cross.StochasticTripleTFStrategy object at 0x000002397F9715D0>, 'EURJPY': <mamba2.strategy...
          └ <mamba2.crew.day_trader.DayTrader object at 0x000002397F971540>

  File "e:\mamba2\mamba2\strategy\triple_cross.py", line 134, in evaluate
    current_rsi = rsi.iloc[-1]
                  └ np.float64(48.164358062537616)

AttributeError: 'numpy.float64' object has no attribute 'iloc'
2025-06-20 15:16:43.996 | ERROR    | mamba2.crew.day_trader:run_strategy:69 - Error evaluating EURJPY: 'numpy.float64' object has no attribute 'iloc'
2025-06-20 15:16:43.996 | DEBUG    | mamba2.crew.day_trader:run_strategy:70 - Full error details
Traceback (most recent call last):

  File "e:\mamba2\main.py", line 237, in <module>
    asyncio.run(main())
    │       │   └ <function main at 0x000002397F985D80>
    │       └ <function run at 0x00000239756B7BE0>
    └ <module 'asyncio' from 'C:\\Users\\USER\\AppData\\Roaming\\uv\\python\\cpython-3.10.17-windows-x86_64-none\\lib\\asyncio\\__i...

  File "C:\Users\USER\AppData\Roaming\uv\python\cpython-3.10.17-windows-x86_64-none\lib\asyncio\runners.py", line 44, in run
    return loop.run_until_complete(main)
           │    │                  └ <coroutine object main at 0x000002397D782B20>
           │    └ <function BaseEventLoop.run_until_complete at 0x00000239756B9630>
           └ <ProactorEventLoop running=True closed=False debug=False>

  File "C:\Users\USER\AppData\Roaming\uv\python\cpython-3.10.17-windows-x86_64-none\lib\asyncio\base_events.py", line 636, in run_until_complete
    self.run_forever()
    │    └ <function ProactorEventLoop.run_forever at 0x0000023975770670>
    └ <ProactorEventLoop running=True closed=False debug=False>

  File "C:\Users\USER\AppData\Roaming\uv\python\cpython-3.10.17-windows-x86_64-none\lib\asyncio\windows_events.py", line 321, in run_forever
    super().run_forever()

  File "C:\Users\USER\AppData\Roaming\uv\python\cpython-3.10.17-windows-x86_64-none\lib\asyncio\base_events.py", line 603, in run_forever
    self._run_once()
    │    └ <function BaseEventLoop._run_once at 0x00000239756BB0A0>
    └ <ProactorEventLoop running=True closed=False debug=False>

  File "C:\Users\USER\AppData\Roaming\uv\python\cpython-3.10.17-windows-x86_64-none\lib\asyncio\base_events.py", line 1909, in _run_once
    handle._run()
    │      └ <function Handle._run at 0x00000239756228C0>
    └ <Handle Task.task_wakeup(<Future finished result=None>)>

  File "C:\Users\USER\AppData\Roaming\uv\python\cpython-3.10.17-windows-x86_64-none\lib\asyncio\events.py", line 80, in _run
    self._context.run(self._callback, *self._args)
    │    │            │    │           │    └ <member '_args' of 'Handle' objects>
    │    │            │    │           └ <Handle Task.task_wakeup(<Future finished result=None>)>
    │    │            │    └ <member '_callback' of 'Handle' objects>
    │    │            └ <Handle Task.task_wakeup(<Future finished result=None>)>
    │    └ <member '_context' of 'Handle' objects>
    └ <Handle Task.task_wakeup(<Future finished result=None>)>

  File "e:\mamba2\mamba2\crew\day_trader.py", line 90, in run
    await self.run_strategy(symbol)
          │    │            └ 'EURJPY'
          │    └ <function DayTrader.run_strategy at 0x000002397F9857E0>
          └ <mamba2.crew.day_trader.DayTrader object at 0x000002397F971540>

> File "e:\mamba2\mamba2\crew\day_trader.py", line 61, in run_strategy
    await self.strategies[symbol].evaluate(market_context)
          │    │          │                └ {'broker': <mamba2.broker.mt5_broker.MT5Broker object at 0x000002397F973880>, 'rate_fetcher': <RatesFetcher(RateFetcherThread...
          │    │          └ 'EURJPY'
          │    └ {'EURUSD': <mamba2.strategy.triple_cross.StochasticTripleTFStrategy object at 0x000002397F9715D0>, 'EURJPY': <mamba2.strategy...
          └ <mamba2.crew.day_trader.DayTrader object at 0x000002397F971540>

  File "e:\mamba2\mamba2\strategy\triple_cross.py", line 134, in evaluate
    current_rsi = rsi.iloc[-1]
                  └ np.float64(66.0581069480532)

AttributeError: 'numpy.float64' object has no attribute 'iloc'
2025-06-20 15:16:44.039 | ERROR    | mamba2.crew.day_trader:run_strategy:69 - Error evaluating GBPUSD: 'numpy.float64' object has no attribute 'iloc'
2025-06-20 15:16:44.039 | DEBUG    | mamba2.crew.day_trader:run_strategy:70 - Full error details
Traceback (most recent call last):

  File "e:\mamba2\main.py", line 237, in <module>
    asyncio.run(main())
    │       │   └ <function main at 0x000002397F985D80>
    │       └ <function run at 0x00000239756B7BE0>
    └ <module 'asyncio' from 'C:\\Users\\USER\\AppData\\Roaming\\uv\\python\\cpython-3.10.17-windows-x86_64-none\\lib\\asyncio\\__i...

  File "C:\Users\USER\AppData\Roaming\uv\python\cpython-3.10.17-windows-x86_64-none\lib\asyncio\runners.py", line 44, in run
    return loop.run_until_complete(main)
           │    │                  └ <coroutine object main at 0x000002397D782B20>
           │    └ <function BaseEventLoop.run_until_complete at 0x00000239756B9630>
           └ <ProactorEventLoop running=True closed=False debug=False>

  File "C:\Users\USER\AppData\Roaming\uv\python\cpython-3.10.17-windows-x86_64-none\lib\asyncio\base_events.py", line 636, in run_until_complete
    self.run_forever()
    │    └ <function ProactorEventLoop.run_forever at 0x0000023975770670>
    └ <ProactorEventLoop running=True closed=False debug=False>

  File "C:\Users\USER\AppData\Roaming\uv\python\cpython-3.10.17-windows-x86_64-none\lib\asyncio\windows_events.py", line 321, in run_forever
    super().run_forever()

  File "C:\Users\USER\AppData\Roaming\uv\python\cpython-3.10.17-windows-x86_64-none\lib\asyncio\base_events.py", line 603, in run_forever
    self._run_once()
    │    └ <function BaseEventLoop._run_once at 0x00000239756BB0A0>
    └ <ProactorEventLoop running=True closed=False debug=False>

  File "C:\Users\USER\AppData\Roaming\uv\python\cpython-3.10.17-windows-x86_64-none\lib\asyncio\base_events.py", line 1909, in _run_once
    handle._run()
    │      └ <function Handle._run at 0x00000239756228C0>
    └ <Handle Task.task_wakeup(<Future finished result=None>)>

  File "C:\Users\USER\AppData\Roaming\uv\python\cpython-3.10.17-windows-x86_64-none\lib\asyncio\events.py", line 80, in _run
    self._context.run(self._callback, *self._args)
    │    │            │    │           │    └ <member '_args' of 'Handle' objects>
    │    │            │    │           └ <Handle Task.task_wakeup(<Future finished result=None>)>
    │    │            │    └ <member '_callback' of 'Handle' objects>
    │    │            └ <Handle Task.task_wakeup(<Future finished result=None>)>
    │    └ <member '_context' of 'Handle' objects>
    └ <Handle Task.task_wakeup(<Future finished result=None>)>

  File "e:\mamba2\mamba2\crew\day_trader.py", line 90, in run
    await self.run_strategy(symbol)
          │    │            └ 'GBPUSD'
          │    └ <function DayTrader.run_strategy at 0x000002397F9857E0>
          └ <mamba2.crew.day_trader.DayTrader object at 0x000002397F971540>

> File "e:\mamba2\mamba2\crew\day_trader.py", line 61, in run_strategy
    await self.strategies[symbol].evaluate(market_context)
          │    │          │                └ {'broker': <mamba2.broker.mt5_broker.MT5Broker object at 0x000002397F973880>, 'rate_fetcher': <RatesFetcher(RateFetcherThread...
          │    │          └ 'GBPUSD'
          │    └ {'EURUSD': <mamba2.strategy.triple_cross.StochasticTripleTFStrategy object at 0x000002397F9715D0>, 'EURJPY': <mamba2.strategy...
          └ <mamba2.crew.day_trader.DayTrader object at 0x000002397F971540>

  File "e:\mamba2\mamba2\strategy\triple_cross.py", line 134, in evaluate
    current_rsi = rsi.iloc[-1]
                  └ np.float64(48.164358062537616)

AttributeError: 'numpy.float64' object has no attribute 'iloc'
2025-06-20 15:17:14.173 | ERROR    | mamba2.crew.day_trader:run_strategy:69 - Error evaluating EURJPY: 'numpy.float64' object has no attribute 'iloc'
2025-06-20 15:17:14.175 | DEBUG    | mamba2.crew.day_trader:run_strategy:70 - Full error details
Traceback (most recent call last):

  File "e:\mamba2\main.py", line 237, in <module>
    asyncio.run(main())
    │       │   └ <function main at 0x000002397F985D80>
    │       └ <function run at 0x00000239756B7BE0>
    └ <module 'asyncio' from 'C:\\Users\\USER\\AppData\\Roaming\\uv\\python\\cpython-3.10.17-windows-x86_64-none\\lib\\asyncio\\__i...

  File "C:\Users\USER\AppData\Roaming\uv\python\cpython-3.10.17-windows-x86_64-none\lib\asyncio\runners.py", line 44, in run
    return loop.run_until_complete(main)
           │    │                  └ <coroutine object main at 0x000002397D782B20>
           │    └ <function BaseEventLoop.run_until_complete at 0x00000239756B9630>
           └ <ProactorEventLoop running=True closed=False debug=False>

  File "C:\Users\USER\AppData\Roaming\uv\python\cpython-3.10.17-windows-x86_64-none\lib\asyncio\base_events.py", line 636, in run_until_complete
    self.run_forever()
    │    └ <function ProactorEventLoop.run_forever at 0x0000023975770670>
    └ <ProactorEventLoop running=True closed=False debug=False>

  File "C:\Users\USER\AppData\Roaming\uv\python\cpython-3.10.17-windows-x86_64-none\lib\asyncio\windows_events.py", line 321, in run_forever
    super().run_forever()

  File "C:\Users\USER\AppData\Roaming\uv\python\cpython-3.10.17-windows-x86_64-none\lib\asyncio\base_events.py", line 603, in run_forever
    self._run_once()
    │    └ <function BaseEventLoop._run_once at 0x00000239756BB0A0>
    └ <ProactorEventLoop running=True closed=False debug=False>

  File "C:\Users\USER\AppData\Roaming\uv\python\cpython-3.10.17-windows-x86_64-none\lib\asyncio\base_events.py", line 1909, in _run_once
    handle._run()
    │      └ <function Handle._run at 0x00000239756228C0>
    └ <Handle Task.task_wakeup(<Future finished result=None>)>

  File "C:\Users\USER\AppData\Roaming\uv\python\cpython-3.10.17-windows-x86_64-none\lib\asyncio\events.py", line 80, in _run
    self._context.run(self._callback, *self._args)
    │    │            │    │           │    └ <member '_args' of 'Handle' objects>
    │    │            │    │           └ <Handle Task.task_wakeup(<Future finished result=None>)>
    │    │            │    └ <member '_callback' of 'Handle' objects>
    │    │            └ <Handle Task.task_wakeup(<Future finished result=None>)>
    │    └ <member '_context' of 'Handle' objects>
    └ <Handle Task.task_wakeup(<Future finished result=None>)>

  File "e:\mamba2\mamba2\crew\day_trader.py", line 90, in run
    await self.run_strategy(symbol)
          │    │            └ 'EURJPY'
          │    └ <function DayTrader.run_strategy at 0x000002397F9857E0>
          └ <mamba2.crew.day_trader.DayTrader object at 0x000002397F971540>

> File "e:\mamba2\mamba2\crew\day_trader.py", line 61, in run_strategy
    await self.strategies[symbol].evaluate(market_context)
          │    │          │                └ {'broker': <mamba2.broker.mt5_broker.MT5Broker object at 0x000002397F973880>, 'rate_fetcher': <RatesFetcher(RateFetcherThread...
          │    │          └ 'EURJPY'
          │    └ {'EURUSD': <mamba2.strategy.triple_cross.StochasticTripleTFStrategy object at 0x000002397F9715D0>, 'EURJPY': <mamba2.strategy...
          └ <mamba2.crew.day_trader.DayTrader object at 0x000002397F971540>

  File "e:\mamba2\mamba2\strategy\triple_cross.py", line 134, in evaluate
    current_rsi = rsi.iloc[-1]
                  └ np.float64(66.0581069480532)

AttributeError: 'numpy.float64' object has no attribute 'iloc'
2025-06-20 15:17:14.233 | ERROR    | mamba2.crew.day_trader:run_strategy:69 - Error evaluating GBPUSD: 'numpy.float64' object has no attribute 'iloc'
2025-06-20 15:17:14.234 | DEBUG    | mamba2.crew.day_trader:run_strategy:70 - Full error details
Traceback (most recent call last):

  File "e:\mamba2\main.py", line 237, in <module>
    asyncio.run(main())
    │       │   └ <function main at 0x000002397F985D80>
    │       └ <function run at 0x00000239756B7BE0>
    └ <module 'asyncio' from 'C:\\Users\\USER\\AppData\\Roaming\\uv\\python\\cpython-3.10.17-windows-x86_64-none\\lib\\asyncio\\__i...

  File "C:\Users\USER\AppData\Roaming\uv\python\cpython-3.10.17-windows-x86_64-none\lib\asyncio\runners.py", line 44, in run
    return loop.run_until_complete(main)
           │    │                  └ <coroutine object main at 0x000002397D782B20>
           │    └ <function BaseEventLoop.run_until_complete at 0x00000239756B9630>
           └ <ProactorEventLoop running=True closed=False debug=False>

  File "C:\Users\USER\AppData\Roaming\uv\python\cpython-3.10.17-windows-x86_64-none\lib\asyncio\base_events.py", line 636, in run_until_complete
    self.run_forever()
    │    └ <function ProactorEventLoop.run_forever at 0x0000023975770670>
    └ <ProactorEventLoop running=True closed=False debug=False>

  File "C:\Users\USER\AppData\Roaming\uv\python\cpython-3.10.17-windows-x86_64-none\lib\asyncio\windows_events.py", line 321, in run_forever
    super().run_forever()

  File "C:\Users\USER\AppData\Roaming\uv\python\cpython-3.10.17-windows-x86_64-none\lib\asyncio\base_events.py", line 603, in run_forever
    self._run_once()
    │    └ <function BaseEventLoop._run_once at 0x00000239756BB0A0>
    └ <ProactorEventLoop running=True closed=False debug=False>

  File "C:\Users\USER\AppData\Roaming\uv\python\cpython-3.10.17-windows-x86_64-none\lib\asyncio\base_events.py", line 1909, in _run_once
    handle._run()
    │      └ <function Handle._run at 0x00000239756228C0>
    └ <Handle Task.task_wakeup(<Future finished result=None>)>

  File "C:\Users\USER\AppData\Roaming\uv\python\cpython-3.10.17-windows-x86_64-none\lib\asyncio\events.py", line 80, in _run
    self._context.run(self._callback, *self._args)
    │    │            │    │           │    └ <member '_args' of 'Handle' objects>
    │    │            │    │           └ <Handle Task.task_wakeup(<Future finished result=None>)>
    │    │            │    └ <member '_callback' of 'Handle' objects>
    │    │            └ <Handle Task.task_wakeup(<Future finished result=None>)>
    │    └ <member '_context' of 'Handle' objects>
    └ <Handle Task.task_wakeup(<Future finished result=None>)>

  File "e:\mamba2\mamba2\crew\day_trader.py", line 90, in run
    await self.run_strategy(symbol)
          │    │            └ 'GBPUSD'
          │    └ <function DayTrader.run_strategy at 0x000002397F9857E0>
          └ <mamba2.crew.day_trader.DayTrader object at 0x000002397F971540>

> File "e:\mamba2\mamba2\crew\day_trader.py", line 61, in run_strategy
    await self.strategies[symbol].evaluate(market_context)
          │    │          │                └ {'broker': <mamba2.broker.mt5_broker.MT5Broker object at 0x000002397F973880>, 'rate_fetcher': <RatesFetcher(RateFetcherThread...
          │    │          └ 'GBPUSD'
          │    └ {'EURUSD': <mamba2.strategy.triple_cross.StochasticTripleTFStrategy object at 0x000002397F9715D0>, 'EURJPY': <mamba2.strategy...
          └ <mamba2.crew.day_trader.DayTrader object at 0x000002397F971540>

  File "e:\mamba2\mamba2\strategy\triple_cross.py", line 134, in evaluate
    current_rsi = rsi.iloc[-1]
                  └ np.float64(48.164358062537616)

AttributeError: 'numpy.float64' object has no attribute 'iloc'
2025-06-20 15:17:44.413 | ERROR    | mamba2.crew.day_trader:run_strategy:69 - Error evaluating EURJPY: 'numpy.float64' object has no attribute 'iloc'
2025-06-20 15:17:44.414 | DEBUG    | mamba2.crew.day_trader:run_strategy:70 - Full error details
Traceback (most recent call last):

  File "e:\mamba2\main.py", line 237, in <module>
    asyncio.run(main())
    │       │   └ <function main at 0x000002397F985D80>
    │       └ <function run at 0x00000239756B7BE0>
    └ <module 'asyncio' from 'C:\\Users\\USER\\AppData\\Roaming\\uv\\python\\cpython-3.10.17-windows-x86_64-none\\lib\\asyncio\\__i...

  File "C:\Users\USER\AppData\Roaming\uv\python\cpython-3.10.17-windows-x86_64-none\lib\asyncio\runners.py", line 44, in run
    return loop.run_until_complete(main)
           │    │                  └ <coroutine object main at 0x000002397D782B20>
           │    └ <function BaseEventLoop.run_until_complete at 0x00000239756B9630>
           └ <ProactorEventLoop running=True closed=False debug=False>

  File "C:\Users\USER\AppData\Roaming\uv\python\cpython-3.10.17-windows-x86_64-none\lib\asyncio\base_events.py", line 636, in run_until_complete
    self.run_forever()
    │    └ <function ProactorEventLoop.run_forever at 0x0000023975770670>
    └ <ProactorEventLoop running=True closed=False debug=False>

  File "C:\Users\USER\AppData\Roaming\uv\python\cpython-3.10.17-windows-x86_64-none\lib\asyncio\windows_events.py", line 321, in run_forever
    super().run_forever()

  File "C:\Users\USER\AppData\Roaming\uv\python\cpython-3.10.17-windows-x86_64-none\lib\asyncio\base_events.py", line 603, in run_forever
    self._run_once()
    │    └ <function BaseEventLoop._run_once at 0x00000239756BB0A0>
    └ <ProactorEventLoop running=True closed=False debug=False>

  File "C:\Users\USER\AppData\Roaming\uv\python\cpython-3.10.17-windows-x86_64-none\lib\asyncio\base_events.py", line 1909, in _run_once
    handle._run()
    │      └ <function Handle._run at 0x00000239756228C0>
    └ <Handle Task.task_wakeup(<Future finished result=None>)>

  File "C:\Users\USER\AppData\Roaming\uv\python\cpython-3.10.17-windows-x86_64-none\lib\asyncio\events.py", line 80, in _run
    self._context.run(self._callback, *self._args)
    │    │            │    │           │    └ <member '_args' of 'Handle' objects>
    │    │            │    │           └ <Handle Task.task_wakeup(<Future finished result=None>)>
    │    │            │    └ <member '_callback' of 'Handle' objects>
    │    │            └ <Handle Task.task_wakeup(<Future finished result=None>)>
    │    └ <member '_context' of 'Handle' objects>
    └ <Handle Task.task_wakeup(<Future finished result=None>)>

  File "e:\mamba2\mamba2\crew\day_trader.py", line 90, in run
    await self.run_strategy(symbol)
          │    │            └ 'EURJPY'
          │    └ <function DayTrader.run_strategy at 0x000002397F9857E0>
          └ <mamba2.crew.day_trader.DayTrader object at 0x000002397F971540>

> File "e:\mamba2\mamba2\crew\day_trader.py", line 61, in run_strategy
    await self.strategies[symbol].evaluate(market_context)
          │    │          │                └ {'broker': <mamba2.broker.mt5_broker.MT5Broker object at 0x000002397F973880>, 'rate_fetcher': <RatesFetcher(RateFetcherThread...
          │    │          └ 'EURJPY'
          │    └ {'EURUSD': <mamba2.strategy.triple_cross.StochasticTripleTFStrategy object at 0x000002397F9715D0>, 'EURJPY': <mamba2.strategy...
          └ <mamba2.crew.day_trader.DayTrader object at 0x000002397F971540>

  File "e:\mamba2\mamba2\strategy\triple_cross.py", line 134, in evaluate
    current_rsi = rsi.iloc[-1]
                  └ np.float64(66.0581069480532)

AttributeError: 'numpy.float64' object has no attribute 'iloc'
2025-06-20 15:17:44.493 | ERROR    | mamba2.crew.day_trader:run_strategy:69 - Error evaluating GBPUSD: 'numpy.float64' object has no attribute 'iloc'
2025-06-20 15:17:44.494 | DEBUG    | mamba2.crew.day_trader:run_strategy:70 - Full error details
Traceback (most recent call last):

  File "e:\mamba2\main.py", line 237, in <module>
    asyncio.run(main())
    │       │   └ <function main at 0x000002397F985D80>
    │       └ <function run at 0x00000239756B7BE0>
    └ <module 'asyncio' from 'C:\\Users\\USER\\AppData\\Roaming\\uv\\python\\cpython-3.10.17-windows-x86_64-none\\lib\\asyncio\\__i...

  File "C:\Users\USER\AppData\Roaming\uv\python\cpython-3.10.17-windows-x86_64-none\lib\asyncio\runners.py", line 44, in run
    return loop.run_until_complete(main)
           │    │                  └ <coroutine object main at 0x000002397D782B20>
           │    └ <function BaseEventLoop.run_until_complete at 0x00000239756B9630>
           └ <ProactorEventLoop running=True closed=False debug=False>

  File "C:\Users\USER\AppData\Roaming\uv\python\cpython-3.10.17-windows-x86_64-none\lib\asyncio\base_events.py", line 636, in run_until_complete
    self.run_forever()
    │    └ <function ProactorEventLoop.run_forever at 0x0000023975770670>
    └ <ProactorEventLoop running=True closed=False debug=False>

  File "C:\Users\USER\AppData\Roaming\uv\python\cpython-3.10.17-windows-x86_64-none\lib\asyncio\windows_events.py", line 321, in run_forever
    super().run_forever()

  File "C:\Users\USER\AppData\Roaming\uv\python\cpython-3.10.17-windows-x86_64-none\lib\asyncio\base_events.py", line 603, in run_forever
    self._run_once()
    │    └ <function BaseEventLoop._run_once at 0x00000239756BB0A0>
    └ <ProactorEventLoop running=True closed=False debug=False>

  File "C:\Users\USER\AppData\Roaming\uv\python\cpython-3.10.17-windows-x86_64-none\lib\asyncio\base_events.py", line 1909, in _run_once
    handle._run()
    │      └ <function Handle._run at 0x00000239756228C0>
    └ <Handle Task.task_wakeup(<Future finished result=None>)>

  File "C:\Users\USER\AppData\Roaming\uv\python\cpython-3.10.17-windows-x86_64-none\lib\asyncio\events.py", line 80, in _run
    self._context.run(self._callback, *self._args)
    │    │            │    │           │    └ <member '_args' of 'Handle' objects>
    │    │            │    │           └ <Handle Task.task_wakeup(<Future finished result=None>)>
    │    │            │    └ <member '_callback' of 'Handle' objects>
    │    │            └ <Handle Task.task_wakeup(<Future finished result=None>)>
    │    └ <member '_context' of 'Handle' objects>
    └ <Handle Task.task_wakeup(<Future finished result=None>)>

  File "e:\mamba2\mamba2\crew\day_trader.py", line 90, in run
    await self.run_strategy(symbol)
          │    │            └ 'GBPUSD'
          │    └ <function DayTrader.run_strategy at 0x000002397F9857E0>
          └ <mamba2.crew.day_trader.DayTrader object at 0x000002397F971540>

> File "e:\mamba2\mamba2\crew\day_trader.py", line 61, in run_strategy
    await self.strategies[symbol].evaluate(market_context)
          │    │          │                └ {'broker': <mamba2.broker.mt5_broker.MT5Broker object at 0x000002397F973880>, 'rate_fetcher': <RatesFetcher(RateFetcherThread...
          │    │          └ 'GBPUSD'
          │    └ {'EURUSD': <mamba2.strategy.triple_cross.StochasticTripleTFStrategy object at 0x000002397F9715D0>, 'EURJPY': <mamba2.strategy...
          └ <mamba2.crew.day_trader.DayTrader object at 0x000002397F971540>

  File "e:\mamba2\mamba2\strategy\triple_cross.py", line 134, in evaluate
    current_rsi = rsi.iloc[-1]
                  └ np.float64(48.164358062537616)

AttributeError: 'numpy.float64' object has no attribute 'iloc'
2025-06-20 15:18:14.614 | ERROR    | mamba2.crew.day_trader:run_strategy:69 - Error evaluating EURJPY: 'numpy.float64' object has no attribute 'iloc'
2025-06-20 15:18:14.623 | DEBUG    | mamba2.crew.day_trader:run_strategy:70 - Full error details
Traceback (most recent call last):

  File "e:\mamba2\main.py", line 237, in <module>
    asyncio.run(main())
    │       │   └ <function main at 0x000002397F985D80>
    │       └ <function run at 0x00000239756B7BE0>
    └ <module 'asyncio' from 'C:\\Users\\USER\\AppData\\Roaming\\uv\\python\\cpython-3.10.17-windows-x86_64-none\\lib\\asyncio\\__i...

  File "C:\Users\USER\AppData\Roaming\uv\python\cpython-3.10.17-windows-x86_64-none\lib\asyncio\runners.py", line 44, in run
    return loop.run_until_complete(main)
           │    │                  └ <coroutine object main at 0x000002397D782B20>
           │    └ <function BaseEventLoop.run_until_complete at 0x00000239756B9630>
           └ <ProactorEventLoop running=True closed=False debug=False>

  File "C:\Users\USER\AppData\Roaming\uv\python\cpython-3.10.17-windows-x86_64-none\lib\asyncio\base_events.py", line 636, in run_until_complete
    self.run_forever()
    │    └ <function ProactorEventLoop.run_forever at 0x0000023975770670>
    └ <ProactorEventLoop running=True closed=False debug=False>

  File "C:\Users\USER\AppData\Roaming\uv\python\cpython-3.10.17-windows-x86_64-none\lib\asyncio\windows_events.py", line 321, in run_forever
    super().run_forever()

  File "C:\Users\USER\AppData\Roaming\uv\python\cpython-3.10.17-windows-x86_64-none\lib\asyncio\base_events.py", line 603, in run_forever
    self._run_once()
    │    └ <function BaseEventLoop._run_once at 0x00000239756BB0A0>
    └ <ProactorEventLoop running=True closed=False debug=False>

  File "C:\Users\USER\AppData\Roaming\uv\python\cpython-3.10.17-windows-x86_64-none\lib\asyncio\base_events.py", line 1909, in _run_once
    handle._run()
    │      └ <function Handle._run at 0x00000239756228C0>
    └ <Handle Task.task_wakeup(<Future finished result=None>)>

  File "C:\Users\USER\AppData\Roaming\uv\python\cpython-3.10.17-windows-x86_64-none\lib\asyncio\events.py", line 80, in _run
    self._context.run(self._callback, *self._args)
    │    │            │    │           │    └ <member '_args' of 'Handle' objects>
    │    │            │    │           └ <Handle Task.task_wakeup(<Future finished result=None>)>
    │    │            │    └ <member '_callback' of 'Handle' objects>
    │    │            └ <Handle Task.task_wakeup(<Future finished result=None>)>
    │    └ <member '_context' of 'Handle' objects>
    └ <Handle Task.task_wakeup(<Future finished result=None>)>

  File "e:\mamba2\mamba2\crew\day_trader.py", line 90, in run
    await self.run_strategy(symbol)
          │    │            └ 'EURJPY'
          │    └ <function DayTrader.run_strategy at 0x000002397F9857E0>
          └ <mamba2.crew.day_trader.DayTrader object at 0x000002397F971540>

> File "e:\mamba2\mamba2\crew\day_trader.py", line 61, in run_strategy
    await self.strategies[symbol].evaluate(market_context)
          │    │          │                └ {'broker': <mamba2.broker.mt5_broker.MT5Broker object at 0x000002397F973880>, 'rate_fetcher': <RatesFetcher(RateFetcherThread...
          │    │          └ 'EURJPY'
          │    └ {'EURUSD': <mamba2.strategy.triple_cross.StochasticTripleTFStrategy object at 0x000002397F9715D0>, 'EURJPY': <mamba2.strategy...
          └ <mamba2.crew.day_trader.DayTrader object at 0x000002397F971540>

  File "e:\mamba2\mamba2\strategy\triple_cross.py", line 134, in evaluate
    current_rsi = rsi.iloc[-1]
                  └ np.float64(66.0581069480532)

AttributeError: 'numpy.float64' object has no attribute 'iloc'
2025-06-20 15:18:14.664 | ERROR    | mamba2.crew.day_trader:run_strategy:69 - Error evaluating GBPUSD: 'numpy.float64' object has no attribute 'iloc'
2025-06-20 15:18:14.664 | DEBUG    | mamba2.crew.day_trader:run_strategy:70 - Full error details
Traceback (most recent call last):

  File "e:\mamba2\main.py", line 237, in <module>
    asyncio.run(main())
    │       │   └ <function main at 0x000002397F985D80>
    │       └ <function run at 0x00000239756B7BE0>
    └ <module 'asyncio' from 'C:\\Users\\USER\\AppData\\Roaming\\uv\\python\\cpython-3.10.17-windows-x86_64-none\\lib\\asyncio\\__i...

  File "C:\Users\USER\AppData\Roaming\uv\python\cpython-3.10.17-windows-x86_64-none\lib\asyncio\runners.py", line 44, in run
    return loop.run_until_complete(main)
           │    │                  └ <coroutine object main at 0x000002397D782B20>
           │    └ <function BaseEventLoop.run_until_complete at 0x00000239756B9630>
           └ <ProactorEventLoop running=True closed=False debug=False>

  File "C:\Users\USER\AppData\Roaming\uv\python\cpython-3.10.17-windows-x86_64-none\lib\asyncio\base_events.py", line 636, in run_until_complete
    self.run_forever()
    │    └ <function ProactorEventLoop.run_forever at 0x0000023975770670>
    └ <ProactorEventLoop running=True closed=False debug=False>

  File "C:\Users\USER\AppData\Roaming\uv\python\cpython-3.10.17-windows-x86_64-none\lib\asyncio\windows_events.py", line 321, in run_forever
    super().run_forever()

  File "C:\Users\USER\AppData\Roaming\uv\python\cpython-3.10.17-windows-x86_64-none\lib\asyncio\base_events.py", line 603, in run_forever
    self._run_once()
    │    └ <function BaseEventLoop._run_once at 0x00000239756BB0A0>
    └ <ProactorEventLoop running=True closed=False debug=False>

  File "C:\Users\USER\AppData\Roaming\uv\python\cpython-3.10.17-windows-x86_64-none\lib\asyncio\base_events.py", line 1909, in _run_once
    handle._run()
    │      └ <function Handle._run at 0x00000239756228C0>
    └ <Handle Task.task_wakeup(<Future finished result=None>)>

  File "C:\Users\USER\AppData\Roaming\uv\python\cpython-3.10.17-windows-x86_64-none\lib\asyncio\events.py", line 80, in _run
    self._context.run(self._callback, *self._args)
    │    │            │    │           │    └ <member '_args' of 'Handle' objects>
    │    │            │    │           └ <Handle Task.task_wakeup(<Future finished result=None>)>
    │    │            │    └ <member '_callback' of 'Handle' objects>
    │    │            └ <Handle Task.task_wakeup(<Future finished result=None>)>
    │    └ <member '_context' of 'Handle' objects>
    └ <Handle Task.task_wakeup(<Future finished result=None>)>

  File "e:\mamba2\mamba2\crew\day_trader.py", line 90, in run
    await self.run_strategy(symbol)
          │    │            └ 'GBPUSD'
          │    └ <function DayTrader.run_strategy at 0x000002397F9857E0>
          └ <mamba2.crew.day_trader.DayTrader object at 0x000002397F971540>

> File "e:\mamba2\mamba2\crew\day_trader.py", line 61, in run_strategy
    await self.strategies[symbol].evaluate(market_context)
          │    │          │                └ {'broker': <mamba2.broker.mt5_broker.MT5Broker object at 0x000002397F973880>, 'rate_fetcher': <RatesFetcher(RateFetcherThread...
          │    │          └ 'GBPUSD'
          │    └ {'EURUSD': <mamba2.strategy.triple_cross.StochasticTripleTFStrategy object at 0x000002397F9715D0>, 'EURJPY': <mamba2.strategy...
          └ <mamba2.crew.day_trader.DayTrader object at 0x000002397F971540>

  File "e:\mamba2\mamba2\strategy\triple_cross.py", line 134, in evaluate
    current_rsi = rsi.iloc[-1]
                  └ np.float64(48.164358062537616)

AttributeError: 'numpy.float64' object has no attribute 'iloc'
2025-06-20 15:18:44.781 | ERROR    | mamba2.crew.day_trader:run_strategy:69 - Error evaluating EURJPY: 'numpy.float64' object has no attribute 'iloc'
2025-06-20 15:18:44.781 | DEBUG    | mamba2.crew.day_trader:run_strategy:70 - Full error details
Traceback (most recent call last):

  File "e:\mamba2\main.py", line 237, in <module>
    asyncio.run(main())
    │       │   └ <function main at 0x000002397F985D80>
    │       └ <function run at 0x00000239756B7BE0>
    └ <module 'asyncio' from 'C:\\Users\\USER\\AppData\\Roaming\\uv\\python\\cpython-3.10.17-windows-x86_64-none\\lib\\asyncio\\__i...

  File "C:\Users\USER\AppData\Roaming\uv\python\cpython-3.10.17-windows-x86_64-none\lib\asyncio\runners.py", line 44, in run
    return loop.run_until_complete(main)
           │    │                  └ <coroutine object main at 0x000002397D782B20>
           │    └ <function BaseEventLoop.run_until_complete at 0x00000239756B9630>
           └ <ProactorEventLoop running=True closed=False debug=False>

  File "C:\Users\USER\AppData\Roaming\uv\python\cpython-3.10.17-windows-x86_64-none\lib\asyncio\base_events.py", line 636, in run_until_complete
    self.run_forever()
    │    └ <function ProactorEventLoop.run_forever at 0x0000023975770670>
    └ <ProactorEventLoop running=True closed=False debug=False>

  File "C:\Users\USER\AppData\Roaming\uv\python\cpython-3.10.17-windows-x86_64-none\lib\asyncio\windows_events.py", line 321, in run_forever
    super().run_forever()

  File "C:\Users\USER\AppData\Roaming\uv\python\cpython-3.10.17-windows-x86_64-none\lib\asyncio\base_events.py", line 603, in run_forever
    self._run_once()
    │    └ <function BaseEventLoop._run_once at 0x00000239756BB0A0>
    └ <ProactorEventLoop running=True closed=False debug=False>

  File "C:\Users\USER\AppData\Roaming\uv\python\cpython-3.10.17-windows-x86_64-none\lib\asyncio\base_events.py", line 1909, in _run_once
    handle._run()
    │      └ <function Handle._run at 0x00000239756228C0>
    └ <Handle Task.task_wakeup(<Future finished result=None>)>

  File "C:\Users\USER\AppData\Roaming\uv\python\cpython-3.10.17-windows-x86_64-none\lib\asyncio\events.py", line 80, in _run
    self._context.run(self._callback, *self._args)
    │    │            │    │           │    └ <member '_args' of 'Handle' objects>
    │    │            │    │           └ <Handle Task.task_wakeup(<Future finished result=None>)>
    │    │            │    └ <member '_callback' of 'Handle' objects>
    │    │            └ <Handle Task.task_wakeup(<Future finished result=None>)>
    │    └ <member '_context' of 'Handle' objects>
    └ <Handle Task.task_wakeup(<Future finished result=None>)>

  File "e:\mamba2\mamba2\crew\day_trader.py", line 90, in run
    await self.run_strategy(symbol)
          │    │            └ 'EURJPY'
          │    └ <function DayTrader.run_strategy at 0x000002397F9857E0>
          └ <mamba2.crew.day_trader.DayTrader object at 0x000002397F971540>

> File "e:\mamba2\mamba2\crew\day_trader.py", line 61, in run_strategy
    await self.strategies[symbol].evaluate(market_context)
          │    │          │                └ {'broker': <mamba2.broker.mt5_broker.MT5Broker object at 0x000002397F973880>, 'rate_fetcher': <RatesFetcher(RateFetcherThread...
          │    │          └ 'EURJPY'
          │    └ {'EURUSD': <mamba2.strategy.triple_cross.StochasticTripleTFStrategy object at 0x000002397F9715D0>, 'EURJPY': <mamba2.strategy...
          └ <mamba2.crew.day_trader.DayTrader object at 0x000002397F971540>

  File "e:\mamba2\mamba2\strategy\triple_cross.py", line 134, in evaluate
    current_rsi = rsi.iloc[-1]
                  └ np.float64(66.0581069480532)

AttributeError: 'numpy.float64' object has no attribute 'iloc'
2025-06-20 15:18:44.839 | ERROR    | mamba2.crew.day_trader:run_strategy:69 - Error evaluating GBPUSD: 'numpy.float64' object has no attribute 'iloc'
2025-06-20 15:18:44.839 | DEBUG    | mamba2.crew.day_trader:run_strategy:70 - Full error details
Traceback (most recent call last):

  File "e:\mamba2\main.py", line 237, in <module>
    asyncio.run(main())
    │       │   └ <function main at 0x000002397F985D80>
    │       └ <function run at 0x00000239756B7BE0>
    └ <module 'asyncio' from 'C:\\Users\\USER\\AppData\\Roaming\\uv\\python\\cpython-3.10.17-windows-x86_64-none\\lib\\asyncio\\__i...

  File "C:\Users\USER\AppData\Roaming\uv\python\cpython-3.10.17-windows-x86_64-none\lib\asyncio\runners.py", line 44, in run
    return loop.run_until_complete(main)
           │    │                  └ <coroutine object main at 0x000002397D782B20>
           │    └ <function BaseEventLoop.run_until_complete at 0x00000239756B9630>
           └ <ProactorEventLoop running=True closed=False debug=False>

  File "C:\Users\USER\AppData\Roaming\uv\python\cpython-3.10.17-windows-x86_64-none\lib\asyncio\base_events.py", line 636, in run_until_complete
    self.run_forever()
    │    └ <function ProactorEventLoop.run_forever at 0x0000023975770670>
    └ <ProactorEventLoop running=True closed=False debug=False>

  File "C:\Users\USER\AppData\Roaming\uv\python\cpython-3.10.17-windows-x86_64-none\lib\asyncio\windows_events.py", line 321, in run_forever
    super().run_forever()

  File "C:\Users\USER\AppData\Roaming\uv\python\cpython-3.10.17-windows-x86_64-none\lib\asyncio\base_events.py", line 603, in run_forever
    self._run_once()
    │    └ <function BaseEventLoop._run_once at 0x00000239756BB0A0>
    └ <ProactorEventLoop running=True closed=False debug=False>

  File "C:\Users\USER\AppData\Roaming\uv\python\cpython-3.10.17-windows-x86_64-none\lib\asyncio\base_events.py", line 1909, in _run_once
    handle._run()
    │      └ <function Handle._run at 0x00000239756228C0>
    └ <Handle Task.task_wakeup(<Future finished result=None>)>

  File "C:\Users\USER\AppData\Roaming\uv\python\cpython-3.10.17-windows-x86_64-none\lib\asyncio\events.py", line 80, in _run
    self._context.run(self._callback, *self._args)
    │    │            │    │           │    └ <member '_args' of 'Handle' objects>
    │    │            │    │           └ <Handle Task.task_wakeup(<Future finished result=None>)>
    │    │            │    └ <member '_callback' of 'Handle' objects>
    │    │            └ <Handle Task.task_wakeup(<Future finished result=None>)>
    │    └ <member '_context' of 'Handle' objects>
    └ <Handle Task.task_wakeup(<Future finished result=None>)>

  File "e:\mamba2\mamba2\crew\day_trader.py", line 90, in run
    await self.run_strategy(symbol)
          │    │            └ 'GBPUSD'
          │    └ <function DayTrader.run_strategy at 0x000002397F9857E0>
          └ <mamba2.crew.day_trader.DayTrader object at 0x000002397F971540>

> File "e:\mamba2\mamba2\crew\day_trader.py", line 61, in run_strategy
    await self.strategies[symbol].evaluate(market_context)
          │    │          │                └ {'broker': <mamba2.broker.mt5_broker.MT5Broker object at 0x000002397F973880>, 'rate_fetcher': <RatesFetcher(RateFetcherThread...
          │    │          └ 'GBPUSD'
          │    └ {'EURUSD': <mamba2.strategy.triple_cross.StochasticTripleTFStrategy object at 0x000002397F9715D0>, 'EURJPY': <mamba2.strategy...
          └ <mamba2.crew.day_trader.DayTrader object at 0x000002397F971540>

  File "e:\mamba2\mamba2\strategy\triple_cross.py", line 134, in evaluate
    current_rsi = rsi.iloc[-1]
                  └ np.float64(48.164358062537616)

AttributeError: 'numpy.float64' object has no attribute 'iloc'
2025-06-20 15:19:14.964 | ERROR    | mamba2.crew.day_trader:run_strategy:69 - Error evaluating EURJPY: 'numpy.float64' object has no attribute 'iloc'
2025-06-20 15:19:14.964 | DEBUG    | mamba2.crew.day_trader:run_strategy:70 - Full error details
Traceback (most recent call last):

  File "e:\mamba2\main.py", line 237, in <module>
    asyncio.run(main())
    │       │   └ <function main at 0x000002397F985D80>
    │       └ <function run at 0x00000239756B7BE0>
    └ <module 'asyncio' from 'C:\\Users\\USER\\AppData\\Roaming\\uv\\python\\cpython-3.10.17-windows-x86_64-none\\lib\\asyncio\\__i...

  File "C:\Users\USER\AppData\Roaming\uv\python\cpython-3.10.17-windows-x86_64-none\lib\asyncio\runners.py", line 44, in run
    return loop.run_until_complete(main)
           │    │                  └ <coroutine object main at 0x000002397D782B20>
           │    └ <function BaseEventLoop.run_until_complete at 0x00000239756B9630>
           └ <ProactorEventLoop running=True closed=False debug=False>

  File "C:\Users\USER\AppData\Roaming\uv\python\cpython-3.10.17-windows-x86_64-none\lib\asyncio\base_events.py", line 636, in run_until_complete
    self.run_forever()
    │    └ <function ProactorEventLoop.run_forever at 0x0000023975770670>
    └ <ProactorEventLoop running=True closed=False debug=False>

  File "C:\Users\USER\AppData\Roaming\uv\python\cpython-3.10.17-windows-x86_64-none\lib\asyncio\windows_events.py", line 321, in run_forever
    super().run_forever()

  File "C:\Users\USER\AppData\Roaming\uv\python\cpython-3.10.17-windows-x86_64-none\lib\asyncio\base_events.py", line 603, in run_forever
    self._run_once()
    │    └ <function BaseEventLoop._run_once at 0x00000239756BB0A0>
    └ <ProactorEventLoop running=True closed=False debug=False>

  File "C:\Users\USER\AppData\Roaming\uv\python\cpython-3.10.17-windows-x86_64-none\lib\asyncio\base_events.py", line 1909, in _run_once
    handle._run()
    │      └ <function Handle._run at 0x00000239756228C0>
    └ <Handle Task.task_wakeup(<Future finished result=None>)>

  File "C:\Users\USER\AppData\Roaming\uv\python\cpython-3.10.17-windows-x86_64-none\lib\asyncio\events.py", line 80, in _run
    self._context.run(self._callback, *self._args)
    │    │            │    │           │    └ <member '_args' of 'Handle' objects>
    │    │            │    │           └ <Handle Task.task_wakeup(<Future finished result=None>)>
    │    │            │    └ <member '_callback' of 'Handle' objects>
    │    │            └ <Handle Task.task_wakeup(<Future finished result=None>)>
    │    └ <member '_context' of 'Handle' objects>
    └ <Handle Task.task_wakeup(<Future finished result=None>)>

  File "e:\mamba2\mamba2\crew\day_trader.py", line 90, in run
    await self.run_strategy(symbol)
          │    │            └ 'EURJPY'
          │    └ <function DayTrader.run_strategy at 0x000002397F9857E0>
          └ <mamba2.crew.day_trader.DayTrader object at 0x000002397F971540>

> File "e:\mamba2\mamba2\crew\day_trader.py", line 61, in run_strategy
    await self.strategies[symbol].evaluate(market_context)
          │    │          │                └ {'broker': <mamba2.broker.mt5_broker.MT5Broker object at 0x000002397F973880>, 'rate_fetcher': <RatesFetcher(RateFetcherThread...
          │    │          └ 'EURJPY'
          │    └ {'EURUSD': <mamba2.strategy.triple_cross.StochasticTripleTFStrategy object at 0x000002397F9715D0>, 'EURJPY': <mamba2.strategy...
          └ <mamba2.crew.day_trader.DayTrader object at 0x000002397F971540>

  File "e:\mamba2\mamba2\strategy\triple_cross.py", line 134, in evaluate
    current_rsi = rsi.iloc[-1]
                  └ np.float64(66.0581069480532)

AttributeError: 'numpy.float64' object has no attribute 'iloc'
2025-06-20 15:19:15.014 | ERROR    | mamba2.crew.day_trader:run_strategy:69 - Error evaluating GBPUSD: 'numpy.float64' object has no attribute 'iloc'
2025-06-20 15:19:15.014 | DEBUG    | mamba2.crew.day_trader:run_strategy:70 - Full error details
Traceback (most recent call last):

  File "e:\mamba2\main.py", line 237, in <module>
    asyncio.run(main())
    │       │   └ <function main at 0x000002397F985D80>
    │       └ <function run at 0x00000239756B7BE0>
    └ <module 'asyncio' from 'C:\\Users\\USER\\AppData\\Roaming\\uv\\python\\cpython-3.10.17-windows-x86_64-none\\lib\\asyncio\\__i...

  File "C:\Users\USER\AppData\Roaming\uv\python\cpython-3.10.17-windows-x86_64-none\lib\asyncio\runners.py", line 44, in run
    return loop.run_until_complete(main)
           │    │                  └ <coroutine object main at 0x000002397D782B20>
           │    └ <function BaseEventLoop.run_until_complete at 0x00000239756B9630>
           └ <ProactorEventLoop running=True closed=False debug=False>

  File "C:\Users\USER\AppData\Roaming\uv\python\cpython-3.10.17-windows-x86_64-none\lib\asyncio\base_events.py", line 636, in run_until_complete
    self.run_forever()
    │    └ <function ProactorEventLoop.run_forever at 0x0000023975770670>
    └ <ProactorEventLoop running=True closed=False debug=False>

  File "C:\Users\USER\AppData\Roaming\uv\python\cpython-3.10.17-windows-x86_64-none\lib\asyncio\windows_events.py", line 321, in run_forever
    super().run_forever()

  File "C:\Users\USER\AppData\Roaming\uv\python\cpython-3.10.17-windows-x86_64-none\lib\asyncio\base_events.py", line 603, in run_forever
    self._run_once()
    │    └ <function BaseEventLoop._run_once at 0x00000239756BB0A0>
    └ <ProactorEventLoop running=True closed=False debug=False>

  File "C:\Users\USER\AppData\Roaming\uv\python\cpython-3.10.17-windows-x86_64-none\lib\asyncio\base_events.py", line 1909, in _run_once
    handle._run()
    │      └ <function Handle._run at 0x00000239756228C0>
    └ <Handle Task.task_wakeup(<Future finished result=None>)>

  File "C:\Users\USER\AppData\Roaming\uv\python\cpython-3.10.17-windows-x86_64-none\lib\asyncio\events.py", line 80, in _run
    self._context.run(self._callback, *self._args)
    │    │            │    │           │    └ <member '_args' of 'Handle' objects>
    │    │            │    │           └ <Handle Task.task_wakeup(<Future finished result=None>)>
    │    │            │    └ <member '_callback' of 'Handle' objects>
    │    │            └ <Handle Task.task_wakeup(<Future finished result=None>)>
    │    └ <member '_context' of 'Handle' objects>
    └ <Handle Task.task_wakeup(<Future finished result=None>)>

  File "e:\mamba2\mamba2\crew\day_trader.py", line 90, in run
    await self.run_strategy(symbol)
          │    │            └ 'GBPUSD'
          │    └ <function DayTrader.run_strategy at 0x000002397F9857E0>
          └ <mamba2.crew.day_trader.DayTrader object at 0x000002397F971540>

> File "e:\mamba2\mamba2\crew\day_trader.py", line 61, in run_strategy
    await self.strategies[symbol].evaluate(market_context)
          │    │          │                └ {'broker': <mamba2.broker.mt5_broker.MT5Broker object at 0x000002397F973880>, 'rate_fetcher': <RatesFetcher(RateFetcherThread...
          │    │          └ 'GBPUSD'
          │    └ {'EURUSD': <mamba2.strategy.triple_cross.StochasticTripleTFStrategy object at 0x000002397F9715D0>, 'EURJPY': <mamba2.strategy...
          └ <mamba2.crew.day_trader.DayTrader object at 0x000002397F971540>

  File "e:\mamba2\mamba2\strategy\triple_cross.py", line 134, in evaluate
    current_rsi = rsi.iloc[-1]
                  └ np.float64(48.164358062537616)

AttributeError: 'numpy.float64' object has no attribute 'iloc'
2025-06-20 15:19:45.184 | ERROR    | mamba2.crew.day_trader:run_strategy:69 - Error evaluating EURJPY: 'numpy.float64' object has no attribute 'iloc'
2025-06-20 15:19:45.184 | DEBUG    | mamba2.crew.day_trader:run_strategy:70 - Full error details
Traceback (most recent call last):

  File "e:\mamba2\main.py", line 237, in <module>
    asyncio.run(main())
    │       │   └ <function main at 0x000002397F985D80>
    │       └ <function run at 0x00000239756B7BE0>
    └ <module 'asyncio' from 'C:\\Users\\USER\\AppData\\Roaming\\uv\\python\\cpython-3.10.17-windows-x86_64-none\\lib\\asyncio\\__i...

  File "C:\Users\USER\AppData\Roaming\uv\python\cpython-3.10.17-windows-x86_64-none\lib\asyncio\runners.py", line 44, in run
    return loop.run_until_complete(main)
           │    │                  └ <coroutine object main at 0x000002397D782B20>
           │    └ <function BaseEventLoop.run_until_complete at 0x00000239756B9630>
           └ <ProactorEventLoop running=True closed=False debug=False>

  File "C:\Users\USER\AppData\Roaming\uv\python\cpython-3.10.17-windows-x86_64-none\lib\asyncio\base_events.py", line 636, in run_until_complete
    self.run_forever()
    │    └ <function ProactorEventLoop.run_forever at 0x0000023975770670>
    └ <ProactorEventLoop running=True closed=False debug=False>

  File "C:\Users\USER\AppData\Roaming\uv\python\cpython-3.10.17-windows-x86_64-none\lib\asyncio\windows_events.py", line 321, in run_forever
    super().run_forever()

  File "C:\Users\USER\AppData\Roaming\uv\python\cpython-3.10.17-windows-x86_64-none\lib\asyncio\base_events.py", line 603, in run_forever
    self._run_once()
    │    └ <function BaseEventLoop._run_once at 0x00000239756BB0A0>
    └ <ProactorEventLoop running=True closed=False debug=False>

  File "C:\Users\USER\AppData\Roaming\uv\python\cpython-3.10.17-windows-x86_64-none\lib\asyncio\base_events.py", line 1909, in _run_once
    handle._run()
    │      └ <function Handle._run at 0x00000239756228C0>
    └ <Handle Task.task_wakeup(<Future finished result=None>)>

  File "C:\Users\USER\AppData\Roaming\uv\python\cpython-3.10.17-windows-x86_64-none\lib\asyncio\events.py", line 80, in _run
    self._context.run(self._callback, *self._args)
    │    │            │    │           │    └ <member '_args' of 'Handle' objects>
    │    │            │    │           └ <Handle Task.task_wakeup(<Future finished result=None>)>
    │    │            │    └ <member '_callback' of 'Handle' objects>
    │    │            └ <Handle Task.task_wakeup(<Future finished result=None>)>
    │    └ <member '_context' of 'Handle' objects>
    └ <Handle Task.task_wakeup(<Future finished result=None>)>

  File "e:\mamba2\mamba2\crew\day_trader.py", line 90, in run
    await self.run_strategy(symbol)
          │    │            └ 'EURJPY'
          │    └ <function DayTrader.run_strategy at 0x000002397F9857E0>
          └ <mamba2.crew.day_trader.DayTrader object at 0x000002397F971540>

> File "e:\mamba2\mamba2\crew\day_trader.py", line 61, in run_strategy
    await self.strategies[symbol].evaluate(market_context)
          │    │          │                └ {'broker': <mamba2.broker.mt5_broker.MT5Broker object at 0x000002397F973880>, 'rate_fetcher': <RatesFetcher(RateFetcherThread...
          │    │          └ 'EURJPY'
          │    └ {'EURUSD': <mamba2.strategy.triple_cross.StochasticTripleTFStrategy object at 0x000002397F9715D0>, 'EURJPY': <mamba2.strategy...
          └ <mamba2.crew.day_trader.DayTrader object at 0x000002397F971540>

  File "e:\mamba2\mamba2\strategy\triple_cross.py", line 134, in evaluate
    current_rsi = rsi.iloc[-1]
                  └ np.float64(66.0581069480532)

AttributeError: 'numpy.float64' object has no attribute 'iloc'
2025-06-20 15:19:45.279 | ERROR    | mamba2.crew.day_trader:run_strategy:69 - Error evaluating GBPUSD: 'numpy.float64' object has no attribute 'iloc'
2025-06-20 15:19:45.279 | DEBUG    | mamba2.crew.day_trader:run_strategy:70 - Full error details
Traceback (most recent call last):

  File "e:\mamba2\main.py", line 237, in <module>
    asyncio.run(main())
    │       │   └ <function main at 0x000002397F985D80>
    │       └ <function run at 0x00000239756B7BE0>
    └ <module 'asyncio' from 'C:\\Users\\USER\\AppData\\Roaming\\uv\\python\\cpython-3.10.17-windows-x86_64-none\\lib\\asyncio\\__i...

  File "C:\Users\USER\AppData\Roaming\uv\python\cpython-3.10.17-windows-x86_64-none\lib\asyncio\runners.py", line 44, in run
    return loop.run_until_complete(main)
           │    │                  └ <coroutine object main at 0x000002397D782B20>
           │    └ <function BaseEventLoop.run_until_complete at 0x00000239756B9630>
           └ <ProactorEventLoop running=True closed=False debug=False>

  File "C:\Users\USER\AppData\Roaming\uv\python\cpython-3.10.17-windows-x86_64-none\lib\asyncio\base_events.py", line 636, in run_until_complete
    self.run_forever()
    │    └ <function ProactorEventLoop.run_forever at 0x0000023975770670>
    └ <ProactorEventLoop running=True closed=False debug=False>

  File "C:\Users\USER\AppData\Roaming\uv\python\cpython-3.10.17-windows-x86_64-none\lib\asyncio\windows_events.py", line 321, in run_forever
    super().run_forever()

  File "C:\Users\USER\AppData\Roaming\uv\python\cpython-3.10.17-windows-x86_64-none\lib\asyncio\base_events.py", line 603, in run_forever
    self._run_once()
    │    └ <function BaseEventLoop._run_once at 0x00000239756BB0A0>
    └ <ProactorEventLoop running=True closed=False debug=False>

  File "C:\Users\USER\AppData\Roaming\uv\python\cpython-3.10.17-windows-x86_64-none\lib\asyncio\base_events.py", line 1909, in _run_once
    handle._run()
    │      └ <function Handle._run at 0x00000239756228C0>
    └ <Handle Task.task_wakeup(<Future finished result=None>)>

  File "C:\Users\USER\AppData\Roaming\uv\python\cpython-3.10.17-windows-x86_64-none\lib\asyncio\events.py", line 80, in _run
    self._context.run(self._callback, *self._args)
    │    │            │    │           │    └ <member '_args' of 'Handle' objects>
    │    │            │    │           └ <Handle Task.task_wakeup(<Future finished result=None>)>
    │    │            │    └ <member '_callback' of 'Handle' objects>
    │    │            └ <Handle Task.task_wakeup(<Future finished result=None>)>
    │    └ <member '_context' of 'Handle' objects>
    └ <Handle Task.task_wakeup(<Future finished result=None>)>

  File "e:\mamba2\mamba2\crew\day_trader.py", line 90, in run
    await self.run_strategy(symbol)
          │    │            └ 'GBPUSD'
          │    └ <function DayTrader.run_strategy at 0x000002397F9857E0>
          └ <mamba2.crew.day_trader.DayTrader object at 0x000002397F971540>

> File "e:\mamba2\mamba2\crew\day_trader.py", line 61, in run_strategy
    await self.strategies[symbol].evaluate(market_context)
          │    │          │                └ {'broker': <mamba2.broker.mt5_broker.MT5Broker object at 0x000002397F973880>, 'rate_fetcher': <RatesFetcher(RateFetcherThread...
          │    │          └ 'GBPUSD'
          │    └ {'EURUSD': <mamba2.strategy.triple_cross.StochasticTripleTFStrategy object at 0x000002397F9715D0>, 'EURJPY': <mamba2.strategy...
          └ <mamba2.crew.day_trader.DayTrader object at 0x000002397F971540>

  File "e:\mamba2\mamba2\strategy\triple_cross.py", line 134, in evaluate
    current_rsi = rsi.iloc[-1]
                  └ np.float64(48.164358062537616)

AttributeError: 'numpy.float64' object has no attribute 'iloc'
2025-06-20 15:20:15.398 | ERROR    | mamba2.crew.day_trader:run_strategy:69 - Error evaluating EURJPY: 'numpy.float64' object has no attribute 'iloc'
2025-06-20 15:20:15.398 | DEBUG    | mamba2.crew.day_trader:run_strategy:70 - Full error details
Traceback (most recent call last):

  File "e:\mamba2\main.py", line 237, in <module>
    asyncio.run(main())
    │       │   └ <function main at 0x000002397F985D80>
    │       └ <function run at 0x00000239756B7BE0>
    └ <module 'asyncio' from 'C:\\Users\\USER\\AppData\\Roaming\\uv\\python\\cpython-3.10.17-windows-x86_64-none\\lib\\asyncio\\__i...

  File "C:\Users\USER\AppData\Roaming\uv\python\cpython-3.10.17-windows-x86_64-none\lib\asyncio\runners.py", line 44, in run
    return loop.run_until_complete(main)
           │    │                  └ <coroutine object main at 0x000002397D782B20>
           │    └ <function BaseEventLoop.run_until_complete at 0x00000239756B9630>
           └ <ProactorEventLoop running=True closed=False debug=False>

  File "C:\Users\USER\AppData\Roaming\uv\python\cpython-3.10.17-windows-x86_64-none\lib\asyncio\base_events.py", line 636, in run_until_complete
    self.run_forever()
    │    └ <function ProactorEventLoop.run_forever at 0x0000023975770670>
    └ <ProactorEventLoop running=True closed=False debug=False>

  File "C:\Users\USER\AppData\Roaming\uv\python\cpython-3.10.17-windows-x86_64-none\lib\asyncio\windows_events.py", line 321, in run_forever
    super().run_forever()

  File "C:\Users\USER\AppData\Roaming\uv\python\cpython-3.10.17-windows-x86_64-none\lib\asyncio\base_events.py", line 603, in run_forever
    self._run_once()
    │    └ <function BaseEventLoop._run_once at 0x00000239756BB0A0>
    └ <ProactorEventLoop running=True closed=False debug=False>

  File "C:\Users\USER\AppData\Roaming\uv\python\cpython-3.10.17-windows-x86_64-none\lib\asyncio\base_events.py", line 1909, in _run_once
    handle._run()
    │      └ <function Handle._run at 0x00000239756228C0>
    └ <Handle Task.task_wakeup(<Future finished result=None>)>

  File "C:\Users\USER\AppData\Roaming\uv\python\cpython-3.10.17-windows-x86_64-none\lib\asyncio\events.py", line 80, in _run
    self._context.run(self._callback, *self._args)
    │    │            │    │           │    └ <member '_args' of 'Handle' objects>
    │    │            │    │           └ <Handle Task.task_wakeup(<Future finished result=None>)>
    │    │            │    └ <member '_callback' of 'Handle' objects>
    │    │            └ <Handle Task.task_wakeup(<Future finished result=None>)>
    │    └ <member '_context' of 'Handle' objects>
    └ <Handle Task.task_wakeup(<Future finished result=None>)>

  File "e:\mamba2\mamba2\crew\day_trader.py", line 90, in run
    await self.run_strategy(symbol)
          │    │            └ 'EURJPY'
          │    └ <function DayTrader.run_strategy at 0x000002397F9857E0>
          └ <mamba2.crew.day_trader.DayTrader object at 0x000002397F971540>

> File "e:\mamba2\mamba2\crew\day_trader.py", line 61, in run_strategy
    await self.strategies[symbol].evaluate(market_context)
          │    │          │                └ {'broker': <mamba2.broker.mt5_broker.MT5Broker object at 0x000002397F973880>, 'rate_fetcher': <RatesFetcher(RateFetcherThread...
          │    │          └ 'EURJPY'
          │    └ {'EURUSD': <mamba2.strategy.triple_cross.StochasticTripleTFStrategy object at 0x000002397F9715D0>, 'EURJPY': <mamba2.strategy...
          └ <mamba2.crew.day_trader.DayTrader object at 0x000002397F971540>

  File "e:\mamba2\mamba2\strategy\triple_cross.py", line 134, in evaluate
    current_rsi = rsi.iloc[-1]
                  └ np.float64(66.0581069480532)

AttributeError: 'numpy.float64' object has no attribute 'iloc'
2025-06-20 15:20:15.479 | ERROR    | mamba2.crew.day_trader:run_strategy:69 - Error evaluating GBPUSD: 'numpy.float64' object has no attribute 'iloc'
2025-06-20 15:20:15.479 | DEBUG    | mamba2.crew.day_trader:run_strategy:70 - Full error details
Traceback (most recent call last):

  File "e:\mamba2\main.py", line 237, in <module>
    asyncio.run(main())
    │       │   └ <function main at 0x000002397F985D80>
    │       └ <function run at 0x00000239756B7BE0>
    └ <module 'asyncio' from 'C:\\Users\\USER\\AppData\\Roaming\\uv\\python\\cpython-3.10.17-windows-x86_64-none\\lib\\asyncio\\__i...

  File "C:\Users\USER\AppData\Roaming\uv\python\cpython-3.10.17-windows-x86_64-none\lib\asyncio\runners.py", line 44, in run
    return loop.run_until_complete(main)
           │    │                  └ <coroutine object main at 0x000002397D782B20>
           │    └ <function BaseEventLoop.run_until_complete at 0x00000239756B9630>
           └ <ProactorEventLoop running=True closed=False debug=False>

  File "C:\Users\USER\AppData\Roaming\uv\python\cpython-3.10.17-windows-x86_64-none\lib\asyncio\base_events.py", line 636, in run_until_complete
    self.run_forever()
    │    └ <function ProactorEventLoop.run_forever at 0x0000023975770670>
    └ <ProactorEventLoop running=True closed=False debug=False>

  File "C:\Users\USER\AppData\Roaming\uv\python\cpython-3.10.17-windows-x86_64-none\lib\asyncio\windows_events.py", line 321, in run_forever
    super().run_forever()

  File "C:\Users\USER\AppData\Roaming\uv\python\cpython-3.10.17-windows-x86_64-none\lib\asyncio\base_events.py", line 603, in run_forever
    self._run_once()
    │    └ <function BaseEventLoop._run_once at 0x00000239756BB0A0>
    └ <ProactorEventLoop running=True closed=False debug=False>

  File "C:\Users\USER\AppData\Roaming\uv\python\cpython-3.10.17-windows-x86_64-none\lib\asyncio\base_events.py", line 1909, in _run_once
    handle._run()
    │      └ <function Handle._run at 0x00000239756228C0>
    └ <Handle Task.task_wakeup(<Future finished result=None>)>

  File "C:\Users\USER\AppData\Roaming\uv\python\cpython-3.10.17-windows-x86_64-none\lib\asyncio\events.py", line 80, in _run
    self._context.run(self._callback, *self._args)
    │    │            │    │           │    └ <member '_args' of 'Handle' objects>
    │    │            │    │           └ <Handle Task.task_wakeup(<Future finished result=None>)>
    │    │            │    └ <member '_callback' of 'Handle' objects>
    │    │            └ <Handle Task.task_wakeup(<Future finished result=None>)>
    │    └ <member '_context' of 'Handle' objects>
    └ <Handle Task.task_wakeup(<Future finished result=None>)>

  File "e:\mamba2\mamba2\crew\day_trader.py", line 90, in run
    await self.run_strategy(symbol)
          │    │            └ 'GBPUSD'
          │    └ <function DayTrader.run_strategy at 0x000002397F9857E0>
          └ <mamba2.crew.day_trader.DayTrader object at 0x000002397F971540>

> File "e:\mamba2\mamba2\crew\day_trader.py", line 61, in run_strategy
    await self.strategies[symbol].evaluate(market_context)
          │    │          │                └ {'broker': <mamba2.broker.mt5_broker.MT5Broker object at 0x000002397F973880>, 'rate_fetcher': <RatesFetcher(RateFetcherThread...
          │    │          └ 'GBPUSD'
          │    └ {'EURUSD': <mamba2.strategy.triple_cross.StochasticTripleTFStrategy object at 0x000002397F9715D0>, 'EURJPY': <mamba2.strategy...
          └ <mamba2.crew.day_trader.DayTrader object at 0x000002397F971540>

  File "e:\mamba2\mamba2\strategy\triple_cross.py", line 134, in evaluate
    current_rsi = rsi.iloc[-1]
                  └ np.float64(48.164358062537616)

AttributeError: 'numpy.float64' object has no attribute 'iloc'
2025-06-20 15:30:47.402 | ERROR    | mamba2.crew.day_trader:run_strategy:69 - Error evaluating EURUSD: 'numpy.float64' object has no attribute 'iloc'
2025-06-20 15:30:47.402 | DEBUG    | mamba2.crew.day_trader:run_strategy:70 - Full error details
Traceback (most recent call last):

  File "e:\mamba2\main.py", line 237, in <module>
    asyncio.run(main())
    │       │   └ <function main at 0x000002397F985D80>
    │       └ <function run at 0x00000239756B7BE0>
    └ <module 'asyncio' from 'C:\\Users\\USER\\AppData\\Roaming\\uv\\python\\cpython-3.10.17-windows-x86_64-none\\lib\\asyncio\\__i...

  File "C:\Users\USER\AppData\Roaming\uv\python\cpython-3.10.17-windows-x86_64-none\lib\asyncio\runners.py", line 44, in run
    return loop.run_until_complete(main)
           │    │                  └ <coroutine object main at 0x000002397D782B20>
           │    └ <function BaseEventLoop.run_until_complete at 0x00000239756B9630>
           └ <ProactorEventLoop running=True closed=False debug=False>

  File "C:\Users\USER\AppData\Roaming\uv\python\cpython-3.10.17-windows-x86_64-none\lib\asyncio\base_events.py", line 636, in run_until_complete
    self.run_forever()
    │    └ <function ProactorEventLoop.run_forever at 0x0000023975770670>
    └ <ProactorEventLoop running=True closed=False debug=False>

  File "C:\Users\USER\AppData\Roaming\uv\python\cpython-3.10.17-windows-x86_64-none\lib\asyncio\windows_events.py", line 321, in run_forever
    super().run_forever()

  File "C:\Users\USER\AppData\Roaming\uv\python\cpython-3.10.17-windows-x86_64-none\lib\asyncio\base_events.py", line 603, in run_forever
    self._run_once()
    │    └ <function BaseEventLoop._run_once at 0x00000239756BB0A0>
    └ <ProactorEventLoop running=True closed=False debug=False>

  File "C:\Users\USER\AppData\Roaming\uv\python\cpython-3.10.17-windows-x86_64-none\lib\asyncio\base_events.py", line 1909, in _run_once
    handle._run()
    │      └ <function Handle._run at 0x00000239756228C0>
    └ <Handle Task.task_wakeup(<Future finished result=None>)>

  File "C:\Users\USER\AppData\Roaming\uv\python\cpython-3.10.17-windows-x86_64-none\lib\asyncio\events.py", line 80, in _run
    self._context.run(self._callback, *self._args)
    │    │            │    │           │    └ <member '_args' of 'Handle' objects>
    │    │            │    │           └ <Handle Task.task_wakeup(<Future finished result=None>)>
    │    │            │    └ <member '_callback' of 'Handle' objects>
    │    │            └ <Handle Task.task_wakeup(<Future finished result=None>)>
    │    └ <member '_context' of 'Handle' objects>
    └ <Handle Task.task_wakeup(<Future finished result=None>)>

  File "e:\mamba2\mamba2\crew\day_trader.py", line 90, in run
    await self.run_strategy(symbol)
          │    │            └ 'EURUSD'
          │    └ <function DayTrader.run_strategy at 0x000002397F9857E0>
          └ <mamba2.crew.day_trader.DayTrader object at 0x000002397F971540>

> File "e:\mamba2\mamba2\crew\day_trader.py", line 61, in run_strategy
    await self.strategies[symbol].evaluate(market_context)
          │    │          │                └ {'broker': <mamba2.broker.mt5_broker.MT5Broker object at 0x000002397F973880>, 'rate_fetcher': <RatesFetcher(RateFetcherThread...
          │    │          └ 'EURUSD'
          │    └ {'EURUSD': <mamba2.strategy.triple_cross.StochasticTripleTFStrategy object at 0x000002397F9715D0>, 'EURJPY': <mamba2.strategy...
          └ <mamba2.crew.day_trader.DayTrader object at 0x000002397F971540>

  File "e:\mamba2\mamba2\strategy\triple_cross.py", line 266, in evaluate
    current_rsi = rsi.iloc[-1]
                  └ np.float64(43.27155012323522)

AttributeError: 'numpy.float64' object has no attribute 'iloc'
2025-06-20 15:30:47.464 | ERROR    | mamba2.crew.day_trader:run_strategy:69 - Error evaluating GBPUSD: 'numpy.float64' object has no attribute 'iloc'
2025-06-20 15:30:47.464 | DEBUG    | mamba2.crew.day_trader:run_strategy:70 - Full error details
Traceback (most recent call last):

  File "e:\mamba2\main.py", line 237, in <module>
    asyncio.run(main())
    │       │   └ <function main at 0x000002397F985D80>
    │       └ <function run at 0x00000239756B7BE0>
    └ <module 'asyncio' from 'C:\\Users\\USER\\AppData\\Roaming\\uv\\python\\cpython-3.10.17-windows-x86_64-none\\lib\\asyncio\\__i...

  File "C:\Users\USER\AppData\Roaming\uv\python\cpython-3.10.17-windows-x86_64-none\lib\asyncio\runners.py", line 44, in run
    return loop.run_until_complete(main)
           │    │                  └ <coroutine object main at 0x000002397D782B20>
           │    └ <function BaseEventLoop.run_until_complete at 0x00000239756B9630>
           └ <ProactorEventLoop running=True closed=False debug=False>

  File "C:\Users\USER\AppData\Roaming\uv\python\cpython-3.10.17-windows-x86_64-none\lib\asyncio\base_events.py", line 636, in run_until_complete
    self.run_forever()
    │    └ <function ProactorEventLoop.run_forever at 0x0000023975770670>
    └ <ProactorEventLoop running=True closed=False debug=False>

  File "C:\Users\USER\AppData\Roaming\uv\python\cpython-3.10.17-windows-x86_64-none\lib\asyncio\windows_events.py", line 321, in run_forever
    super().run_forever()

  File "C:\Users\USER\AppData\Roaming\uv\python\cpython-3.10.17-windows-x86_64-none\lib\asyncio\base_events.py", line 603, in run_forever
    self._run_once()
    │    └ <function BaseEventLoop._run_once at 0x00000239756BB0A0>
    └ <ProactorEventLoop running=True closed=False debug=False>

  File "C:\Users\USER\AppData\Roaming\uv\python\cpython-3.10.17-windows-x86_64-none\lib\asyncio\base_events.py", line 1909, in _run_once
    handle._run()
    │      └ <function Handle._run at 0x00000239756228C0>
    └ <Handle Task.task_wakeup(<Future finished result=None>)>

  File "C:\Users\USER\AppData\Roaming\uv\python\cpython-3.10.17-windows-x86_64-none\lib\asyncio\events.py", line 80, in _run
    self._context.run(self._callback, *self._args)
    │    │            │    │           │    └ <member '_args' of 'Handle' objects>
    │    │            │    │           └ <Handle Task.task_wakeup(<Future finished result=None>)>
    │    │            │    └ <member '_callback' of 'Handle' objects>
    │    │            └ <Handle Task.task_wakeup(<Future finished result=None>)>
    │    └ <member '_context' of 'Handle' objects>
    └ <Handle Task.task_wakeup(<Future finished result=None>)>

  File "e:\mamba2\mamba2\crew\day_trader.py", line 90, in run
    await self.run_strategy(symbol)
          │    │            └ 'GBPUSD'
          │    └ <function DayTrader.run_strategy at 0x000002397F9857E0>
          └ <mamba2.crew.day_trader.DayTrader object at 0x000002397F971540>

> File "e:\mamba2\mamba2\crew\day_trader.py", line 61, in run_strategy
    await self.strategies[symbol].evaluate(market_context)
          │    │          │                └ {'broker': <mamba2.broker.mt5_broker.MT5Broker object at 0x000002397F973880>, 'rate_fetcher': <RatesFetcher(RateFetcherThread...
          │    │          └ 'GBPUSD'
          │    └ {'EURUSD': <mamba2.strategy.triple_cross.StochasticTripleTFStrategy object at 0x000002397F9715D0>, 'EURJPY': <mamba2.strategy...
          └ <mamba2.crew.day_trader.DayTrader object at 0x000002397F971540>

  File "e:\mamba2\mamba2\strategy\triple_cross.py", line 266, in evaluate
    current_rsi = rsi.iloc[-1]
                  └ np.float64(49.3302110678587)

AttributeError: 'numpy.float64' object has no attribute 'iloc'
2025-06-20 15:31:14.714 | SUCCESS  | mamba2.crew.position_manager:_update_position_sl:176 - Successfully updated position 52684921597 (SL=145.60282, TP=145.83136)
2025-06-20 15:31:17.583 | ERROR    | mamba2.crew.day_trader:run_strategy:69 - Error evaluating EURUSD: 'numpy.float64' object has no attribute 'iloc'
2025-06-20 15:31:17.584 | DEBUG    | mamba2.crew.day_trader:run_strategy:70 - Full error details
Traceback (most recent call last):

  File "e:\mamba2\main.py", line 237, in <module>
    asyncio.run(main())
    │       │   └ <function main at 0x000002397F985D80>
    │       └ <function run at 0x00000239756B7BE0>
    └ <module 'asyncio' from 'C:\\Users\\USER\\AppData\\Roaming\\uv\\python\\cpython-3.10.17-windows-x86_64-none\\lib\\asyncio\\__i...

  File "C:\Users\USER\AppData\Roaming\uv\python\cpython-3.10.17-windows-x86_64-none\lib\asyncio\runners.py", line 44, in run
    return loop.run_until_complete(main)
           │    │                  └ <coroutine object main at 0x000002397D782B20>
           │    └ <function BaseEventLoop.run_until_complete at 0x00000239756B9630>
           └ <ProactorEventLoop running=True closed=False debug=False>

  File "C:\Users\USER\AppData\Roaming\uv\python\cpython-3.10.17-windows-x86_64-none\lib\asyncio\base_events.py", line 636, in run_until_complete
    self.run_forever()
    │    └ <function ProactorEventLoop.run_forever at 0x0000023975770670>
    └ <ProactorEventLoop running=True closed=False debug=False>

  File "C:\Users\USER\AppData\Roaming\uv\python\cpython-3.10.17-windows-x86_64-none\lib\asyncio\windows_events.py", line 321, in run_forever
    super().run_forever()

  File "C:\Users\USER\AppData\Roaming\uv\python\cpython-3.10.17-windows-x86_64-none\lib\asyncio\base_events.py", line 603, in run_forever
    self._run_once()
    │    └ <function BaseEventLoop._run_once at 0x00000239756BB0A0>
    └ <ProactorEventLoop running=True closed=False debug=False>

  File "C:\Users\USER\AppData\Roaming\uv\python\cpython-3.10.17-windows-x86_64-none\lib\asyncio\base_events.py", line 1909, in _run_once
    handle._run()
    │      └ <function Handle._run at 0x00000239756228C0>
    └ <Handle Task.task_wakeup(<Future finished result=None>)>

  File "C:\Users\USER\AppData\Roaming\uv\python\cpython-3.10.17-windows-x86_64-none\lib\asyncio\events.py", line 80, in _run
    self._context.run(self._callback, *self._args)
    │    │            │    │           │    └ <member '_args' of 'Handle' objects>
    │    │            │    │           └ <Handle Task.task_wakeup(<Future finished result=None>)>
    │    │            │    └ <member '_callback' of 'Handle' objects>
    │    │            └ <Handle Task.task_wakeup(<Future finished result=None>)>
    │    └ <member '_context' of 'Handle' objects>
    └ <Handle Task.task_wakeup(<Future finished result=None>)>

  File "e:\mamba2\mamba2\crew\day_trader.py", line 90, in run
    await self.run_strategy(symbol)
          │    │            └ 'EURUSD'
          │    └ <function DayTrader.run_strategy at 0x000002397F9857E0>
          └ <mamba2.crew.day_trader.DayTrader object at 0x000002397F971540>

> File "e:\mamba2\mamba2\crew\day_trader.py", line 61, in run_strategy
    await self.strategies[symbol].evaluate(market_context)
          │    │          │                └ {'broker': <mamba2.broker.mt5_broker.MT5Broker object at 0x000002397F973880>, 'rate_fetcher': <RatesFetcher(RateFetcherThread...
          │    │          └ 'EURUSD'
          │    └ {'EURUSD': <mamba2.strategy.triple_cross.StochasticTripleTFStrategy object at 0x000002397F9715D0>, 'EURJPY': <mamba2.strategy...
          └ <mamba2.crew.day_trader.DayTrader object at 0x000002397F971540>

  File "e:\mamba2\mamba2\strategy\triple_cross.py", line 266, in evaluate
    current_rsi = rsi.iloc[-1]
                  └ np.float64(43.27155012323522)

AttributeError: 'numpy.float64' object has no attribute 'iloc'
2025-06-20 15:31:17.650 | ERROR    | mamba2.crew.day_trader:run_strategy:69 - Error evaluating GBPUSD: 'numpy.float64' object has no attribute 'iloc'
2025-06-20 15:31:17.650 | DEBUG    | mamba2.crew.day_trader:run_strategy:70 - Full error details
Traceback (most recent call last):

  File "e:\mamba2\main.py", line 237, in <module>
    asyncio.run(main())
    │       │   └ <function main at 0x000002397F985D80>
    │       └ <function run at 0x00000239756B7BE0>
    └ <module 'asyncio' from 'C:\\Users\\USER\\AppData\\Roaming\\uv\\python\\cpython-3.10.17-windows-x86_64-none\\lib\\asyncio\\__i...

  File "C:\Users\USER\AppData\Roaming\uv\python\cpython-3.10.17-windows-x86_64-none\lib\asyncio\runners.py", line 44, in run
    return loop.run_until_complete(main)
           │    │                  └ <coroutine object main at 0x000002397D782B20>
           │    └ <function BaseEventLoop.run_until_complete at 0x00000239756B9630>
           └ <ProactorEventLoop running=True closed=False debug=False>

  File "C:\Users\USER\AppData\Roaming\uv\python\cpython-3.10.17-windows-x86_64-none\lib\asyncio\base_events.py", line 636, in run_until_complete
    self.run_forever()
    │    └ <function ProactorEventLoop.run_forever at 0x0000023975770670>
    └ <ProactorEventLoop running=True closed=False debug=False>

  File "C:\Users\USER\AppData\Roaming\uv\python\cpython-3.10.17-windows-x86_64-none\lib\asyncio\windows_events.py", line 321, in run_forever
    super().run_forever()

  File "C:\Users\USER\AppData\Roaming\uv\python\cpython-3.10.17-windows-x86_64-none\lib\asyncio\base_events.py", line 603, in run_forever
    self._run_once()
    │    └ <function BaseEventLoop._run_once at 0x00000239756BB0A0>
    └ <ProactorEventLoop running=True closed=False debug=False>

  File "C:\Users\USER\AppData\Roaming\uv\python\cpython-3.10.17-windows-x86_64-none\lib\asyncio\base_events.py", line 1909, in _run_once
    handle._run()
    │      └ <function Handle._run at 0x00000239756228C0>
    └ <Handle Task.task_wakeup(<Future finished result=None>)>

  File "C:\Users\USER\AppData\Roaming\uv\python\cpython-3.10.17-windows-x86_64-none\lib\asyncio\events.py", line 80, in _run
    self._context.run(self._callback, *self._args)
    │    │            │    │           │    └ <member '_args' of 'Handle' objects>
    │    │            │    │           └ <Handle Task.task_wakeup(<Future finished result=None>)>
    │    │            │    └ <member '_callback' of 'Handle' objects>
    │    │            └ <Handle Task.task_wakeup(<Future finished result=None>)>
    │    └ <member '_context' of 'Handle' objects>
    └ <Handle Task.task_wakeup(<Future finished result=None>)>

  File "e:\mamba2\mamba2\crew\day_trader.py", line 90, in run
    await self.run_strategy(symbol)
          │    │            └ 'GBPUSD'
          │    └ <function DayTrader.run_strategy at 0x000002397F9857E0>
          └ <mamba2.crew.day_trader.DayTrader object at 0x000002397F971540>

> File "e:\mamba2\mamba2\crew\day_trader.py", line 61, in run_strategy
    await self.strategies[symbol].evaluate(market_context)
          │    │          │                └ {'broker': <mamba2.broker.mt5_broker.MT5Broker object at 0x000002397F973880>, 'rate_fetcher': <RatesFetcher(RateFetcherThread...
          │    │          └ 'GBPUSD'
          │    └ {'EURUSD': <mamba2.strategy.triple_cross.StochasticTripleTFStrategy object at 0x000002397F9715D0>, 'EURJPY': <mamba2.strategy...
          └ <mamba2.crew.day_trader.DayTrader object at 0x000002397F971540>

  File "e:\mamba2\mamba2\strategy\triple_cross.py", line 266, in evaluate
    current_rsi = rsi.iloc[-1]
                  └ np.float64(49.3302110678587)

AttributeError: 'numpy.float64' object has no attribute 'iloc'
2025-06-20 15:31:47.769 | ERROR    | mamba2.crew.day_trader:run_strategy:69 - Error evaluating EURUSD: 'numpy.float64' object has no attribute 'iloc'
2025-06-20 15:31:47.769 | DEBUG    | mamba2.crew.day_trader:run_strategy:70 - Full error details
Traceback (most recent call last):

  File "e:\mamba2\main.py", line 237, in <module>
    asyncio.run(main())
    │       │   └ <function main at 0x000002397F985D80>
    │       └ <function run at 0x00000239756B7BE0>
    └ <module 'asyncio' from 'C:\\Users\\USER\\AppData\\Roaming\\uv\\python\\cpython-3.10.17-windows-x86_64-none\\lib\\asyncio\\__i...

  File "C:\Users\USER\AppData\Roaming\uv\python\cpython-3.10.17-windows-x86_64-none\lib\asyncio\runners.py", line 44, in run
    return loop.run_until_complete(main)
           │    │                  └ <coroutine object main at 0x000002397D782B20>
           │    └ <function BaseEventLoop.run_until_complete at 0x00000239756B9630>
           └ <ProactorEventLoop running=True closed=False debug=False>

  File "C:\Users\USER\AppData\Roaming\uv\python\cpython-3.10.17-windows-x86_64-none\lib\asyncio\base_events.py", line 636, in run_until_complete
    self.run_forever()
    │    └ <function ProactorEventLoop.run_forever at 0x0000023975770670>
    └ <ProactorEventLoop running=True closed=False debug=False>

  File "C:\Users\USER\AppData\Roaming\uv\python\cpython-3.10.17-windows-x86_64-none\lib\asyncio\windows_events.py", line 321, in run_forever
    super().run_forever()

  File "C:\Users\USER\AppData\Roaming\uv\python\cpython-3.10.17-windows-x86_64-none\lib\asyncio\base_events.py", line 603, in run_forever
    self._run_once()
    │    └ <function BaseEventLoop._run_once at 0x00000239756BB0A0>
    └ <ProactorEventLoop running=True closed=False debug=False>

  File "C:\Users\USER\AppData\Roaming\uv\python\cpython-3.10.17-windows-x86_64-none\lib\asyncio\base_events.py", line 1909, in _run_once
    handle._run()
    │      └ <function Handle._run at 0x00000239756228C0>
    └ <Handle Task.task_wakeup(<Future finished result=None>)>

  File "C:\Users\USER\AppData\Roaming\uv\python\cpython-3.10.17-windows-x86_64-none\lib\asyncio\events.py", line 80, in _run
    self._context.run(self._callback, *self._args)
    │    │            │    │           │    └ <member '_args' of 'Handle' objects>
    │    │            │    │           └ <Handle Task.task_wakeup(<Future finished result=None>)>
    │    │            │    └ <member '_callback' of 'Handle' objects>
    │    │            └ <Handle Task.task_wakeup(<Future finished result=None>)>
    │    └ <member '_context' of 'Handle' objects>
    └ <Handle Task.task_wakeup(<Future finished result=None>)>

  File "e:\mamba2\mamba2\crew\day_trader.py", line 90, in run
    await self.run_strategy(symbol)
          │    │            └ 'EURUSD'
          │    └ <function DayTrader.run_strategy at 0x000002397F9857E0>
          └ <mamba2.crew.day_trader.DayTrader object at 0x000002397F971540>

> File "e:\mamba2\mamba2\crew\day_trader.py", line 61, in run_strategy
    await self.strategies[symbol].evaluate(market_context)
          │    │          │                └ {'broker': <mamba2.broker.mt5_broker.MT5Broker object at 0x000002397F973880>, 'rate_fetcher': <RatesFetcher(RateFetcherThread...
          │    │          └ 'EURUSD'
          │    └ {'EURUSD': <mamba2.strategy.triple_cross.StochasticTripleTFStrategy object at 0x000002397F9715D0>, 'EURJPY': <mamba2.strategy...
          └ <mamba2.crew.day_trader.DayTrader object at 0x000002397F971540>

  File "e:\mamba2\mamba2\strategy\triple_cross.py", line 266, in evaluate
    current_rsi = rsi.iloc[-1]
                  └ np.float64(43.27155012323522)

AttributeError: 'numpy.float64' object has no attribute 'iloc'
2025-06-20 15:31:47.832 | ERROR    | mamba2.crew.day_trader:run_strategy:69 - Error evaluating GBPUSD: 'numpy.float64' object has no attribute 'iloc'
2025-06-20 15:31:47.833 | DEBUG    | mamba2.crew.day_trader:run_strategy:70 - Full error details
Traceback (most recent call last):

  File "e:\mamba2\main.py", line 237, in <module>
    asyncio.run(main())
    │       │   └ <function main at 0x000002397F985D80>
    │       └ <function run at 0x00000239756B7BE0>
    └ <module 'asyncio' from 'C:\\Users\\USER\\AppData\\Roaming\\uv\\python\\cpython-3.10.17-windows-x86_64-none\\lib\\asyncio\\__i...

  File "C:\Users\USER\AppData\Roaming\uv\python\cpython-3.10.17-windows-x86_64-none\lib\asyncio\runners.py", line 44, in run
    return loop.run_until_complete(main)
           │    │                  └ <coroutine object main at 0x000002397D782B20>
           │    └ <function BaseEventLoop.run_until_complete at 0x00000239756B9630>
           └ <ProactorEventLoop running=True closed=False debug=False>

  File "C:\Users\USER\AppData\Roaming\uv\python\cpython-3.10.17-windows-x86_64-none\lib\asyncio\base_events.py", line 636, in run_until_complete
    self.run_forever()
    │    └ <function ProactorEventLoop.run_forever at 0x0000023975770670>
    └ <ProactorEventLoop running=True closed=False debug=False>

  File "C:\Users\USER\AppData\Roaming\uv\python\cpython-3.10.17-windows-x86_64-none\lib\asyncio\windows_events.py", line 321, in run_forever
    super().run_forever()

  File "C:\Users\USER\AppData\Roaming\uv\python\cpython-3.10.17-windows-x86_64-none\lib\asyncio\base_events.py", line 603, in run_forever
    self._run_once()
    │    └ <function BaseEventLoop._run_once at 0x00000239756BB0A0>
    └ <ProactorEventLoop running=True closed=False debug=False>

  File "C:\Users\USER\AppData\Roaming\uv\python\cpython-3.10.17-windows-x86_64-none\lib\asyncio\base_events.py", line 1909, in _run_once
    handle._run()
    │      └ <function Handle._run at 0x00000239756228C0>
    └ <Handle Task.task_wakeup(<Future finished result=None>)>

  File "C:\Users\USER\AppData\Roaming\uv\python\cpython-3.10.17-windows-x86_64-none\lib\asyncio\events.py", line 80, in _run
    self._context.run(self._callback, *self._args)
    │    │            │    │           │    └ <member '_args' of 'Handle' objects>
    │    │            │    │           └ <Handle Task.task_wakeup(<Future finished result=None>)>
    │    │            │    └ <member '_callback' of 'Handle' objects>
    │    │            └ <Handle Task.task_wakeup(<Future finished result=None>)>
    │    └ <member '_context' of 'Handle' objects>
    └ <Handle Task.task_wakeup(<Future finished result=None>)>

  File "e:\mamba2\mamba2\crew\day_trader.py", line 90, in run
    await self.run_strategy(symbol)
          │    │            └ 'GBPUSD'
          │    └ <function DayTrader.run_strategy at 0x000002397F9857E0>
          └ <mamba2.crew.day_trader.DayTrader object at 0x000002397F971540>

> File "e:\mamba2\mamba2\crew\day_trader.py", line 61, in run_strategy
    await self.strategies[symbol].evaluate(market_context)
          │    │          │                └ {'broker': <mamba2.broker.mt5_broker.MT5Broker object at 0x000002397F973880>, 'rate_fetcher': <RatesFetcher(RateFetcherThread...
          │    │          └ 'GBPUSD'
          │    └ {'EURUSD': <mamba2.strategy.triple_cross.StochasticTripleTFStrategy object at 0x000002397F9715D0>, 'EURJPY': <mamba2.strategy...
          └ <mamba2.crew.day_trader.DayTrader object at 0x000002397F971540>

  File "e:\mamba2\mamba2\strategy\triple_cross.py", line 266, in evaluate
    current_rsi = rsi.iloc[-1]
                  └ np.float64(49.3302110678587)

AttributeError: 'numpy.float64' object has no attribute 'iloc'
2025-06-20 15:32:17.989 | ERROR    | mamba2.crew.day_trader:run_strategy:69 - Error evaluating EURUSD: 'numpy.float64' object has no attribute 'iloc'
2025-06-20 15:32:17.989 | DEBUG    | mamba2.crew.day_trader:run_strategy:70 - Full error details
Traceback (most recent call last):

  File "e:\mamba2\main.py", line 237, in <module>
    asyncio.run(main())
    │       │   └ <function main at 0x000002397F985D80>
    │       └ <function run at 0x00000239756B7BE0>
    └ <module 'asyncio' from 'C:\\Users\\USER\\AppData\\Roaming\\uv\\python\\cpython-3.10.17-windows-x86_64-none\\lib\\asyncio\\__i...

  File "C:\Users\USER\AppData\Roaming\uv\python\cpython-3.10.17-windows-x86_64-none\lib\asyncio\runners.py", line 44, in run
    return loop.run_until_complete(main)
           │    │                  └ <coroutine object main at 0x000002397D782B20>
           │    └ <function BaseEventLoop.run_until_complete at 0x00000239756B9630>
           └ <ProactorEventLoop running=True closed=False debug=False>

  File "C:\Users\USER\AppData\Roaming\uv\python\cpython-3.10.17-windows-x86_64-none\lib\asyncio\base_events.py", line 636, in run_until_complete
    self.run_forever()
    │    └ <function ProactorEventLoop.run_forever at 0x0000023975770670>
    └ <ProactorEventLoop running=True closed=False debug=False>

  File "C:\Users\USER\AppData\Roaming\uv\python\cpython-3.10.17-windows-x86_64-none\lib\asyncio\windows_events.py", line 321, in run_forever
    super().run_forever()

  File "C:\Users\USER\AppData\Roaming\uv\python\cpython-3.10.17-windows-x86_64-none\lib\asyncio\base_events.py", line 603, in run_forever
    self._run_once()
    │    └ <function BaseEventLoop._run_once at 0x00000239756BB0A0>
    └ <ProactorEventLoop running=True closed=False debug=False>

  File "C:\Users\USER\AppData\Roaming\uv\python\cpython-3.10.17-windows-x86_64-none\lib\asyncio\base_events.py", line 1909, in _run_once
    handle._run()
    │      └ <function Handle._run at 0x00000239756228C0>
    └ <Handle Task.task_wakeup(<Future finished result=None>)>

  File "C:\Users\USER\AppData\Roaming\uv\python\cpython-3.10.17-windows-x86_64-none\lib\asyncio\events.py", line 80, in _run
    self._context.run(self._callback, *self._args)
    │    │            │    │           │    └ <member '_args' of 'Handle' objects>
    │    │            │    │           └ <Handle Task.task_wakeup(<Future finished result=None>)>
    │    │            │    └ <member '_callback' of 'Handle' objects>
    │    │            └ <Handle Task.task_wakeup(<Future finished result=None>)>
    │    └ <member '_context' of 'Handle' objects>
    └ <Handle Task.task_wakeup(<Future finished result=None>)>

  File "e:\mamba2\mamba2\crew\day_trader.py", line 90, in run
    await self.run_strategy(symbol)
          │    │            └ 'EURUSD'
          │    └ <function DayTrader.run_strategy at 0x000002397F9857E0>
          └ <mamba2.crew.day_trader.DayTrader object at 0x000002397F971540>

> File "e:\mamba2\mamba2\crew\day_trader.py", line 61, in run_strategy
    await self.strategies[symbol].evaluate(market_context)
          │    │          │                └ {'broker': <mamba2.broker.mt5_broker.MT5Broker object at 0x000002397F973880>, 'rate_fetcher': <RatesFetcher(RateFetcherThread...
          │    │          └ 'EURUSD'
          │    └ {'EURUSD': <mamba2.strategy.triple_cross.StochasticTripleTFStrategy object at 0x000002397F9715D0>, 'EURJPY': <mamba2.strategy...
          └ <mamba2.crew.day_trader.DayTrader object at 0x000002397F971540>

  File "e:\mamba2\mamba2\strategy\triple_cross.py", line 266, in evaluate
    current_rsi = rsi.iloc[-1]
                  └ np.float64(43.27155012323522)

AttributeError: 'numpy.float64' object has no attribute 'iloc'
2025-06-20 15:32:18.086 | ERROR    | mamba2.crew.day_trader:run_strategy:69 - Error evaluating GBPUSD: 'numpy.float64' object has no attribute 'iloc'
2025-06-20 15:32:18.086 | DEBUG    | mamba2.crew.day_trader:run_strategy:70 - Full error details
Traceback (most recent call last):

  File "e:\mamba2\main.py", line 237, in <module>
    asyncio.run(main())
    │       │   └ <function main at 0x000002397F985D80>
    │       └ <function run at 0x00000239756B7BE0>
    └ <module 'asyncio' from 'C:\\Users\\USER\\AppData\\Roaming\\uv\\python\\cpython-3.10.17-windows-x86_64-none\\lib\\asyncio\\__i...

  File "C:\Users\USER\AppData\Roaming\uv\python\cpython-3.10.17-windows-x86_64-none\lib\asyncio\runners.py", line 44, in run
    return loop.run_until_complete(main)
           │    │                  └ <coroutine object main at 0x000002397D782B20>
           │    └ <function BaseEventLoop.run_until_complete at 0x00000239756B9630>
           └ <ProactorEventLoop running=True closed=False debug=False>

  File "C:\Users\USER\AppData\Roaming\uv\python\cpython-3.10.17-windows-x86_64-none\lib\asyncio\base_events.py", line 636, in run_until_complete
    self.run_forever()
    │    └ <function ProactorEventLoop.run_forever at 0x0000023975770670>
    └ <ProactorEventLoop running=True closed=False debug=False>

  File "C:\Users\USER\AppData\Roaming\uv\python\cpython-3.10.17-windows-x86_64-none\lib\asyncio\windows_events.py", line 321, in run_forever
    super().run_forever()

  File "C:\Users\USER\AppData\Roaming\uv\python\cpython-3.10.17-windows-x86_64-none\lib\asyncio\base_events.py", line 603, in run_forever
    self._run_once()
    │    └ <function BaseEventLoop._run_once at 0x00000239756BB0A0>
    └ <ProactorEventLoop running=True closed=False debug=False>

  File "C:\Users\USER\AppData\Roaming\uv\python\cpython-3.10.17-windows-x86_64-none\lib\asyncio\base_events.py", line 1909, in _run_once
    handle._run()
    │      └ <function Handle._run at 0x00000239756228C0>
    └ <Handle Task.task_wakeup(<Future finished result=None>)>

  File "C:\Users\USER\AppData\Roaming\uv\python\cpython-3.10.17-windows-x86_64-none\lib\asyncio\events.py", line 80, in _run
    self._context.run(self._callback, *self._args)
    │    │            │    │           │    └ <member '_args' of 'Handle' objects>
    │    │            │    │           └ <Handle Task.task_wakeup(<Future finished result=None>)>
    │    │            │    └ <member '_callback' of 'Handle' objects>
    │    │            └ <Handle Task.task_wakeup(<Future finished result=None>)>
    │    └ <member '_context' of 'Handle' objects>
    └ <Handle Task.task_wakeup(<Future finished result=None>)>

  File "e:\mamba2\mamba2\crew\day_trader.py", line 90, in run
    await self.run_strategy(symbol)
          │    │            └ 'GBPUSD'
          │    └ <function DayTrader.run_strategy at 0x000002397F9857E0>
          └ <mamba2.crew.day_trader.DayTrader object at 0x000002397F971540>

> File "e:\mamba2\mamba2\crew\day_trader.py", line 61, in run_strategy
    await self.strategies[symbol].evaluate(market_context)
          │    │          │                └ {'broker': <mamba2.broker.mt5_broker.MT5Broker object at 0x000002397F973880>, 'rate_fetcher': <RatesFetcher(RateFetcherThread...
          │    │          └ 'GBPUSD'
          │    └ {'EURUSD': <mamba2.strategy.triple_cross.StochasticTripleTFStrategy object at 0x000002397F9715D0>, 'EURJPY': <mamba2.strategy...
          └ <mamba2.crew.day_trader.DayTrader object at 0x000002397F971540>

  File "e:\mamba2\mamba2\strategy\triple_cross.py", line 266, in evaluate
    current_rsi = rsi.iloc[-1]
                  └ np.float64(49.3302110678587)

AttributeError: 'numpy.float64' object has no attribute 'iloc'
2025-06-20 15:32:48.186 | ERROR    | mamba2.crew.day_trader:run_strategy:69 - Error evaluating EURUSD: 'numpy.float64' object has no attribute 'iloc'
2025-06-20 15:32:48.189 | DEBUG    | mamba2.crew.day_trader:run_strategy:70 - Full error details
Traceback (most recent call last):

  File "e:\mamba2\main.py", line 237, in <module>
    asyncio.run(main())
    │       │   └ <function main at 0x000002397F985D80>
    │       └ <function run at 0x00000239756B7BE0>
    └ <module 'asyncio' from 'C:\\Users\\USER\\AppData\\Roaming\\uv\\python\\cpython-3.10.17-windows-x86_64-none\\lib\\asyncio\\__i...

  File "C:\Users\USER\AppData\Roaming\uv\python\cpython-3.10.17-windows-x86_64-none\lib\asyncio\runners.py", line 44, in run
    return loop.run_until_complete(main)
           │    │                  └ <coroutine object main at 0x000002397D782B20>
           │    └ <function BaseEventLoop.run_until_complete at 0x00000239756B9630>
           └ <ProactorEventLoop running=True closed=False debug=False>

  File "C:\Users\USER\AppData\Roaming\uv\python\cpython-3.10.17-windows-x86_64-none\lib\asyncio\base_events.py", line 636, in run_until_complete
    self.run_forever()
    │    └ <function ProactorEventLoop.run_forever at 0x0000023975770670>
    └ <ProactorEventLoop running=True closed=False debug=False>

  File "C:\Users\USER\AppData\Roaming\uv\python\cpython-3.10.17-windows-x86_64-none\lib\asyncio\windows_events.py", line 321, in run_forever
    super().run_forever()

  File "C:\Users\USER\AppData\Roaming\uv\python\cpython-3.10.17-windows-x86_64-none\lib\asyncio\base_events.py", line 603, in run_forever
    self._run_once()
    │    └ <function BaseEventLoop._run_once at 0x00000239756BB0A0>
    └ <ProactorEventLoop running=True closed=False debug=False>

  File "C:\Users\USER\AppData\Roaming\uv\python\cpython-3.10.17-windows-x86_64-none\lib\asyncio\base_events.py", line 1909, in _run_once
    handle._run()
    │      └ <function Handle._run at 0x00000239756228C0>
    └ <Handle Task.task_wakeup(<Future finished result=None>)>

  File "C:\Users\USER\AppData\Roaming\uv\python\cpython-3.10.17-windows-x86_64-none\lib\asyncio\events.py", line 80, in _run
    self._context.run(self._callback, *self._args)
    │    │            │    │           │    └ <member '_args' of 'Handle' objects>
    │    │            │    │           └ <Handle Task.task_wakeup(<Future finished result=None>)>
    │    │            │    └ <member '_callback' of 'Handle' objects>
    │    │            └ <Handle Task.task_wakeup(<Future finished result=None>)>
    │    └ <member '_context' of 'Handle' objects>
    └ <Handle Task.task_wakeup(<Future finished result=None>)>

  File "e:\mamba2\mamba2\crew\day_trader.py", line 90, in run
    await self.run_strategy(symbol)
          │    │            └ 'EURUSD'
          │    └ <function DayTrader.run_strategy at 0x000002397F9857E0>
          └ <mamba2.crew.day_trader.DayTrader object at 0x000002397F971540>

> File "e:\mamba2\mamba2\crew\day_trader.py", line 61, in run_strategy
    await self.strategies[symbol].evaluate(market_context)
          │    │          │                └ {'broker': <mamba2.broker.mt5_broker.MT5Broker object at 0x000002397F973880>, 'rate_fetcher': <RatesFetcher(RateFetcherThread...
          │    │          └ 'EURUSD'
          │    └ {'EURUSD': <mamba2.strategy.triple_cross.StochasticTripleTFStrategy object at 0x000002397F9715D0>, 'EURJPY': <mamba2.strategy...
          └ <mamba2.crew.day_trader.DayTrader object at 0x000002397F971540>

  File "e:\mamba2\mamba2\strategy\triple_cross.py", line 266, in evaluate
    current_rsi = rsi.iloc[-1]
                  └ np.float64(43.27155012323522)

AttributeError: 'numpy.float64' object has no attribute 'iloc'
2025-06-20 15:32:48.248 | ERROR    | mamba2.crew.day_trader:run_strategy:69 - Error evaluating GBPUSD: 'numpy.float64' object has no attribute 'iloc'
2025-06-20 15:32:48.248 | DEBUG    | mamba2.crew.day_trader:run_strategy:70 - Full error details
Traceback (most recent call last):

  File "e:\mamba2\main.py", line 237, in <module>
    asyncio.run(main())
    │       │   └ <function main at 0x000002397F985D80>
    │       └ <function run at 0x00000239756B7BE0>
    └ <module 'asyncio' from 'C:\\Users\\USER\\AppData\\Roaming\\uv\\python\\cpython-3.10.17-windows-x86_64-none\\lib\\asyncio\\__i...

  File "C:\Users\USER\AppData\Roaming\uv\python\cpython-3.10.17-windows-x86_64-none\lib\asyncio\runners.py", line 44, in run
    return loop.run_until_complete(main)
           │    │                  └ <coroutine object main at 0x000002397D782B20>
           │    └ <function BaseEventLoop.run_until_complete at 0x00000239756B9630>
           └ <ProactorEventLoop running=True closed=False debug=False>

  File "C:\Users\USER\AppData\Roaming\uv\python\cpython-3.10.17-windows-x86_64-none\lib\asyncio\base_events.py", line 636, in run_until_complete
    self.run_forever()
    │    └ <function ProactorEventLoop.run_forever at 0x0000023975770670>
    └ <ProactorEventLoop running=True closed=False debug=False>

  File "C:\Users\USER\AppData\Roaming\uv\python\cpython-3.10.17-windows-x86_64-none\lib\asyncio\windows_events.py", line 321, in run_forever
    super().run_forever()

  File "C:\Users\USER\AppData\Roaming\uv\python\cpython-3.10.17-windows-x86_64-none\lib\asyncio\base_events.py", line 603, in run_forever
    self._run_once()
    │    └ <function BaseEventLoop._run_once at 0x00000239756BB0A0>
    └ <ProactorEventLoop running=True closed=False debug=False>

  File "C:\Users\USER\AppData\Roaming\uv\python\cpython-3.10.17-windows-x86_64-none\lib\asyncio\base_events.py", line 1909, in _run_once
    handle._run()
    │      └ <function Handle._run at 0x00000239756228C0>
    └ <Handle Task.task_wakeup(<Future finished result=None>)>

  File "C:\Users\USER\AppData\Roaming\uv\python\cpython-3.10.17-windows-x86_64-none\lib\asyncio\events.py", line 80, in _run
    self._context.run(self._callback, *self._args)
    │    │            │    │           │    └ <member '_args' of 'Handle' objects>
    │    │            │    │           └ <Handle Task.task_wakeup(<Future finished result=None>)>
    │    │            │    └ <member '_callback' of 'Handle' objects>
    │    │            └ <Handle Task.task_wakeup(<Future finished result=None>)>
    │    └ <member '_context' of 'Handle' objects>
    └ <Handle Task.task_wakeup(<Future finished result=None>)>

  File "e:\mamba2\mamba2\crew\day_trader.py", line 90, in run
    await self.run_strategy(symbol)
          │    │            └ 'GBPUSD'
          │    └ <function DayTrader.run_strategy at 0x000002397F9857E0>
          └ <mamba2.crew.day_trader.DayTrader object at 0x000002397F971540>

> File "e:\mamba2\mamba2\crew\day_trader.py", line 61, in run_strategy
    await self.strategies[symbol].evaluate(market_context)
          │    │          │                └ {'broker': <mamba2.broker.mt5_broker.MT5Broker object at 0x000002397F973880>, 'rate_fetcher': <RatesFetcher(RateFetcherThread...
          │    │          └ 'GBPUSD'
          │    └ {'EURUSD': <mamba2.strategy.triple_cross.StochasticTripleTFStrategy object at 0x000002397F9715D0>, 'EURJPY': <mamba2.strategy...
          └ <mamba2.crew.day_trader.DayTrader object at 0x000002397F971540>

  File "e:\mamba2\mamba2\strategy\triple_cross.py", line 266, in evaluate
    current_rsi = rsi.iloc[-1]
                  └ np.float64(49.3302110678587)

AttributeError: 'numpy.float64' object has no attribute 'iloc'
2025-06-20 15:33:18.359 | ERROR    | mamba2.crew.day_trader:run_strategy:69 - Error evaluating EURUSD: 'numpy.float64' object has no attribute 'iloc'
2025-06-20 15:33:18.359 | DEBUG    | mamba2.crew.day_trader:run_strategy:70 - Full error details
Traceback (most recent call last):

  File "e:\mamba2\main.py", line 237, in <module>
    asyncio.run(main())
    │       │   └ <function main at 0x000002397F985D80>
    │       └ <function run at 0x00000239756B7BE0>
    └ <module 'asyncio' from 'C:\\Users\\USER\\AppData\\Roaming\\uv\\python\\cpython-3.10.17-windows-x86_64-none\\lib\\asyncio\\__i...

  File "C:\Users\USER\AppData\Roaming\uv\python\cpython-3.10.17-windows-x86_64-none\lib\asyncio\runners.py", line 44, in run
    return loop.run_until_complete(main)
           │    │                  └ <coroutine object main at 0x000002397D782B20>
           │    └ <function BaseEventLoop.run_until_complete at 0x00000239756B9630>
           └ <ProactorEventLoop running=True closed=False debug=False>

  File "C:\Users\USER\AppData\Roaming\uv\python\cpython-3.10.17-windows-x86_64-none\lib\asyncio\base_events.py", line 636, in run_until_complete
    self.run_forever()
    │    └ <function ProactorEventLoop.run_forever at 0x0000023975770670>
    └ <ProactorEventLoop running=True closed=False debug=False>

  File "C:\Users\USER\AppData\Roaming\uv\python\cpython-3.10.17-windows-x86_64-none\lib\asyncio\windows_events.py", line 321, in run_forever
    super().run_forever()

  File "C:\Users\USER\AppData\Roaming\uv\python\cpython-3.10.17-windows-x86_64-none\lib\asyncio\base_events.py", line 603, in run_forever
    self._run_once()
    │    └ <function BaseEventLoop._run_once at 0x00000239756BB0A0>
    └ <ProactorEventLoop running=True closed=False debug=False>

  File "C:\Users\USER\AppData\Roaming\uv\python\cpython-3.10.17-windows-x86_64-none\lib\asyncio\base_events.py", line 1909, in _run_once
    handle._run()
    │      └ <function Handle._run at 0x00000239756228C0>
    └ <Handle Task.task_wakeup(<Future finished result=None>)>

  File "C:\Users\USER\AppData\Roaming\uv\python\cpython-3.10.17-windows-x86_64-none\lib\asyncio\events.py", line 80, in _run
    self._context.run(self._callback, *self._args)
    │    │            │    │           │    └ <member '_args' of 'Handle' objects>
    │    │            │    │           └ <Handle Task.task_wakeup(<Future finished result=None>)>
    │    │            │    └ <member '_callback' of 'Handle' objects>
    │    │            └ <Handle Task.task_wakeup(<Future finished result=None>)>
    │    └ <member '_context' of 'Handle' objects>
    └ <Handle Task.task_wakeup(<Future finished result=None>)>

  File "e:\mamba2\mamba2\crew\day_trader.py", line 90, in run
    await self.run_strategy(symbol)
          │    │            └ 'EURUSD'
          │    └ <function DayTrader.run_strategy at 0x000002397F9857E0>
          └ <mamba2.crew.day_trader.DayTrader object at 0x000002397F971540>

> File "e:\mamba2\mamba2\crew\day_trader.py", line 61, in run_strategy
    await self.strategies[symbol].evaluate(market_context)
          │    │          │                └ {'broker': <mamba2.broker.mt5_broker.MT5Broker object at 0x000002397F973880>, 'rate_fetcher': <RatesFetcher(RateFetcherThread...
          │    │          └ 'EURUSD'
          │    └ {'EURUSD': <mamba2.strategy.triple_cross.StochasticTripleTFStrategy object at 0x000002397F9715D0>, 'EURJPY': <mamba2.strategy...
          └ <mamba2.crew.day_trader.DayTrader object at 0x000002397F971540>

  File "e:\mamba2\mamba2\strategy\triple_cross.py", line 266, in evaluate
    current_rsi = rsi.iloc[-1]
                  └ np.float64(43.27155012323522)

AttributeError: 'numpy.float64' object has no attribute 'iloc'
2025-06-20 15:33:18.425 | ERROR    | mamba2.crew.day_trader:run_strategy:69 - Error evaluating GBPUSD: 'numpy.float64' object has no attribute 'iloc'
2025-06-20 15:33:18.425 | DEBUG    | mamba2.crew.day_trader:run_strategy:70 - Full error details
Traceback (most recent call last):

  File "e:\mamba2\main.py", line 237, in <module>
    asyncio.run(main())
    │       │   └ <function main at 0x000002397F985D80>
    │       └ <function run at 0x00000239756B7BE0>
    └ <module 'asyncio' from 'C:\\Users\\USER\\AppData\\Roaming\\uv\\python\\cpython-3.10.17-windows-x86_64-none\\lib\\asyncio\\__i...

  File "C:\Users\USER\AppData\Roaming\uv\python\cpython-3.10.17-windows-x86_64-none\lib\asyncio\runners.py", line 44, in run
    return loop.run_until_complete(main)
           │    │                  └ <coroutine object main at 0x000002397D782B20>
           │    └ <function BaseEventLoop.run_until_complete at 0x00000239756B9630>
           └ <ProactorEventLoop running=True closed=False debug=False>

  File "C:\Users\USER\AppData\Roaming\uv\python\cpython-3.10.17-windows-x86_64-none\lib\asyncio\base_events.py", line 636, in run_until_complete
    self.run_forever()
    │    └ <function ProactorEventLoop.run_forever at 0x0000023975770670>
    └ <ProactorEventLoop running=True closed=False debug=False>

  File "C:\Users\USER\AppData\Roaming\uv\python\cpython-3.10.17-windows-x86_64-none\lib\asyncio\windows_events.py", line 321, in run_forever
    super().run_forever()

  File "C:\Users\USER\AppData\Roaming\uv\python\cpython-3.10.17-windows-x86_64-none\lib\asyncio\base_events.py", line 603, in run_forever
    self._run_once()
    │    └ <function BaseEventLoop._run_once at 0x00000239756BB0A0>
    └ <ProactorEventLoop running=True closed=False debug=False>

  File "C:\Users\USER\AppData\Roaming\uv\python\cpython-3.10.17-windows-x86_64-none\lib\asyncio\base_events.py", line 1909, in _run_once
    handle._run()
    │      └ <function Handle._run at 0x00000239756228C0>
    └ <Handle Task.task_wakeup(<Future finished result=None>)>

  File "C:\Users\USER\AppData\Roaming\uv\python\cpython-3.10.17-windows-x86_64-none\lib\asyncio\events.py", line 80, in _run
    self._context.run(self._callback, *self._args)
    │    │            │    │           │    └ <member '_args' of 'Handle' objects>
    │    │            │    │           └ <Handle Task.task_wakeup(<Future finished result=None>)>
    │    │            │    └ <member '_callback' of 'Handle' objects>
    │    │            └ <Handle Task.task_wakeup(<Future finished result=None>)>
    │    └ <member '_context' of 'Handle' objects>
    └ <Handle Task.task_wakeup(<Future finished result=None>)>

  File "e:\mamba2\mamba2\crew\day_trader.py", line 90, in run
    await self.run_strategy(symbol)
          │    │            └ 'GBPUSD'
          │    └ <function DayTrader.run_strategy at 0x000002397F9857E0>
          └ <mamba2.crew.day_trader.DayTrader object at 0x000002397F971540>

> File "e:\mamba2\mamba2\crew\day_trader.py", line 61, in run_strategy
    await self.strategies[symbol].evaluate(market_context)
          │    │          │                └ {'broker': <mamba2.broker.mt5_broker.MT5Broker object at 0x000002397F973880>, 'rate_fetcher': <RatesFetcher(RateFetcherThread...
          │    │          └ 'GBPUSD'
          │    └ {'EURUSD': <mamba2.strategy.triple_cross.StochasticTripleTFStrategy object at 0x000002397F9715D0>, 'EURJPY': <mamba2.strategy...
          └ <mamba2.crew.day_trader.DayTrader object at 0x000002397F971540>

  File "e:\mamba2\mamba2\strategy\triple_cross.py", line 266, in evaluate
    current_rsi = rsi.iloc[-1]
                  └ np.float64(49.3302110678587)

AttributeError: 'numpy.float64' object has no attribute 'iloc'
2025-06-20 15:33:48.531 | ERROR    | mamba2.crew.day_trader:run_strategy:69 - Error evaluating EURUSD: 'numpy.float64' object has no attribute 'iloc'
2025-06-20 15:33:48.531 | DEBUG    | mamba2.crew.day_trader:run_strategy:70 - Full error details
Traceback (most recent call last):

  File "e:\mamba2\main.py", line 237, in <module>
    asyncio.run(main())
    │       │   └ <function main at 0x000002397F985D80>
    │       └ <function run at 0x00000239756B7BE0>
    └ <module 'asyncio' from 'C:\\Users\\USER\\AppData\\Roaming\\uv\\python\\cpython-3.10.17-windows-x86_64-none\\lib\\asyncio\\__i...

  File "C:\Users\USER\AppData\Roaming\uv\python\cpython-3.10.17-windows-x86_64-none\lib\asyncio\runners.py", line 44, in run
    return loop.run_until_complete(main)
           │    │                  └ <coroutine object main at 0x000002397D782B20>
           │    └ <function BaseEventLoop.run_until_complete at 0x00000239756B9630>
           └ <ProactorEventLoop running=True closed=False debug=False>

  File "C:\Users\USER\AppData\Roaming\uv\python\cpython-3.10.17-windows-x86_64-none\lib\asyncio\base_events.py", line 636, in run_until_complete
    self.run_forever()
    │    └ <function ProactorEventLoop.run_forever at 0x0000023975770670>
    └ <ProactorEventLoop running=True closed=False debug=False>

  File "C:\Users\USER\AppData\Roaming\uv\python\cpython-3.10.17-windows-x86_64-none\lib\asyncio\windows_events.py", line 321, in run_forever
    super().run_forever()

  File "C:\Users\USER\AppData\Roaming\uv\python\cpython-3.10.17-windows-x86_64-none\lib\asyncio\base_events.py", line 603, in run_forever
    self._run_once()
    │    └ <function BaseEventLoop._run_once at 0x00000239756BB0A0>
    └ <ProactorEventLoop running=True closed=False debug=False>

  File "C:\Users\USER\AppData\Roaming\uv\python\cpython-3.10.17-windows-x86_64-none\lib\asyncio\base_events.py", line 1909, in _run_once
    handle._run()
    │      └ <function Handle._run at 0x00000239756228C0>
    └ <Handle Task.task_wakeup(<Future finished result=None>)>

  File "C:\Users\USER\AppData\Roaming\uv\python\cpython-3.10.17-windows-x86_64-none\lib\asyncio\events.py", line 80, in _run
    self._context.run(self._callback, *self._args)
    │    │            │    │           │    └ <member '_args' of 'Handle' objects>
    │    │            │    │           └ <Handle Task.task_wakeup(<Future finished result=None>)>
    │    │            │    └ <member '_callback' of 'Handle' objects>
    │    │            └ <Handle Task.task_wakeup(<Future finished result=None>)>
    │    └ <member '_context' of 'Handle' objects>
    └ <Handle Task.task_wakeup(<Future finished result=None>)>

  File "e:\mamba2\mamba2\crew\day_trader.py", line 90, in run
    await self.run_strategy(symbol)
          │    │            └ 'EURUSD'
          │    └ <function DayTrader.run_strategy at 0x000002397F9857E0>
          └ <mamba2.crew.day_trader.DayTrader object at 0x000002397F971540>

> File "e:\mamba2\mamba2\crew\day_trader.py", line 61, in run_strategy
    await self.strategies[symbol].evaluate(market_context)
          │    │          │                └ {'broker': <mamba2.broker.mt5_broker.MT5Broker object at 0x000002397F973880>, 'rate_fetcher': <RatesFetcher(RateFetcherThread...
          │    │          └ 'EURUSD'
          │    └ {'EURUSD': <mamba2.strategy.triple_cross.StochasticTripleTFStrategy object at 0x000002397F9715D0>, 'EURJPY': <mamba2.strategy...
          └ <mamba2.crew.day_trader.DayTrader object at 0x000002397F971540>

  File "e:\mamba2\mamba2\strategy\triple_cross.py", line 266, in evaluate
    current_rsi = rsi.iloc[-1]
                  └ np.float64(43.27155012323522)

AttributeError: 'numpy.float64' object has no attribute 'iloc'
2025-06-20 15:33:48.589 | ERROR    | mamba2.crew.day_trader:run_strategy:69 - Error evaluating GBPUSD: 'numpy.float64' object has no attribute 'iloc'
2025-06-20 15:33:48.589 | DEBUG    | mamba2.crew.day_trader:run_strategy:70 - Full error details
Traceback (most recent call last):

  File "e:\mamba2\main.py", line 237, in <module>
    asyncio.run(main())
    │       │   └ <function main at 0x000002397F985D80>
    │       └ <function run at 0x00000239756B7BE0>
    └ <module 'asyncio' from 'C:\\Users\\USER\\AppData\\Roaming\\uv\\python\\cpython-3.10.17-windows-x86_64-none\\lib\\asyncio\\__i...

  File "C:\Users\USER\AppData\Roaming\uv\python\cpython-3.10.17-windows-x86_64-none\lib\asyncio\runners.py", line 44, in run
    return loop.run_until_complete(main)
           │    │                  └ <coroutine object main at 0x000002397D782B20>
           │    └ <function BaseEventLoop.run_until_complete at 0x00000239756B9630>
           └ <ProactorEventLoop running=True closed=False debug=False>

  File "C:\Users\USER\AppData\Roaming\uv\python\cpython-3.10.17-windows-x86_64-none\lib\asyncio\base_events.py", line 636, in run_until_complete
    self.run_forever()
    │    └ <function ProactorEventLoop.run_forever at 0x0000023975770670>
    └ <ProactorEventLoop running=True closed=False debug=False>

  File "C:\Users\USER\AppData\Roaming\uv\python\cpython-3.10.17-windows-x86_64-none\lib\asyncio\windows_events.py", line 321, in run_forever
    super().run_forever()

  File "C:\Users\USER\AppData\Roaming\uv\python\cpython-3.10.17-windows-x86_64-none\lib\asyncio\base_events.py", line 603, in run_forever
    self._run_once()
    │    └ <function BaseEventLoop._run_once at 0x00000239756BB0A0>
    └ <ProactorEventLoop running=True closed=False debug=False>

  File "C:\Users\USER\AppData\Roaming\uv\python\cpython-3.10.17-windows-x86_64-none\lib\asyncio\base_events.py", line 1909, in _run_once
    handle._run()
    │      └ <function Handle._run at 0x00000239756228C0>
    └ <Handle Task.task_wakeup(<Future finished result=None>)>

  File "C:\Users\USER\AppData\Roaming\uv\python\cpython-3.10.17-windows-x86_64-none\lib\asyncio\events.py", line 80, in _run
    self._context.run(self._callback, *self._args)
    │    │            │    │           │    └ <member '_args' of 'Handle' objects>
    │    │            │    │           └ <Handle Task.task_wakeup(<Future finished result=None>)>
    │    │            │    └ <member '_callback' of 'Handle' objects>
    │    │            └ <Handle Task.task_wakeup(<Future finished result=None>)>
    │    └ <member '_context' of 'Handle' objects>
    └ <Handle Task.task_wakeup(<Future finished result=None>)>

  File "e:\mamba2\mamba2\crew\day_trader.py", line 90, in run
    await self.run_strategy(symbol)
          │    │            └ 'GBPUSD'
          │    └ <function DayTrader.run_strategy at 0x000002397F9857E0>
          └ <mamba2.crew.day_trader.DayTrader object at 0x000002397F971540>

> File "e:\mamba2\mamba2\crew\day_trader.py", line 61, in run_strategy
    await self.strategies[symbol].evaluate(market_context)
          │    │          │                └ {'broker': <mamba2.broker.mt5_broker.MT5Broker object at 0x000002397F973880>, 'rate_fetcher': <RatesFetcher(RateFetcherThread...
          │    │          └ 'GBPUSD'
          │    └ {'EURUSD': <mamba2.strategy.triple_cross.StochasticTripleTFStrategy object at 0x000002397F9715D0>, 'EURJPY': <mamba2.strategy...
          └ <mamba2.crew.day_trader.DayTrader object at 0x000002397F971540>

  File "e:\mamba2\mamba2\strategy\triple_cross.py", line 266, in evaluate
    current_rsi = rsi.iloc[-1]
                  └ np.float64(49.3302110678587)

AttributeError: 'numpy.float64' object has no attribute 'iloc'
2025-06-20 15:34:18.698 | ERROR    | mamba2.crew.day_trader:run_strategy:69 - Error evaluating EURUSD: 'numpy.float64' object has no attribute 'iloc'
2025-06-20 15:34:18.701 | DEBUG    | mamba2.crew.day_trader:run_strategy:70 - Full error details
Traceback (most recent call last):

  File "e:\mamba2\main.py", line 237, in <module>
    asyncio.run(main())
    │       │   └ <function main at 0x000002397F985D80>
    │       └ <function run at 0x00000239756B7BE0>
    └ <module 'asyncio' from 'C:\\Users\\USER\\AppData\\Roaming\\uv\\python\\cpython-3.10.17-windows-x86_64-none\\lib\\asyncio\\__i...

  File "C:\Users\USER\AppData\Roaming\uv\python\cpython-3.10.17-windows-x86_64-none\lib\asyncio\runners.py", line 44, in run
    return loop.run_until_complete(main)
           │    │                  └ <coroutine object main at 0x000002397D782B20>
           │    └ <function BaseEventLoop.run_until_complete at 0x00000239756B9630>
           └ <ProactorEventLoop running=True closed=False debug=False>

  File "C:\Users\USER\AppData\Roaming\uv\python\cpython-3.10.17-windows-x86_64-none\lib\asyncio\base_events.py", line 636, in run_until_complete
    self.run_forever()
    │    └ <function ProactorEventLoop.run_forever at 0x0000023975770670>
    └ <ProactorEventLoop running=True closed=False debug=False>

  File "C:\Users\USER\AppData\Roaming\uv\python\cpython-3.10.17-windows-x86_64-none\lib\asyncio\windows_events.py", line 321, in run_forever
    super().run_forever()

  File "C:\Users\USER\AppData\Roaming\uv\python\cpython-3.10.17-windows-x86_64-none\lib\asyncio\base_events.py", line 603, in run_forever
    self._run_once()
    │    └ <function BaseEventLoop._run_once at 0x00000239756BB0A0>
    └ <ProactorEventLoop running=True closed=False debug=False>

  File "C:\Users\USER\AppData\Roaming\uv\python\cpython-3.10.17-windows-x86_64-none\lib\asyncio\base_events.py", line 1909, in _run_once
    handle._run()
    │      └ <function Handle._run at 0x00000239756228C0>
    └ <Handle Task.task_wakeup(<Future finished result=None>)>

  File "C:\Users\USER\AppData\Roaming\uv\python\cpython-3.10.17-windows-x86_64-none\lib\asyncio\events.py", line 80, in _run
    self._context.run(self._callback, *self._args)
    │    │            │    │           │    └ <member '_args' of 'Handle' objects>
    │    │            │    │           └ <Handle Task.task_wakeup(<Future finished result=None>)>
    │    │            │    └ <member '_callback' of 'Handle' objects>
    │    │            └ <Handle Task.task_wakeup(<Future finished result=None>)>
    │    └ <member '_context' of 'Handle' objects>
    └ <Handle Task.task_wakeup(<Future finished result=None>)>

  File "e:\mamba2\mamba2\crew\day_trader.py", line 90, in run
    await self.run_strategy(symbol)
          │    │            └ 'EURUSD'
          │    └ <function DayTrader.run_strategy at 0x000002397F9857E0>
          └ <mamba2.crew.day_trader.DayTrader object at 0x000002397F971540>

> File "e:\mamba2\mamba2\crew\day_trader.py", line 61, in run_strategy
    await self.strategies[symbol].evaluate(market_context)
          │    │          │                └ {'broker': <mamba2.broker.mt5_broker.MT5Broker object at 0x000002397F973880>, 'rate_fetcher': <RatesFetcher(RateFetcherThread...
          │    │          └ 'EURUSD'
          │    └ {'EURUSD': <mamba2.strategy.triple_cross.StochasticTripleTFStrategy object at 0x000002397F9715D0>, 'EURJPY': <mamba2.strategy...
          └ <mamba2.crew.day_trader.DayTrader object at 0x000002397F971540>

  File "e:\mamba2\mamba2\strategy\triple_cross.py", line 266, in evaluate
    current_rsi = rsi.iloc[-1]
                  └ np.float64(43.27155012323522)

AttributeError: 'numpy.float64' object has no attribute 'iloc'
2025-06-20 15:34:18.790 | ERROR    | mamba2.crew.day_trader:run_strategy:69 - Error evaluating GBPUSD: 'numpy.float64' object has no attribute 'iloc'
2025-06-20 15:34:18.793 | DEBUG    | mamba2.crew.day_trader:run_strategy:70 - Full error details
Traceback (most recent call last):

  File "e:\mamba2\main.py", line 237, in <module>
    asyncio.run(main())
    │       │   └ <function main at 0x000002397F985D80>
    │       └ <function run at 0x00000239756B7BE0>
    └ <module 'asyncio' from 'C:\\Users\\USER\\AppData\\Roaming\\uv\\python\\cpython-3.10.17-windows-x86_64-none\\lib\\asyncio\\__i...

  File "C:\Users\USER\AppData\Roaming\uv\python\cpython-3.10.17-windows-x86_64-none\lib\asyncio\runners.py", line 44, in run
    return loop.run_until_complete(main)
           │    │                  └ <coroutine object main at 0x000002397D782B20>
           │    └ <function BaseEventLoop.run_until_complete at 0x00000239756B9630>
           └ <ProactorEventLoop running=True closed=False debug=False>

  File "C:\Users\USER\AppData\Roaming\uv\python\cpython-3.10.17-windows-x86_64-none\lib\asyncio\base_events.py", line 636, in run_until_complete
    self.run_forever()
    │    └ <function ProactorEventLoop.run_forever at 0x0000023975770670>
    └ <ProactorEventLoop running=True closed=False debug=False>

  File "C:\Users\USER\AppData\Roaming\uv\python\cpython-3.10.17-windows-x86_64-none\lib\asyncio\windows_events.py", line 321, in run_forever
    super().run_forever()

  File "C:\Users\USER\AppData\Roaming\uv\python\cpython-3.10.17-windows-x86_64-none\lib\asyncio\base_events.py", line 603, in run_forever
    self._run_once()
    │    └ <function BaseEventLoop._run_once at 0x00000239756BB0A0>
    └ <ProactorEventLoop running=True closed=False debug=False>

  File "C:\Users\USER\AppData\Roaming\uv\python\cpython-3.10.17-windows-x86_64-none\lib\asyncio\base_events.py", line 1909, in _run_once
    handle._run()
    │      └ <function Handle._run at 0x00000239756228C0>
    └ <Handle Task.task_wakeup(<Future finished result=None>)>

  File "C:\Users\USER\AppData\Roaming\uv\python\cpython-3.10.17-windows-x86_64-none\lib\asyncio\events.py", line 80, in _run
    self._context.run(self._callback, *self._args)
    │    │            │    │           │    └ <member '_args' of 'Handle' objects>
    │    │            │    │           └ <Handle Task.task_wakeup(<Future finished result=None>)>
    │    │            │    └ <member '_callback' of 'Handle' objects>
    │    │            └ <Handle Task.task_wakeup(<Future finished result=None>)>
    │    └ <member '_context' of 'Handle' objects>
    └ <Handle Task.task_wakeup(<Future finished result=None>)>

  File "e:\mamba2\mamba2\crew\day_trader.py", line 90, in run
    await self.run_strategy(symbol)
          │    │            └ 'GBPUSD'
          │    └ <function DayTrader.run_strategy at 0x000002397F9857E0>
          └ <mamba2.crew.day_trader.DayTrader object at 0x000002397F971540>

> File "e:\mamba2\mamba2\crew\day_trader.py", line 61, in run_strategy
    await self.strategies[symbol].evaluate(market_context)
          │    │          │                └ {'broker': <mamba2.broker.mt5_broker.MT5Broker object at 0x000002397F973880>, 'rate_fetcher': <RatesFetcher(RateFetcherThread...
          │    │          └ 'GBPUSD'
          │    └ {'EURUSD': <mamba2.strategy.triple_cross.StochasticTripleTFStrategy object at 0x000002397F9715D0>, 'EURJPY': <mamba2.strategy...
          └ <mamba2.crew.day_trader.DayTrader object at 0x000002397F971540>

  File "e:\mamba2\mamba2\strategy\triple_cross.py", line 266, in evaluate
    current_rsi = rsi.iloc[-1]
                  └ np.float64(49.3302110678587)

AttributeError: 'numpy.float64' object has no attribute 'iloc'
2025-06-20 15:34:48.929 | ERROR    | mamba2.crew.day_trader:run_strategy:69 - Error evaluating EURUSD: 'numpy.float64' object has no attribute 'iloc'
2025-06-20 15:34:48.929 | DEBUG    | mamba2.crew.day_trader:run_strategy:70 - Full error details
Traceback (most recent call last):

  File "e:\mamba2\main.py", line 237, in <module>
    asyncio.run(main())
    │       │   └ <function main at 0x000002397F985D80>
    │       └ <function run at 0x00000239756B7BE0>
    └ <module 'asyncio' from 'C:\\Users\\USER\\AppData\\Roaming\\uv\\python\\cpython-3.10.17-windows-x86_64-none\\lib\\asyncio\\__i...

  File "C:\Users\USER\AppData\Roaming\uv\python\cpython-3.10.17-windows-x86_64-none\lib\asyncio\runners.py", line 44, in run
    return loop.run_until_complete(main)
           │    │                  └ <coroutine object main at 0x000002397D782B20>
           │    └ <function BaseEventLoop.run_until_complete at 0x00000239756B9630>
           └ <ProactorEventLoop running=True closed=False debug=False>

  File "C:\Users\USER\AppData\Roaming\uv\python\cpython-3.10.17-windows-x86_64-none\lib\asyncio\base_events.py", line 636, in run_until_complete
    self.run_forever()
    │    └ <function ProactorEventLoop.run_forever at 0x0000023975770670>
    └ <ProactorEventLoop running=True closed=False debug=False>

  File "C:\Users\USER\AppData\Roaming\uv\python\cpython-3.10.17-windows-x86_64-none\lib\asyncio\windows_events.py", line 321, in run_forever
    super().run_forever()

  File "C:\Users\USER\AppData\Roaming\uv\python\cpython-3.10.17-windows-x86_64-none\lib\asyncio\base_events.py", line 603, in run_forever
    self._run_once()
    │    └ <function BaseEventLoop._run_once at 0x00000239756BB0A0>
    └ <ProactorEventLoop running=True closed=False debug=False>

  File "C:\Users\USER\AppData\Roaming\uv\python\cpython-3.10.17-windows-x86_64-none\lib\asyncio\base_events.py", line 1909, in _run_once
    handle._run()
    │      └ <function Handle._run at 0x00000239756228C0>
    └ <Handle Task.task_wakeup(<Future finished result=None>)>

  File "C:\Users\USER\AppData\Roaming\uv\python\cpython-3.10.17-windows-x86_64-none\lib\asyncio\events.py", line 80, in _run
    self._context.run(self._callback, *self._args)
    │    │            │    │           │    └ <member '_args' of 'Handle' objects>
    │    │            │    │           └ <Handle Task.task_wakeup(<Future finished result=None>)>
    │    │            │    └ <member '_callback' of 'Handle' objects>
    │    │            └ <Handle Task.task_wakeup(<Future finished result=None>)>
    │    └ <member '_context' of 'Handle' objects>
    └ <Handle Task.task_wakeup(<Future finished result=None>)>

  File "e:\mamba2\mamba2\crew\day_trader.py", line 90, in run
    await self.run_strategy(symbol)
          │    │            └ 'EURUSD'
          │    └ <function DayTrader.run_strategy at 0x000002397F9857E0>
          └ <mamba2.crew.day_trader.DayTrader object at 0x000002397F971540>

> File "e:\mamba2\mamba2\crew\day_trader.py", line 61, in run_strategy
    await self.strategies[symbol].evaluate(market_context)
          │    │          │                └ {'broker': <mamba2.broker.mt5_broker.MT5Broker object at 0x000002397F973880>, 'rate_fetcher': <RatesFetcher(RateFetcherThread...
          │    │          └ 'EURUSD'
          │    └ {'EURUSD': <mamba2.strategy.triple_cross.StochasticTripleTFStrategy object at 0x000002397F9715D0>, 'EURJPY': <mamba2.strategy...
          └ <mamba2.crew.day_trader.DayTrader object at 0x000002397F971540>

  File "e:\mamba2\mamba2\strategy\triple_cross.py", line 266, in evaluate
    current_rsi = rsi.iloc[-1]
                  └ np.float64(43.27155012323522)

AttributeError: 'numpy.float64' object has no attribute 'iloc'
2025-06-20 15:34:49.029 | ERROR    | mamba2.crew.day_trader:run_strategy:69 - Error evaluating GBPUSD: 'numpy.float64' object has no attribute 'iloc'
2025-06-20 15:34:49.029 | DEBUG    | mamba2.crew.day_trader:run_strategy:70 - Full error details
Traceback (most recent call last):

  File "e:\mamba2\main.py", line 237, in <module>
    asyncio.run(main())
    │       │   └ <function main at 0x000002397F985D80>
    │       └ <function run at 0x00000239756B7BE0>
    └ <module 'asyncio' from 'C:\\Users\\USER\\AppData\\Roaming\\uv\\python\\cpython-3.10.17-windows-x86_64-none\\lib\\asyncio\\__i...

  File "C:\Users\USER\AppData\Roaming\uv\python\cpython-3.10.17-windows-x86_64-none\lib\asyncio\runners.py", line 44, in run
    return loop.run_until_complete(main)
           │    │                  └ <coroutine object main at 0x000002397D782B20>
           │    └ <function BaseEventLoop.run_until_complete at 0x00000239756B9630>
           └ <ProactorEventLoop running=True closed=False debug=False>

  File "C:\Users\USER\AppData\Roaming\uv\python\cpython-3.10.17-windows-x86_64-none\lib\asyncio\base_events.py", line 636, in run_until_complete
    self.run_forever()
    │    └ <function ProactorEventLoop.run_forever at 0x0000023975770670>
    └ <ProactorEventLoop running=True closed=False debug=False>

  File "C:\Users\USER\AppData\Roaming\uv\python\cpython-3.10.17-windows-x86_64-none\lib\asyncio\windows_events.py", line 321, in run_forever
    super().run_forever()

  File "C:\Users\USER\AppData\Roaming\uv\python\cpython-3.10.17-windows-x86_64-none\lib\asyncio\base_events.py", line 603, in run_forever
    self._run_once()
    │    └ <function BaseEventLoop._run_once at 0x00000239756BB0A0>
    └ <ProactorEventLoop running=True closed=False debug=False>

  File "C:\Users\USER\AppData\Roaming\uv\python\cpython-3.10.17-windows-x86_64-none\lib\asyncio\base_events.py", line 1909, in _run_once
    handle._run()
    │      └ <function Handle._run at 0x00000239756228C0>
    └ <Handle Task.task_wakeup(<Future finished result=None>)>

  File "C:\Users\USER\AppData\Roaming\uv\python\cpython-3.10.17-windows-x86_64-none\lib\asyncio\events.py", line 80, in _run
    self._context.run(self._callback, *self._args)
    │    │            │    │           │    └ <member '_args' of 'Handle' objects>
    │    │            │    │           └ <Handle Task.task_wakeup(<Future finished result=None>)>
    │    │            │    └ <member '_callback' of 'Handle' objects>
    │    │            └ <Handle Task.task_wakeup(<Future finished result=None>)>
    │    └ <member '_context' of 'Handle' objects>
    └ <Handle Task.task_wakeup(<Future finished result=None>)>

  File "e:\mamba2\mamba2\crew\day_trader.py", line 90, in run
    await self.run_strategy(symbol)
          │    │            └ 'GBPUSD'
          │    └ <function DayTrader.run_strategy at 0x000002397F9857E0>
          └ <mamba2.crew.day_trader.DayTrader object at 0x000002397F971540>

> File "e:\mamba2\mamba2\crew\day_trader.py", line 61, in run_strategy
    await self.strategies[symbol].evaluate(market_context)
          │    │          │                └ {'broker': <mamba2.broker.mt5_broker.MT5Broker object at 0x000002397F973880>, 'rate_fetcher': <RatesFetcher(RateFetcherThread...
          │    │          └ 'GBPUSD'
          │    └ {'EURUSD': <mamba2.strategy.triple_cross.StochasticTripleTFStrategy object at 0x000002397F9715D0>, 'EURJPY': <mamba2.strategy...
          └ <mamba2.crew.day_trader.DayTrader object at 0x000002397F971540>

  File "e:\mamba2\mamba2\strategy\triple_cross.py", line 266, in evaluate
    current_rsi = rsi.iloc[-1]
                  └ np.float64(49.3302110678587)

AttributeError: 'numpy.float64' object has no attribute 'iloc'
2025-06-20 15:35:19.136 | ERROR    | mamba2.crew.day_trader:run_strategy:69 - Error evaluating EURUSD: 'numpy.float64' object has no attribute 'iloc'
2025-06-20 15:35:19.136 | DEBUG    | mamba2.crew.day_trader:run_strategy:70 - Full error details
Traceback (most recent call last):

  File "e:\mamba2\main.py", line 237, in <module>
    asyncio.run(main())
    │       │   └ <function main at 0x000002397F985D80>
    │       └ <function run at 0x00000239756B7BE0>
    └ <module 'asyncio' from 'C:\\Users\\USER\\AppData\\Roaming\\uv\\python\\cpython-3.10.17-windows-x86_64-none\\lib\\asyncio\\__i...

  File "C:\Users\USER\AppData\Roaming\uv\python\cpython-3.10.17-windows-x86_64-none\lib\asyncio\runners.py", line 44, in run
    return loop.run_until_complete(main)
           │    │                  └ <coroutine object main at 0x000002397D782B20>
           │    └ <function BaseEventLoop.run_until_complete at 0x00000239756B9630>
           └ <ProactorEventLoop running=True closed=False debug=False>

  File "C:\Users\USER\AppData\Roaming\uv\python\cpython-3.10.17-windows-x86_64-none\lib\asyncio\base_events.py", line 636, in run_until_complete
    self.run_forever()
    │    └ <function ProactorEventLoop.run_forever at 0x0000023975770670>
    └ <ProactorEventLoop running=True closed=False debug=False>

  File "C:\Users\USER\AppData\Roaming\uv\python\cpython-3.10.17-windows-x86_64-none\lib\asyncio\windows_events.py", line 321, in run_forever
    super().run_forever()

  File "C:\Users\USER\AppData\Roaming\uv\python\cpython-3.10.17-windows-x86_64-none\lib\asyncio\base_events.py", line 603, in run_forever
    self._run_once()
    │    └ <function BaseEventLoop._run_once at 0x00000239756BB0A0>
    └ <ProactorEventLoop running=True closed=False debug=False>

  File "C:\Users\USER\AppData\Roaming\uv\python\cpython-3.10.17-windows-x86_64-none\lib\asyncio\base_events.py", line 1909, in _run_once
    handle._run()
    │      └ <function Handle._run at 0x00000239756228C0>
    └ <Handle Task.task_wakeup(<Future finished result=None>)>

  File "C:\Users\USER\AppData\Roaming\uv\python\cpython-3.10.17-windows-x86_64-none\lib\asyncio\events.py", line 80, in _run
    self._context.run(self._callback, *self._args)
    │    │            │    │           │    └ <member '_args' of 'Handle' objects>
    │    │            │    │           └ <Handle Task.task_wakeup(<Future finished result=None>)>
    │    │            │    └ <member '_callback' of 'Handle' objects>
    │    │            └ <Handle Task.task_wakeup(<Future finished result=None>)>
    │    └ <member '_context' of 'Handle' objects>
    └ <Handle Task.task_wakeup(<Future finished result=None>)>

  File "e:\mamba2\mamba2\crew\day_trader.py", line 90, in run
    await self.run_strategy(symbol)
          │    │            └ 'EURUSD'
          │    └ <function DayTrader.run_strategy at 0x000002397F9857E0>
          └ <mamba2.crew.day_trader.DayTrader object at 0x000002397F971540>

> File "e:\mamba2\mamba2\crew\day_trader.py", line 61, in run_strategy
    await self.strategies[symbol].evaluate(market_context)
          │    │          │                └ {'broker': <mamba2.broker.mt5_broker.MT5Broker object at 0x000002397F973880>, 'rate_fetcher': <RatesFetcher(RateFetcherThread...
          │    │          └ 'EURUSD'
          │    └ {'EURUSD': <mamba2.strategy.triple_cross.StochasticTripleTFStrategy object at 0x000002397F9715D0>, 'EURJPY': <mamba2.strategy...
          └ <mamba2.crew.day_trader.DayTrader object at 0x000002397F971540>

  File "e:\mamba2\mamba2\strategy\triple_cross.py", line 266, in evaluate
    current_rsi = rsi.iloc[-1]
                  └ np.float64(43.27155012323522)

AttributeError: 'numpy.float64' object has no attribute 'iloc'
2025-06-20 15:35:19.200 | ERROR    | mamba2.crew.day_trader:run_strategy:69 - Error evaluating GBPUSD: 'numpy.float64' object has no attribute 'iloc'
2025-06-20 15:35:19.201 | DEBUG    | mamba2.crew.day_trader:run_strategy:70 - Full error details
Traceback (most recent call last):

  File "e:\mamba2\main.py", line 237, in <module>
    asyncio.run(main())
    │       │   └ <function main at 0x000002397F985D80>
    │       └ <function run at 0x00000239756B7BE0>
    └ <module 'asyncio' from 'C:\\Users\\USER\\AppData\\Roaming\\uv\\python\\cpython-3.10.17-windows-x86_64-none\\lib\\asyncio\\__i...

  File "C:\Users\USER\AppData\Roaming\uv\python\cpython-3.10.17-windows-x86_64-none\lib\asyncio\runners.py", line 44, in run
    return loop.run_until_complete(main)
           │    │                  └ <coroutine object main at 0x000002397D782B20>
           │    └ <function BaseEventLoop.run_until_complete at 0x00000239756B9630>
           └ <ProactorEventLoop running=True closed=False debug=False>

  File "C:\Users\USER\AppData\Roaming\uv\python\cpython-3.10.17-windows-x86_64-none\lib\asyncio\base_events.py", line 636, in run_until_complete
    self.run_forever()
    │    └ <function ProactorEventLoop.run_forever at 0x0000023975770670>
    └ <ProactorEventLoop running=True closed=False debug=False>

  File "C:\Users\USER\AppData\Roaming\uv\python\cpython-3.10.17-windows-x86_64-none\lib\asyncio\windows_events.py", line 321, in run_forever
    super().run_forever()

  File "C:\Users\USER\AppData\Roaming\uv\python\cpython-3.10.17-windows-x86_64-none\lib\asyncio\base_events.py", line 603, in run_forever
    self._run_once()
    │    └ <function BaseEventLoop._run_once at 0x00000239756BB0A0>
    └ <ProactorEventLoop running=True closed=False debug=False>

  File "C:\Users\USER\AppData\Roaming\uv\python\cpython-3.10.17-windows-x86_64-none\lib\asyncio\base_events.py", line 1909, in _run_once
    handle._run()
    │      └ <function Handle._run at 0x00000239756228C0>
    └ <Handle Task.task_wakeup(<Future finished result=None>)>

  File "C:\Users\USER\AppData\Roaming\uv\python\cpython-3.10.17-windows-x86_64-none\lib\asyncio\events.py", line 80, in _run
    self._context.run(self._callback, *self._args)
    │    │            │    │           │    └ <member '_args' of 'Handle' objects>
    │    │            │    │           └ <Handle Task.task_wakeup(<Future finished result=None>)>
    │    │            │    └ <member '_callback' of 'Handle' objects>
    │    │            └ <Handle Task.task_wakeup(<Future finished result=None>)>
    │    └ <member '_context' of 'Handle' objects>
    └ <Handle Task.task_wakeup(<Future finished result=None>)>

  File "e:\mamba2\mamba2\crew\day_trader.py", line 90, in run
    await self.run_strategy(symbol)
          │    │            └ 'GBPUSD'
          │    └ <function DayTrader.run_strategy at 0x000002397F9857E0>
          └ <mamba2.crew.day_trader.DayTrader object at 0x000002397F971540>

> File "e:\mamba2\mamba2\crew\day_trader.py", line 61, in run_strategy
    await self.strategies[symbol].evaluate(market_context)
          │    │          │                └ {'broker': <mamba2.broker.mt5_broker.MT5Broker object at 0x000002397F973880>, 'rate_fetcher': <RatesFetcher(RateFetcherThread...
          │    │          └ 'GBPUSD'
          │    └ {'EURUSD': <mamba2.strategy.triple_cross.StochasticTripleTFStrategy object at 0x000002397F9715D0>, 'EURJPY': <mamba2.strategy...
          └ <mamba2.crew.day_trader.DayTrader object at 0x000002397F971540>

  File "e:\mamba2\mamba2\strategy\triple_cross.py", line 266, in evaluate
    current_rsi = rsi.iloc[-1]
                  └ np.float64(49.3302110678587)

AttributeError: 'numpy.float64' object has no attribute 'iloc'
2025-06-20 15:39:46.189 | WARNING  | mamba2.crew.position_manager:run:214 - Position manager task cancelled
2025-06-20 15:39:46.189 | INFO     | mamba2.crew.position_manager:stop:226 - 🛑 Stopping position manager...
2025-06-20 15:39:46.195 | DEBUG    | mamba2.crew.position_manager:stop:231 - Cleared positions cache
2025-06-20 15:39:46.196 | INFO     | mamba2.crew.position_manager:stop:233 - Position manager stopped
2025-06-20 15:39:46.198 | INFO     | mamba2.crew.atr_manager:stop:120 - Stopping ATR manager...
2025-06-20 15:39:46.203 | INFO     | mamba2.crew.day_trader:run:97 - 📈 Trading loop cancelled
2025-06-20 15:39:46.203 | INFO     | mamba2.crew.day_trader:run:110 - 📈 Day trader stopped
2025-06-20 15:39:51.468 | INFO     | mamba2.crew.rates:_run_loop:194 - 📈 Starting rate fetcher thread
2025-06-20 15:40:00.580 | INFO     | mamba2.crew.atr_manager:start:43 - ATR manager started
2025-06-20 15:40:00.580 | INFO     | mamba2.crew.position_manager:run:198 - 🚀 Position manager started
2025-06-20 15:40:00.581 | DEBUG    | mamba2.crew.position_manager:update_trailing_stops:44 - Waiting for ATR manager to initialize...
2025-06-20 15:40:00.581 | INFO     | mamba2.crew.day_trader:run:81 - 📈 Starting day trader...
2025-06-20 15:40:30.779 | INFO     | mamba2.strategy.triple_cross:evaluate:166 - 📈 BUY Signal - GBPUSD: Trend is uptrend - Trading K=62.07 > D=54.62, Entry K=87.77 > D=62.18
2025-06-20 15:40:30.781 | INFO     | mamba2.strategy.triple_cross:evaluate:195 - Bullish entry signal. Placing BUY order: {'action': 1, 'symbol': 'GBPUSD', 'type': 0, 'volume': 0.1, 'price': 1.35095, 'sl': 0.0, 'tp': 0.0, 'deviation': 10, 'magic': 123456, 'comment': 'Stochastic Triple Cross', 'type_time': 0, 'type_filling': 1}
2025-06-20 15:40:31.652 | DEBUG    | mamba2.strategy.triple_cross:evaluate:205 - Order executed: {'retcode': 10009, 'deal': 52635183321, 'order': 52685419860, 'volume': 0.1, 'price': 1.35095, 'bid': 1.35073, 'ask': 1.35094, 'comment': 'Request executed'}
2025-06-20 15:40:34.429 | DEBUG    | mamba2.crew.position_manager:update_trailing_stops:83 - Calculated initial SL/TP for GBPUSD: Entry=1.35095, ATR=0.00067, SL=1.34995, TP=1.35296
2025-06-20 15:40:34.909 | SUCCESS  | mamba2.crew.position_manager:_update_position_sl:176 - Successfully updated position 52685419860 (SL=1.34995, TP=1.35296)
2025-06-20 15:47:34.677 | DEBUG    | mamba2.strategy.triple_cross:evaluate:161 - GBPJPY - Buy signal skipped - waiting for green candle above EMA7. Current close: 196.484, EMA7: 196.51194
2025-06-20 15:57:36.655 | INFO     | mamba2.strategy.triple_cross:evaluate:166 - 📈 BUY Signal - GBPUSD: Trend is uptrend - Trading K=64.89 > D=60.22, Entry K=37.69 > D=35.57
2025-06-20 15:57:36.655 | INFO     | mamba2.strategy.triple_cross:evaluate:195 - Bullish entry signal. Placing BUY order: {'action': 1, 'symbol': 'GBPUSD', 'type': 0, 'volume': 0.1, 'price': 1.35025, 'sl': 0.0, 'tp': 0.0, 'deviation': 10, 'magic': 123456, 'comment': 'Stochastic Triple Cross', 'type_time': 0, 'type_filling': 1}
2025-06-20 15:57:36.864 | DEBUG    | mamba2.strategy.triple_cross:evaluate:205 - Order executed: {'retcode': 10009, 'deal': 52635231349, 'order': 52685467252, 'volume': 0.1, 'price': 1.35025, 'bid': 1.35005, 'ask': 1.35025, 'comment': 'Request executed'}
2025-06-20 15:57:41.145 | DEBUG    | mamba2.crew.position_manager:update_trailing_stops:83 - Calculated initial SL/TP for GBPUSD: Entry=1.35025, ATR=0.00078, SL=1.34909, TP=1.35258
2025-06-20 15:57:47.795 | SUCCESS  | mamba2.crew.position_manager:_update_position_sl:176 - Successfully updated position 52685467252 (SL=1.34909, TP=1.35258)
2025-06-20 16:13:40.959 | DEBUG    | mamba2.strategy.triple_cross:evaluate:161 - GBPJPY - Buy signal skipped - waiting for green candle above EMA7. Current close: 196.591, EMA7: 196.57960
2025-06-20 16:14:11.056 | DEBUG    | mamba2.strategy.triple_cross:evaluate:161 - GBPJPY - Buy signal skipped - waiting for green candle above EMA7. Current close: 196.591, EMA7: 196.57960
2025-06-20 16:14:41.181 | DEBUG    | mamba2.strategy.triple_cross:evaluate:161 - GBPJPY - Buy signal skipped - waiting for green candle above EMA7. Current close: 196.563, EMA7: 196.57545
2025-06-20 16:15:11.316 | DEBUG    | mamba2.strategy.triple_cross:evaluate:161 - GBPJPY - Buy signal skipped - waiting for green candle above EMA7. Current close: 196.563, EMA7: 196.57545
2025-06-20 16:15:41.436 | INFO     | mamba2.strategy.triple_cross:evaluate:166 - 📈 BUY Signal - GBPJPY: Trend is uptrend - Trading K=86.87 > D=85.68, Entry K=82.88 > D=80.80
2025-06-20 16:15:41.436 | INFO     | mamba2.strategy.triple_cross:evaluate:195 - Bullish entry signal. Placing BUY order: {'action': 1, 'symbol': 'GBPJPY', 'type': 0, 'volume': 0.1, 'price': 196.62, 'sl': 0.0, 'tp': 0.0, 'deviation': 10, 'magic': 123456, 'comment': 'Stochastic Triple Cross', 'type_time': 0, 'type_filling': 1}
2025-06-20 16:15:41.714 | DEBUG    | mamba2.strategy.triple_cross:evaluate:205 - Order executed: {'retcode': 10009, 'deal': 52635301809, 'order': 52685537517, 'volume': 0.1, 'price': 196.62, 'bid': 196.587, 'ask': 196.619, 'comment': 'Request executed'}
2025-06-20 16:15:42.969 | DEBUG    | mamba2.crew.position_manager:update_trailing_stops:83 - Calculated initial SL/TP for GBPJPY: Entry=196.62000, ATR=0.08979, SL=196.48532, TP=196.88936
2025-06-20 16:15:43.334 | SUCCESS  | mamba2.crew.position_manager:_update_position_sl:176 - Successfully updated position 52685537517 (SL=196.48532, TP=196.88936)
2025-06-20 16:18:43.425 | DEBUG    | mamba2.strategy.triple_cross:evaluate:299 - EURUSD - Sell signal skipped - waiting for red candle below EMA7. Current close: 1.15128, EMA7: 1.15135
2025-06-20 16:19:13.505 | DEBUG    | mamba2.strategy.triple_cross:evaluate:299 - EURUSD - Sell signal skipped - waiting for red candle below EMA7. Current close: 1.15128, EMA7: 1.15135
2025-06-20 16:19:43.590 | DEBUG    | mamba2.strategy.triple_cross:evaluate:299 - EURUSD - Sell signal skipped - waiting for red candle below EMA7. Current close: 1.15137, EMA7: 1.15136
2025-06-20 16:20:13.677 | DEBUG    | mamba2.strategy.triple_cross:evaluate:299 - EURUSD - Sell signal skipped - waiting for red candle below EMA7. Current close: 1.15137, EMA7: 1.15136
2025-06-20 16:20:43.864 | DEBUG    | mamba2.strategy.triple_cross:evaluate:299 - EURUSD - Sell signal skipped - waiting for red candle below EMA7. Current close: 1.15151, EMA7: 1.15139
2025-06-20 16:20:43.998 | INFO     | mamba2.strategy.triple_cross:evaluate:166 - 📈 BUY Signal - USDJPY: Trend is uptrend - Trading K=59.93 > D=54.80, Entry K=81.05 > D=59.05
2025-06-20 16:20:44.001 | INFO     | mamba2.strategy.triple_cross:evaluate:195 - Bullish entry signal. Placing BUY order: {'action': 1, 'symbol': 'USDJPY', 'type': 0, 'volume': 0.1, 'price': 145.719, 'sl': 0.0, 'tp': 0.0, 'deviation': 10, 'magic': 123456, 'comment': 'Stochastic Triple Cross', 'type_time': 0, 'type_filling': 1}
2025-06-20 16:20:44.295 | DEBUG    | mamba2.strategy.triple_cross:evaluate:205 - Order executed: {'retcode': 10009, 'deal': 52635330719, 'order': 52685566606, 'volume': 0.1, 'price': 145.719, 'bid': 145.7, 'ask': 145.72, 'comment': 'Request executed'}
2025-06-20 16:20:53.275 | DEBUG    | mamba2.crew.position_manager:update_trailing_stops:83 - Calculated initial SL/TP for USDJPY: Entry=145.71900, ATR=0.07350, SL=145.60875, TP=145.93950
2025-06-20 16:20:53.527 | SUCCESS  | mamba2.crew.position_manager:_update_position_sl:176 - Successfully updated position 52685566606 (SL=145.60875, TP=145.93950)
2025-06-20 16:21:20.297 | INFO     | mamba2.strategy.triple_cross:evaluate:301 - 📉 SELL Signal - EURUSD: Trend is downtrend - Higher K=28.41 < D=35.52, Trading K=34.39 < D=39.27, Entry K=67.08 < D=68.08
2025-06-20 16:21:20.297 | INFO     | mamba2.strategy.triple_cross:evaluate:329 - Bearish entry signal. Placing SELL order: {'action': 1, 'symbol': 'EURUSD', 'type': 1, 'volume': 0.1, 'price': 1.1514199999999999, 'sl': 0.0, 'tp': 0.0, 'deviation': 10, 'magic': 123456, 'comment': 'Stochastic Triple Cross', 'type_time': 0, 'type_filling': 1}
2025-06-20 16:21:20.685 | DEBUG    | mamba2.strategy.triple_cross:evaluate:339 - Order executed: {'retcode': 10009, 'deal': 52635333895, 'order': 52685569806, 'volume': 0.1, 'price': 1.1514199999999999, 'bid': 1.1514199999999999, 'ask': 1.15158, 'comment': 'Request executed'}
2025-06-20 16:21:27.152 | DEBUG    | mamba2.crew.position_manager:update_trailing_stops:83 - Calculated initial SL/TP for EURUSD: Entry=1.15142, ATR=0.00066, SL=1.15241, TP=1.14944
2025-06-20 16:21:27.559 | SUCCESS  | mamba2.crew.position_manager:_update_position_sl:176 - Successfully updated position 52685569806 (SL=1.15241, TP=1.14944)
2025-06-20 16:24:24.389 | DEBUG    | mamba2.strategy.triple_cross:evaluate:161 - GBPJPY - Buy signal skipped - waiting for green candle above EMA7. Current close: 196.633, EMA7: 196.62957
2025-06-20 16:24:24.443 | DEBUG    | mamba2.strategy.triple_cross:evaluate:161 - USDJPY - Buy signal skipped - waiting for green candle above EMA7. Current close: 145.65, EMA7: 145.66302
2025-06-20 16:24:54.651 | DEBUG    | mamba2.strategy.triple_cross:evaluate:161 - GBPJPY - Buy signal skipped - waiting for green candle above EMA7. Current close: 196.633, EMA7: 196.62957
2025-06-20 16:24:54.748 | DEBUG    | mamba2.strategy.triple_cross:evaluate:161 - USDJPY - Buy signal skipped - waiting for green candle above EMA7. Current close: 145.65, EMA7: 145.66302
2025-06-20 16:25:24.810 | INFO     | mamba2.strategy.triple_cross:evaluate:166 - 📈 BUY Signal - EURJPY: Trend is uptrend - Trading K=57.61 > D=49.24, Entry K=96.30 > D=95.89
2025-06-20 16:25:24.810 | INFO     | mamba2.strategy.triple_cross:evaluate:195 - Bullish entry signal. Placing BUY order: {'action': 1, 'symbol': 'EURJPY', 'type': 0, 'volume': 0.1, 'price': 167.805, 'sl': 0.0, 'tp': 0.0, 'deviation': 10, 'magic': 123456, 'comment': 'Stochastic Triple Cross', 'type_time': 0, 'type_filling': 1}
2025-06-20 16:25:24.810 | ERROR    | mamba2.strategy.triple_cross:evaluate:227 - Order failed with code 10031: {'retcode': 10031, 'deal': 0, 'order': 0, 'volume': 0.0, 'price': 0.0, 'bid': 0.0, 'ask': 0.0, 'comment': 'Request rejected due to absence of network connection'}
2025-06-20 16:25:26.212 | DEBUG    | mamba2.strategy.triple_cross:evaluate:161 - GBPJPY - Buy signal skipped - waiting for green candle above EMA7. Current close: 196.631, EMA7: 196.62993
2025-06-20 16:25:56.355 | INFO     | mamba2.strategy.triple_cross:evaluate:166 - 📈 BUY Signal - EURJPY: Trend is uptrend - Trading K=57.61 > D=49.24, Entry K=96.30 > D=95.89
2025-06-20 16:25:56.356 | INFO     | mamba2.strategy.triple_cross:evaluate:195 - Bullish entry signal. Placing BUY order: {'action': 1, 'symbol': 'EURJPY', 'type': 0, 'volume': 0.1, 'price': 167.805, 'sl': 0.0, 'tp': 0.0, 'deviation': 10, 'magic': 123456, 'comment': 'Stochastic Triple Cross', 'type_time': 0, 'type_filling': 1}
2025-06-20 16:25:56.356 | ERROR    | mamba2.strategy.triple_cross:evaluate:227 - Order failed with code 10031: {'retcode': 10031, 'deal': 0, 'order': 0, 'volume': 0.0, 'price': 0.0, 'bid': 0.0, 'ask': 0.0, 'comment': 'Request rejected due to absence of network connection'}
2025-06-20 16:25:57.610 | DEBUG    | mamba2.strategy.triple_cross:evaluate:161 - GBPJPY - Buy signal skipped - waiting for green candle above EMA7. Current close: 196.631, EMA7: 196.62993
2025-06-20 16:26:27.703 | INFO     | mamba2.strategy.triple_cross:evaluate:166 - 📈 BUY Signal - EURJPY: Trend is uptrend - Trading K=57.61 > D=49.24, Entry K=96.30 > D=95.89
2025-06-20 16:26:27.703 | INFO     | mamba2.strategy.triple_cross:evaluate:195 - Bullish entry signal. Placing BUY order: {'action': 1, 'symbol': 'EURJPY', 'type': 0, 'volume': 0.1, 'price': 167.805, 'sl': 0.0, 'tp': 0.0, 'deviation': 10, 'magic': 123456, 'comment': 'Stochastic Triple Cross', 'type_time': 0, 'type_filling': 1}
2025-06-20 16:26:27.706 | ERROR    | mamba2.strategy.triple_cross:evaluate:227 - Order failed with code 10031: {'retcode': 10031, 'deal': 0, 'order': 0, 'volume': 0.0, 'price': 0.0, 'bid': 0.0, 'ask': 0.0, 'comment': 'Request rejected due to absence of network connection'}
2025-06-20 16:26:28.909 | DEBUG    | mamba2.strategy.triple_cross:evaluate:161 - GBPJPY - Buy signal skipped - waiting for green candle above EMA7. Current close: 196.631, EMA7: 196.62993
2025-06-20 16:33:20.689 | WARNING  | mamba2.crew.position_manager:run:214 - Position manager task cancelled
2025-06-20 16:33:20.775 | INFO     | mamba2.crew.position_manager:stop:226 - 🛑 Stopping position manager...
2025-06-20 16:33:20.776 | DEBUG    | mamba2.crew.position_manager:stop:231 - Cleared positions cache
2025-06-20 16:33:20.777 | INFO     | mamba2.crew.position_manager:stop:233 - Position manager stopped
2025-06-20 16:33:20.777 | INFO     | mamba2.crew.atr_manager:stop:120 - Stopping ATR manager...
2025-06-20 16:33:20.779 | INFO     | mamba2.crew.day_trader:run:97 - 📈 Trading loop cancelled
2025-06-20 16:33:20.782 | INFO     | mamba2.crew.day_trader:run:110 - 📈 Day trader stopped
2025-06-20 16:37:30.072 | INFO     | mamba2.crew.rates:_run_loop:194 - 📈 Starting rate fetcher thread
2025-06-20 16:38:00.398 | INFO     | mamba2.crew.atr_manager:start:43 - ATR manager started
2025-06-20 16:38:00.398 | INFO     | mamba2.crew.position_manager:run:198 - 🚀 Position manager started
2025-06-20 16:38:00.398 | DEBUG    | mamba2.crew.position_manager:update_trailing_stops:44 - Waiting for ATR manager to initialize...
2025-06-20 16:38:00.398 | INFO     | mamba2.crew.day_trader:run:81 - 📈 Starting day trader...
2025-06-20 16:41:39.077 | WARNING  | mamba2.crew.position_manager:run:214 - Position manager task cancelled
2025-06-20 16:41:39.078 | INFO     | mamba2.crew.day_trader:run:97 - 📈 Trading loop cancelled
2025-06-20 16:41:39.078 | INFO     | mamba2.crew.day_trader:run:110 - 📈 Day trader stopped
2025-06-20 16:41:39.079 | INFO     | mamba2.crew.position_manager:stop:226 - 🛑 Stopping position manager...
2025-06-20 16:41:39.079 | DEBUG    | mamba2.crew.position_manager:stop:231 - Cleared positions cache
2025-06-20 16:41:39.079 | INFO     | mamba2.crew.position_manager:stop:233 - Position manager stopped
2025-06-20 16:41:39.079 | INFO     | mamba2.crew.atr_manager:stop:120 - Stopping ATR manager...
2025-06-20 16:41:43.975 | INFO     | mamba2.crew.rates:_run_loop:194 - 📈 Starting rate fetcher thread
2025-06-20 16:42:01.114 | INFO     | mamba2.crew.atr_manager:start:43 - ATR manager started
2025-06-20 16:42:01.114 | INFO     | mamba2.crew.position_manager:run:198 - 🚀 Position manager started
2025-06-20 16:42:01.114 | DEBUG    | mamba2.crew.position_manager:update_trailing_stops:44 - Waiting for ATR manager to initialize...
2025-06-20 16:42:01.115 | INFO     | mamba2.crew.day_trader:run:81 - 📈 Starting day trader...
2025-06-20 17:29:16.248 | WARNING  | mamba2.crew.position_manager:run:214 - Position manager task cancelled
2025-06-20 17:29:16.253 | INFO     | mamba2.crew.day_trader:run:97 - 📈 Trading loop cancelled
2025-06-20 17:29:16.253 | INFO     | mamba2.crew.day_trader:run:110 - 📈 Day trader stopped
2025-06-20 17:29:16.254 | INFO     | mamba2.crew.position_manager:stop:226 - 🛑 Stopping position manager...
2025-06-20 17:29:16.256 | DEBUG    | mamba2.crew.position_manager:stop:231 - Cleared positions cache
2025-06-20 17:29:16.257 | INFO     | mamba2.crew.position_manager:stop:233 - Position manager stopped
2025-06-20 17:29:16.259 | INFO     | mamba2.crew.atr_manager:stop:120 - Stopping ATR manager...
2025-06-20 17:30:57.966 | INFO     | mamba2.crew.rates:_run_loop:194 - 📈 Starting rate fetcher thread
2025-06-20 17:31:01.038 | INFO     | mamba2.crew.atr_manager:start:43 - ATR manager started
2025-06-20 17:31:01.039 | INFO     | mamba2.crew.position_manager:run:198 - 🚀 Position manager started
2025-06-20 17:31:01.040 | DEBUG    | mamba2.crew.position_manager:update_trailing_stops:44 - Waiting for ATR manager to initialize...
2025-06-20 17:31:01.040 | INFO     | mamba2.crew.day_trader:run:81 - 📈 Starting day trader...
2025-06-20 17:40:09.143 | INFO     | mamba2.crew.day_trader:run:97 - 📈 Trading loop cancelled
2025-06-20 17:40:09.144 | INFO     | mamba2.crew.day_trader:run:110 - 📈 Day trader stopped
2025-06-20 17:40:09.144 | INFO     | mamba2.crew.position_manager:stop:226 - 🛑 Stopping position manager...
2025-06-20 17:40:09.145 | DEBUG    | mamba2.crew.position_manager:stop:231 - Cleared positions cache
2025-06-20 17:40:09.145 | INFO     | mamba2.crew.position_manager:stop:233 - Position manager stopped
2025-06-20 17:40:09.145 | INFO     | mamba2.crew.atr_manager:stop:120 - Stopping ATR manager...
2025-06-20 17:40:09.175 | WARNING  | mamba2.crew.position_manager:run:214 - Position manager task cancelled
2025-06-20 17:47:26.209 | INFO     | mamba2.crew.rates:_run_loop:194 - 📈 Starting rate fetcher thread
2025-06-20 17:48:00.559 | INFO     | mamba2.crew.atr_manager:start:43 - ATR manager started
2025-06-20 17:48:00.560 | INFO     | mamba2.crew.position_manager:run:198 - 🚀 Position manager started
2025-06-20 17:48:00.560 | DEBUG    | mamba2.crew.position_manager:update_trailing_stops:44 - Waiting for ATR manager to initialize...
2025-06-20 17:48:00.560 | INFO     | mamba2.crew.day_trader:run:81 - 📈 Starting day trader...
2025-06-20 17:48:00.579 | ERROR    | mamba2.crew.day_trader:run_strategy:69 - Error evaluating EURUSD: 'Config' object has no attribute 'ENABLE_TREND_CONDITION'
2025-06-20 17:48:00.597 | DEBUG    | mamba2.crew.day_trader:run_strategy:70 - Full error details
Traceback (most recent call last):

  File "e:\mamba2\main.py", line 237, in <module>
    asyncio.run(main())
    │       │   └ <function main at 0x00000195BB979D80>
    │       └ <function run at 0x00000195AB6F7BE0>
    └ <module 'asyncio' from 'C:\\Users\\USER\\AppData\\Roaming\\uv\\python\\cpython-3.10.17-windows-x86_64-none\\lib\\asyncio\\__i...

  File "C:\Users\USER\AppData\Roaming\uv\python\cpython-3.10.17-windows-x86_64-none\lib\asyncio\runners.py", line 44, in run
    return loop.run_until_complete(main)
           │    │                  └ <coroutine object main at 0x00000195B3772AB0>
           │    └ <function BaseEventLoop.run_until_complete at 0x00000195AB6F9630>
           └ <ProactorEventLoop running=True closed=False debug=False>

  File "C:\Users\USER\AppData\Roaming\uv\python\cpython-3.10.17-windows-x86_64-none\lib\asyncio\base_events.py", line 636, in run_until_complete
    self.run_forever()
    │    └ <function ProactorEventLoop.run_forever at 0x00000195AB7B0670>
    └ <ProactorEventLoop running=True closed=False debug=False>

  File "C:\Users\USER\AppData\Roaming\uv\python\cpython-3.10.17-windows-x86_64-none\lib\asyncio\windows_events.py", line 321, in run_forever
    super().run_forever()

  File "C:\Users\USER\AppData\Roaming\uv\python\cpython-3.10.17-windows-x86_64-none\lib\asyncio\base_events.py", line 603, in run_forever
    self._run_once()
    │    └ <function BaseEventLoop._run_once at 0x00000195AB6FB0A0>
    └ <ProactorEventLoop running=True closed=False debug=False>

  File "C:\Users\USER\AppData\Roaming\uv\python\cpython-3.10.17-windows-x86_64-none\lib\asyncio\base_events.py", line 1909, in _run_once
    handle._run()
    │      └ <function Handle._run at 0x00000195AB6628C0>
    └ <Handle <TaskStepMethWrapper object at 0x00000195BB9637F0>()>

  File "C:\Users\USER\AppData\Roaming\uv\python\cpython-3.10.17-windows-x86_64-none\lib\asyncio\events.py", line 80, in _run
    self._context.run(self._callback, *self._args)
    │    │            │    │           │    └ <member '_args' of 'Handle' objects>
    │    │            │    │           └ <Handle <TaskStepMethWrapper object at 0x00000195BB9637F0>()>
    │    │            │    └ <member '_callback' of 'Handle' objects>
    │    │            └ <Handle <TaskStepMethWrapper object at 0x00000195BB9637F0>()>
    │    └ <member '_context' of 'Handle' objects>
    └ <Handle <TaskStepMethWrapper object at 0x00000195BB9637F0>()>

  File "e:\mamba2\mamba2\crew\day_trader.py", line 90, in run
    await self.run_strategy(symbol)
          │    │            └ 'EURUSD'
          │    └ <function DayTrader.run_strategy at 0x00000195BB9797E0>
          └ <mamba2.crew.day_trader.DayTrader object at 0x00000195BB961600>

> File "e:\mamba2\mamba2\crew\day_trader.py", line 61, in run_strategy
    await self.strategies[symbol].evaluate(market_context)
          │    │          │                └ {'broker': <mamba2.broker.mt5_broker.MT5Broker object at 0x00000195BB963880>, 'rate_fetcher': <RatesFetcher(RateFetcherThread...
          │    │          └ 'EURUSD'
          │    └ {'EURUSD': <mamba2.strategy.triple_cross.StochasticTripleTFStrategy object at 0x00000195BB961690>, 'EURJPY': <mamba2.strategy...
          └ <mamba2.crew.day_trader.DayTrader object at 0x00000195BB961600>

  File "e:\mamba2\mamba2\strategy\triple_cross.py", line 115, in evaluate
    if config.ENABLE_TREND_CONDITION and trend == 'uptrend':
       │                                 └ 'downtrend'
       └ Config(use_mock=False, mt5=MT5Config(login=5037284070, password='UiRf!a8q', server='MetaQuotes-Demo', path='', timeout=60000,...

AttributeError: 'Config' object has no attribute 'ENABLE_TREND_CONDITION'
2025-06-20 17:48:00.728 | ERROR    | mamba2.crew.day_trader:run_strategy:69 - Error evaluating EURJPY: 'Config' object has no attribute 'ENABLE_TREND_CONDITION'
2025-06-20 17:48:00.729 | DEBUG    | mamba2.crew.day_trader:run_strategy:70 - Full error details
Traceback (most recent call last):

  File "e:\mamba2\main.py", line 237, in <module>
    asyncio.run(main())
    │       │   └ <function main at 0x00000195BB979D80>
    │       └ <function run at 0x00000195AB6F7BE0>
    └ <module 'asyncio' from 'C:\\Users\\USER\\AppData\\Roaming\\uv\\python\\cpython-3.10.17-windows-x86_64-none\\lib\\asyncio\\__i...

  File "C:\Users\USER\AppData\Roaming\uv\python\cpython-3.10.17-windows-x86_64-none\lib\asyncio\runners.py", line 44, in run
    return loop.run_until_complete(main)
           │    │                  └ <coroutine object main at 0x00000195B3772AB0>
           │    └ <function BaseEventLoop.run_until_complete at 0x00000195AB6F9630>
           └ <ProactorEventLoop running=True closed=False debug=False>

  File "C:\Users\USER\AppData\Roaming\uv\python\cpython-3.10.17-windows-x86_64-none\lib\asyncio\base_events.py", line 636, in run_until_complete
    self.run_forever()
    │    └ <function ProactorEventLoop.run_forever at 0x00000195AB7B0670>
    └ <ProactorEventLoop running=True closed=False debug=False>

  File "C:\Users\USER\AppData\Roaming\uv\python\cpython-3.10.17-windows-x86_64-none\lib\asyncio\windows_events.py", line 321, in run_forever
    super().run_forever()

  File "C:\Users\USER\AppData\Roaming\uv\python\cpython-3.10.17-windows-x86_64-none\lib\asyncio\base_events.py", line 603, in run_forever
    self._run_once()
    │    └ <function BaseEventLoop._run_once at 0x00000195AB6FB0A0>
    └ <ProactorEventLoop running=True closed=False debug=False>

  File "C:\Users\USER\AppData\Roaming\uv\python\cpython-3.10.17-windows-x86_64-none\lib\asyncio\base_events.py", line 1909, in _run_once
    handle._run()
    │      └ <function Handle._run at 0x00000195AB6628C0>
    └ <Handle <TaskStepMethWrapper object at 0x00000195BB9637F0>()>

  File "C:\Users\USER\AppData\Roaming\uv\python\cpython-3.10.17-windows-x86_64-none\lib\asyncio\events.py", line 80, in _run
    self._context.run(self._callback, *self._args)
    │    │            │    │           │    └ <member '_args' of 'Handle' objects>
    │    │            │    │           └ <Handle <TaskStepMethWrapper object at 0x00000195BB9637F0>()>
    │    │            │    └ <member '_callback' of 'Handle' objects>
    │    │            └ <Handle <TaskStepMethWrapper object at 0x00000195BB9637F0>()>
    │    └ <member '_context' of 'Handle' objects>
    └ <Handle <TaskStepMethWrapper object at 0x00000195BB9637F0>()>

  File "e:\mamba2\mamba2\crew\day_trader.py", line 90, in run
    await self.run_strategy(symbol)
          │    │            └ 'EURJPY'
          │    └ <function DayTrader.run_strategy at 0x00000195BB9797E0>
          └ <mamba2.crew.day_trader.DayTrader object at 0x00000195BB961600>

> File "e:\mamba2\mamba2\crew\day_trader.py", line 61, in run_strategy
    await self.strategies[symbol].evaluate(market_context)
          │    │          │                └ {'broker': <mamba2.broker.mt5_broker.MT5Broker object at 0x00000195BB963880>, 'rate_fetcher': <RatesFetcher(RateFetcherThread...
          │    │          └ 'EURJPY'
          │    └ {'EURUSD': <mamba2.strategy.triple_cross.StochasticTripleTFStrategy object at 0x00000195BB961690>, 'EURJPY': <mamba2.strategy...
          └ <mamba2.crew.day_trader.DayTrader object at 0x00000195BB961600>

  File "e:\mamba2\mamba2\strategy\triple_cross.py", line 115, in evaluate
    if config.ENABLE_TREND_CONDITION and trend == 'uptrend':
       │                                 └ 'uptrend'
       └ Config(use_mock=False, mt5=MT5Config(login=5037284070, password='UiRf!a8q', server='MetaQuotes-Demo', path='', timeout=60000,...

AttributeError: 'Config' object has no attribute 'ENABLE_TREND_CONDITION'
2025-06-20 17:48:00.775 | ERROR    | mamba2.crew.day_trader:run_strategy:69 - Error evaluating GBPUSD: 'Config' object has no attribute 'ENABLE_TREND_CONDITION'
2025-06-20 17:48:00.777 | DEBUG    | mamba2.crew.day_trader:run_strategy:70 - Full error details
Traceback (most recent call last):

  File "e:\mamba2\main.py", line 237, in <module>
    asyncio.run(main())
    │       │   └ <function main at 0x00000195BB979D80>
    │       └ <function run at 0x00000195AB6F7BE0>
    └ <module 'asyncio' from 'C:\\Users\\USER\\AppData\\Roaming\\uv\\python\\cpython-3.10.17-windows-x86_64-none\\lib\\asyncio\\__i...

  File "C:\Users\USER\AppData\Roaming\uv\python\cpython-3.10.17-windows-x86_64-none\lib\asyncio\runners.py", line 44, in run
    return loop.run_until_complete(main)
           │    │                  └ <coroutine object main at 0x00000195B3772AB0>
           │    └ <function BaseEventLoop.run_until_complete at 0x00000195AB6F9630>
           └ <ProactorEventLoop running=True closed=False debug=False>

  File "C:\Users\USER\AppData\Roaming\uv\python\cpython-3.10.17-windows-x86_64-none\lib\asyncio\base_events.py", line 636, in run_until_complete
    self.run_forever()
    │    └ <function ProactorEventLoop.run_forever at 0x00000195AB7B0670>
    └ <ProactorEventLoop running=True closed=False debug=False>

  File "C:\Users\USER\AppData\Roaming\uv\python\cpython-3.10.17-windows-x86_64-none\lib\asyncio\windows_events.py", line 321, in run_forever
    super().run_forever()

  File "C:\Users\USER\AppData\Roaming\uv\python\cpython-3.10.17-windows-x86_64-none\lib\asyncio\base_events.py", line 603, in run_forever
    self._run_once()
    │    └ <function BaseEventLoop._run_once at 0x00000195AB6FB0A0>
    └ <ProactorEventLoop running=True closed=False debug=False>

  File "C:\Users\USER\AppData\Roaming\uv\python\cpython-3.10.17-windows-x86_64-none\lib\asyncio\base_events.py", line 1909, in _run_once
    handle._run()
    │      └ <function Handle._run at 0x00000195AB6628C0>
    └ <Handle <TaskStepMethWrapper object at 0x00000195BB9637F0>()>

  File "C:\Users\USER\AppData\Roaming\uv\python\cpython-3.10.17-windows-x86_64-none\lib\asyncio\events.py", line 80, in _run
    self._context.run(self._callback, *self._args)
    │    │            │    │           │    └ <member '_args' of 'Handle' objects>
    │    │            │    │           └ <Handle <TaskStepMethWrapper object at 0x00000195BB9637F0>()>
    │    │            │    └ <member '_callback' of 'Handle' objects>
    │    │            └ <Handle <TaskStepMethWrapper object at 0x00000195BB9637F0>()>
    │    └ <member '_context' of 'Handle' objects>
    └ <Handle <TaskStepMethWrapper object at 0x00000195BB9637F0>()>

  File "e:\mamba2\mamba2\crew\day_trader.py", line 90, in run
    await self.run_strategy(symbol)
          │    │            └ 'GBPUSD'
          │    └ <function DayTrader.run_strategy at 0x00000195BB9797E0>
          └ <mamba2.crew.day_trader.DayTrader object at 0x00000195BB961600>

> File "e:\mamba2\mamba2\crew\day_trader.py", line 61, in run_strategy
    await self.strategies[symbol].evaluate(market_context)
          │    │          │                └ {'broker': <mamba2.broker.mt5_broker.MT5Broker object at 0x00000195BB963880>, 'rate_fetcher': <RatesFetcher(RateFetcherThread...
          │    │          └ 'GBPUSD'
          │    └ {'EURUSD': <mamba2.strategy.triple_cross.StochasticTripleTFStrategy object at 0x00000195BB961690>, 'EURJPY': <mamba2.strategy...
          └ <mamba2.crew.day_trader.DayTrader object at 0x00000195BB961600>

  File "e:\mamba2\mamba2\strategy\triple_cross.py", line 115, in evaluate
    if config.ENABLE_TREND_CONDITION and trend == 'uptrend':
       │                                 └ 'downtrend'
       └ Config(use_mock=False, mt5=MT5Config(login=5037284070, password='UiRf!a8q', server='MetaQuotes-Demo', path='', timeout=60000,...

AttributeError: 'Config' object has no attribute 'ENABLE_TREND_CONDITION'
2025-06-20 17:48:00.874 | ERROR    | mamba2.crew.day_trader:run_strategy:69 - Error evaluating GBPJPY: 'Config' object has no attribute 'ENABLE_TREND_CONDITION'
2025-06-20 17:48:00.875 | DEBUG    | mamba2.crew.day_trader:run_strategy:70 - Full error details
Traceback (most recent call last):

  File "e:\mamba2\main.py", line 237, in <module>
    asyncio.run(main())
    │       │   └ <function main at 0x00000195BB979D80>
    │       └ <function run at 0x00000195AB6F7BE0>
    └ <module 'asyncio' from 'C:\\Users\\USER\\AppData\\Roaming\\uv\\python\\cpython-3.10.17-windows-x86_64-none\\lib\\asyncio\\__i...

  File "C:\Users\USER\AppData\Roaming\uv\python\cpython-3.10.17-windows-x86_64-none\lib\asyncio\runners.py", line 44, in run
    return loop.run_until_complete(main)
           │    │                  └ <coroutine object main at 0x00000195B3772AB0>
           │    └ <function BaseEventLoop.run_until_complete at 0x00000195AB6F9630>
           └ <ProactorEventLoop running=True closed=False debug=False>

  File "C:\Users\USER\AppData\Roaming\uv\python\cpython-3.10.17-windows-x86_64-none\lib\asyncio\base_events.py", line 636, in run_until_complete
    self.run_forever()
    │    └ <function ProactorEventLoop.run_forever at 0x00000195AB7B0670>
    └ <ProactorEventLoop running=True closed=False debug=False>

  File "C:\Users\USER\AppData\Roaming\uv\python\cpython-3.10.17-windows-x86_64-none\lib\asyncio\windows_events.py", line 321, in run_forever
    super().run_forever()

  File "C:\Users\USER\AppData\Roaming\uv\python\cpython-3.10.17-windows-x86_64-none\lib\asyncio\base_events.py", line 603, in run_forever
    self._run_once()
    │    └ <function BaseEventLoop._run_once at 0x00000195AB6FB0A0>
    └ <ProactorEventLoop running=True closed=False debug=False>

  File "C:\Users\USER\AppData\Roaming\uv\python\cpython-3.10.17-windows-x86_64-none\lib\asyncio\base_events.py", line 1909, in _run_once
    handle._run()
    │      └ <function Handle._run at 0x00000195AB6628C0>
    └ <Handle <TaskStepMethWrapper object at 0x00000195BB9637F0>()>

  File "C:\Users\USER\AppData\Roaming\uv\python\cpython-3.10.17-windows-x86_64-none\lib\asyncio\events.py", line 80, in _run
    self._context.run(self._callback, *self._args)
    │    │            │    │           │    └ <member '_args' of 'Handle' objects>
    │    │            │    │           └ <Handle <TaskStepMethWrapper object at 0x00000195BB9637F0>()>
    │    │            │    └ <member '_callback' of 'Handle' objects>
    │    │            └ <Handle <TaskStepMethWrapper object at 0x00000195BB9637F0>()>
    │    └ <member '_context' of 'Handle' objects>
    └ <Handle <TaskStepMethWrapper object at 0x00000195BB9637F0>()>

  File "e:\mamba2\mamba2\crew\day_trader.py", line 90, in run
    await self.run_strategy(symbol)
          │    │            └ 'GBPJPY'
          │    └ <function DayTrader.run_strategy at 0x00000195BB9797E0>
          └ <mamba2.crew.day_trader.DayTrader object at 0x00000195BB961600>

> File "e:\mamba2\mamba2\crew\day_trader.py", line 61, in run_strategy
    await self.strategies[symbol].evaluate(market_context)
          │    │          │                └ {'broker': <mamba2.broker.mt5_broker.MT5Broker object at 0x00000195BB963880>, 'rate_fetcher': <RatesFetcher(RateFetcherThread...
          │    │          └ 'GBPJPY'
          │    └ {'EURUSD': <mamba2.strategy.triple_cross.StochasticTripleTFStrategy object at 0x00000195BB961690>, 'EURJPY': <mamba2.strategy...
          └ <mamba2.crew.day_trader.DayTrader object at 0x00000195BB961600>

  File "e:\mamba2\mamba2\strategy\triple_cross.py", line 115, in evaluate
    if config.ENABLE_TREND_CONDITION and trend == 'uptrend':
       │                                 └ 'downtrend'
       └ Config(use_mock=False, mt5=MT5Config(login=5037284070, password='UiRf!a8q', server='MetaQuotes-Demo', path='', timeout=60000,...

AttributeError: 'Config' object has no attribute 'ENABLE_TREND_CONDITION'
2025-06-20 17:48:00.907 | ERROR    | mamba2.crew.day_trader:run_strategy:69 - Error evaluating USDJPY: 'Config' object has no attribute 'ENABLE_TREND_CONDITION'
2025-06-20 17:48:00.908 | DEBUG    | mamba2.crew.day_trader:run_strategy:70 - Full error details
Traceback (most recent call last):

  File "e:\mamba2\main.py", line 237, in <module>
    asyncio.run(main())
    │       │   └ <function main at 0x00000195BB979D80>
    │       └ <function run at 0x00000195AB6F7BE0>
    └ <module 'asyncio' from 'C:\\Users\\USER\\AppData\\Roaming\\uv\\python\\cpython-3.10.17-windows-x86_64-none\\lib\\asyncio\\__i...

  File "C:\Users\USER\AppData\Roaming\uv\python\cpython-3.10.17-windows-x86_64-none\lib\asyncio\runners.py", line 44, in run
    return loop.run_until_complete(main)
           │    │                  └ <coroutine object main at 0x00000195B3772AB0>
           │    └ <function BaseEventLoop.run_until_complete at 0x00000195AB6F9630>
           └ <ProactorEventLoop running=True closed=False debug=False>

  File "C:\Users\USER\AppData\Roaming\uv\python\cpython-3.10.17-windows-x86_64-none\lib\asyncio\base_events.py", line 636, in run_until_complete
    self.run_forever()
    │    └ <function ProactorEventLoop.run_forever at 0x00000195AB7B0670>
    └ <ProactorEventLoop running=True closed=False debug=False>

  File "C:\Users\USER\AppData\Roaming\uv\python\cpython-3.10.17-windows-x86_64-none\lib\asyncio\windows_events.py", line 321, in run_forever
    super().run_forever()

  File "C:\Users\USER\AppData\Roaming\uv\python\cpython-3.10.17-windows-x86_64-none\lib\asyncio\base_events.py", line 603, in run_forever
    self._run_once()
    │    └ <function BaseEventLoop._run_once at 0x00000195AB6FB0A0>
    └ <ProactorEventLoop running=True closed=False debug=False>

  File "C:\Users\USER\AppData\Roaming\uv\python\cpython-3.10.17-windows-x86_64-none\lib\asyncio\base_events.py", line 1909, in _run_once
    handle._run()
    │      └ <function Handle._run at 0x00000195AB6628C0>
    └ <Handle <TaskStepMethWrapper object at 0x00000195BB9637F0>()>

  File "C:\Users\USER\AppData\Roaming\uv\python\cpython-3.10.17-windows-x86_64-none\lib\asyncio\events.py", line 80, in _run
    self._context.run(self._callback, *self._args)
    │    │            │    │           │    └ <member '_args' of 'Handle' objects>
    │    │            │    │           └ <Handle <TaskStepMethWrapper object at 0x00000195BB9637F0>()>
    │    │            │    └ <member '_callback' of 'Handle' objects>
    │    │            └ <Handle <TaskStepMethWrapper object at 0x00000195BB9637F0>()>
    │    └ <member '_context' of 'Handle' objects>
    └ <Handle <TaskStepMethWrapper object at 0x00000195BB9637F0>()>

  File "e:\mamba2\mamba2\crew\day_trader.py", line 90, in run
    await self.run_strategy(symbol)
          │    │            └ 'USDJPY'
          │    └ <function DayTrader.run_strategy at 0x00000195BB9797E0>
          └ <mamba2.crew.day_trader.DayTrader object at 0x00000195BB961600>

> File "e:\mamba2\mamba2\crew\day_trader.py", line 61, in run_strategy
    await self.strategies[symbol].evaluate(market_context)
          │    │          │                └ {'broker': <mamba2.broker.mt5_broker.MT5Broker object at 0x00000195BB963880>, 'rate_fetcher': <RatesFetcher(RateFetcherThread...
          │    │          └ 'USDJPY'
          │    └ {'EURUSD': <mamba2.strategy.triple_cross.StochasticTripleTFStrategy object at 0x00000195BB961690>, 'EURJPY': <mamba2.strategy...
          └ <mamba2.crew.day_trader.DayTrader object at 0x00000195BB961600>

  File "e:\mamba2\mamba2\strategy\triple_cross.py", line 115, in evaluate
    if config.ENABLE_TREND_CONDITION and trend == 'uptrend':
       │                                 └ 'uptrend'
       └ Config(use_mock=False, mt5=MT5Config(login=5037284070, password='UiRf!a8q', server='MetaQuotes-Demo', path='', timeout=60000,...

AttributeError: 'Config' object has no attribute 'ENABLE_TREND_CONDITION'
2025-06-20 17:48:09.927 | INFO     | mamba2.crew.day_trader:run:97 - 📈 Trading loop cancelled
2025-06-20 17:48:09.928 | INFO     | mamba2.crew.day_trader:run:110 - 📈 Day trader stopped
2025-06-20 17:48:09.928 | INFO     | mamba2.crew.position_manager:stop:226 - 🛑 Stopping position manager...
2025-06-20 17:48:09.929 | DEBUG    | mamba2.crew.position_manager:stop:231 - Cleared positions cache
2025-06-20 17:48:09.930 | INFO     | mamba2.crew.position_manager:stop:233 - Position manager stopped
2025-06-20 17:48:09.931 | INFO     | mamba2.crew.atr_manager:stop:120 - Stopping ATR manager...
2025-06-20 17:48:09.934 | WARNING  | mamba2.crew.position_manager:run:214 - Position manager task cancelled
2025-06-20 17:49:12.310 | INFO     | mamba2.crew.rates:_run_loop:194 - 📈 Starting rate fetcher thread
2025-06-20 17:50:01.438 | INFO     | mamba2.crew.atr_manager:start:43 - ATR manager started
2025-06-20 17:50:01.439 | INFO     | mamba2.crew.position_manager:run:198 - 🚀 Position manager started
2025-06-20 17:50:01.439 | DEBUG    | mamba2.crew.position_manager:update_trailing_stops:44 - Waiting for ATR manager to initialize...
2025-06-20 17:50:01.440 | INFO     | mamba2.crew.day_trader:run:81 - 📈 Starting day trader...
2025-06-20 17:54:46.035 | WARNING  | mamba2.crew.position_manager:run:214 - Position manager task cancelled
2025-06-20 17:54:46.037 | INFO     | mamba2.crew.position_manager:stop:226 - 🛑 Stopping position manager...
2025-06-20 17:54:46.037 | DEBUG    | mamba2.crew.position_manager:stop:231 - Cleared positions cache
2025-06-20 17:54:46.038 | INFO     | mamba2.crew.position_manager:stop:233 - Position manager stopped
2025-06-20 17:54:46.038 | INFO     | mamba2.crew.atr_manager:stop:120 - Stopping ATR manager...
2025-06-20 17:54:46.050 | INFO     | mamba2.crew.day_trader:run:97 - 📈 Trading loop cancelled
2025-06-20 17:54:46.051 | INFO     | mamba2.crew.day_trader:run:110 - 📈 Day trader stopped
2025-06-20 17:55:32.126 | INFO     | mamba2.crew.rates:_run_loop:194 - 📈 Starting rate fetcher thread
2025-06-20 17:56:00.443 | INFO     | mamba2.crew.atr_manager:start:43 - ATR manager started
2025-06-20 17:56:00.443 | INFO     | mamba2.crew.position_manager:run:198 - 🚀 Position manager started
2025-06-20 17:56:00.444 | DEBUG    | mamba2.crew.position_manager:update_trailing_stops:44 - Waiting for ATR manager to initialize...
2025-06-20 17:56:00.444 | INFO     | mamba2.crew.day_trader:run:81 - 📈 Starting day trader...
2025-06-20 17:58:56.839 | WARNING  | mamba2.crew.position_manager:run:214 - Position manager task cancelled
2025-06-20 17:58:56.840 | INFO     | mamba2.crew.position_manager:stop:226 - 🛑 Stopping position manager...
2025-06-20 17:58:56.841 | DEBUG    | mamba2.crew.position_manager:stop:231 - Cleared positions cache
2025-06-20 17:58:56.842 | INFO     | mamba2.crew.position_manager:stop:233 - Position manager stopped
2025-06-20 17:58:56.842 | INFO     | mamba2.crew.atr_manager:stop:120 - Stopping ATR manager...
2025-06-20 17:58:56.848 | INFO     | mamba2.crew.day_trader:run:97 - 📈 Trading loop cancelled
2025-06-20 17:58:56.848 | INFO     | mamba2.crew.day_trader:run:110 - 📈 Day trader stopped
2025-06-20 17:59:03.962 | INFO     | mamba2.crew.rates:_run_loop:194 - 📈 Starting rate fetcher thread
2025-06-20 18:00:00.444 | INFO     | mamba2.crew.atr_manager:start:43 - ATR manager started
2025-06-20 18:00:00.445 | INFO     | mamba2.crew.position_manager:run:198 - 🚀 Position manager started
2025-06-20 18:00:00.445 | DEBUG    | mamba2.crew.position_manager:update_trailing_stops:44 - Waiting for ATR manager to initialize...
2025-06-20 18:00:00.446 | INFO     | mamba2.crew.day_trader:run:81 - 📈 Starting day trader...
2025-06-20 18:12:09.153 | WARNING  | mamba2.crew.position_manager:run:214 - Position manager task cancelled
2025-06-20 18:12:09.153 | INFO     | mamba2.crew.day_trader:run:97 - 📈 Trading loop cancelled
2025-06-20 18:12:09.154 | INFO     | mamba2.crew.day_trader:run:110 - 📈 Day trader stopped
2025-06-20 18:12:09.154 | INFO     | mamba2.crew.position_manager:stop:226 - 🛑 Stopping position manager...
2025-06-20 18:12:09.154 | DEBUG    | mamba2.crew.position_manager:stop:231 - Cleared positions cache
2025-06-20 18:12:09.155 | INFO     | mamba2.crew.position_manager:stop:233 - Position manager stopped
2025-06-20 18:12:09.155 | INFO     | mamba2.crew.atr_manager:stop:120 - Stopping ATR manager...
2025-06-20 18:15:46.772 | INFO     | mamba2.crew.rates:_run_loop:194 - 📈 Starting rate fetcher thread
2025-06-20 18:16:00.884 | INFO     | mamba2.crew.atr_manager:start:43 - ATR manager started
2025-06-20 18:16:00.884 | INFO     | mamba2.crew.position_manager:run:198 - 🚀 Position manager started
2025-06-20 18:16:00.885 | DEBUG    | mamba2.crew.position_manager:update_trailing_stops:44 - Waiting for ATR manager to initialize...
2025-06-20 18:16:00.886 | INFO     | mamba2.crew.day_trader:run:81 - 📈 Starting day trader...
2025-06-20 21:36:38.870 | ERROR    | mamba2.crew.position_manager:update_trailing_stops:138 - Error in update_trailing_stops: Failed to get positions: (-10001, 'IPC send failed')
2025-06-20 21:36:39.164 | ERROR    | mamba2.crew.rates:_fetch_rates:189 - Error fetching EURUSD M1: Failed to get rates: (-10001, 'IPC send failed')
2025-06-20 21:36:39.164 | WARNING  | mamba2.crew.rates:_update_rates:247 - Failed to fetch rates for EURUSD_M1
2025-06-20 21:36:39.164 | ERROR    | mamba2.crew.rates:_fetch_rates:189 - Error fetching EURUSD M5: Failed to get rates: (-10001, 'IPC send failed')
2025-06-20 21:36:39.164 | WARNING  | mamba2.crew.rates:_update_rates:247 - Failed to fetch rates for EURUSD_M5
2025-06-20 21:36:39.164 | ERROR    | mamba2.crew.rates:_fetch_rates:189 - Error fetching EURUSD M15: Failed to get rates: (-10001, 'IPC send failed')
2025-06-20 21:36:39.164 | WARNING  | mamba2.crew.rates:_update_rates:247 - Failed to fetch rates for EURUSD_M15
2025-06-20 21:36:39.164 | ERROR    | mamba2.crew.rates:_fetch_rates:189 - Error fetching EURJPY M1: Failed to get rates: (-10001, 'IPC send failed')
2025-06-20 21:36:39.164 | WARNING  | mamba2.crew.rates:_update_rates:247 - Failed to fetch rates for EURJPY_M1
2025-06-20 21:36:39.164 | ERROR    | mamba2.crew.rates:_fetch_rates:189 - Error fetching EURJPY M5: Failed to get rates: (-10001, 'IPC send failed')
2025-06-20 21:36:39.164 | WARNING  | mamba2.crew.rates:_update_rates:247 - Failed to fetch rates for EURJPY_M5
2025-06-20 21:36:39.174 | ERROR    | mamba2.crew.rates:_fetch_rates:189 - Error fetching EURJPY M15: Failed to get rates: (-10001, 'IPC send failed')
2025-06-20 21:36:39.177 | WARNING  | mamba2.crew.rates:_update_rates:247 - Failed to fetch rates for EURJPY_M15
2025-06-20 21:36:39.178 | ERROR    | mamba2.crew.rates:_fetch_rates:189 - Error fetching GBPUSD M1: Failed to get rates: (-10001, 'IPC send failed')
2025-06-20 21:36:39.179 | WARNING  | mamba2.crew.rates:_update_rates:247 - Failed to fetch rates for GBPUSD_M1
2025-06-20 21:36:39.180 | ERROR    | mamba2.crew.rates:_fetch_rates:189 - Error fetching GBPUSD M5: Failed to get rates: (-10001, 'IPC send failed')
2025-06-20 21:36:39.181 | WARNING  | mamba2.crew.rates:_update_rates:247 - Failed to fetch rates for GBPUSD_M5
2025-06-20 21:36:39.182 | ERROR    | mamba2.crew.rates:_fetch_rates:189 - Error fetching GBPUSD M15: Failed to get rates: (-10001, 'IPC send failed')
2025-06-20 21:36:39.183 | WARNING  | mamba2.crew.rates:_update_rates:247 - Failed to fetch rates for GBPUSD_M15
2025-06-20 21:36:39.184 | ERROR    | mamba2.crew.rates:_fetch_rates:189 - Error fetching GBPJPY M1: Failed to get rates: (-10001, 'IPC send failed')
2025-06-20 21:36:39.184 | WARNING  | mamba2.crew.rates:_update_rates:247 - Failed to fetch rates for GBPJPY_M1
2025-06-20 21:36:39.187 | ERROR    | mamba2.crew.rates:_fetch_rates:189 - Error fetching GBPJPY M5: Failed to get rates: (-10001, 'IPC send failed')
2025-06-20 21:36:39.190 | WARNING  | mamba2.crew.rates:_update_rates:247 - Failed to fetch rates for GBPJPY_M5
2025-06-20 21:36:39.191 | ERROR    | mamba2.crew.rates:_fetch_rates:189 - Error fetching GBPJPY M15: Failed to get rates: (-10001, 'IPC send failed')
2025-06-20 21:36:39.195 | WARNING  | mamba2.crew.rates:_update_rates:247 - Failed to fetch rates for GBPJPY_M15
2025-06-20 21:36:39.196 | ERROR    | mamba2.crew.rates:_fetch_rates:189 - Error fetching USDJPY M1: Failed to get rates: (-10001, 'IPC send failed')
2025-06-20 21:36:39.198 | WARNING  | mamba2.crew.rates:_update_rates:247 - Failed to fetch rates for USDJPY_M1
2025-06-20 21:36:39.198 | ERROR    | mamba2.crew.rates:_fetch_rates:189 - Error fetching USDJPY M5: Failed to get rates: (-10001, 'IPC send failed')
2025-06-20 21:36:39.201 | WARNING  | mamba2.crew.rates:_update_rates:247 - Failed to fetch rates for USDJPY_M5
2025-06-20 21:36:39.201 | ERROR    | mamba2.crew.rates:_fetch_rates:189 - Error fetching USDJPY M15: Failed to get rates: (-10001, 'IPC send failed')
2025-06-20 21:36:39.203 | WARNING  | mamba2.crew.rates:_update_rates:247 - Failed to fetch rates for USDJPY_M15
2025-06-20 21:36:42.051 | INFO     | mamba2.crew.position_manager:stop:226 - 🛑 Stopping position manager...
2025-06-20 21:36:42.053 | DEBUG    | mamba2.crew.position_manager:stop:231 - Cleared positions cache
2025-06-20 21:36:42.056 | INFO     | mamba2.crew.position_manager:stop:233 - Position manager stopped
2025-06-20 21:36:42.056 | INFO     | mamba2.crew.atr_manager:stop:120 - Stopping ATR manager...
2025-06-20 21:36:42.115 | INFO     | mamba2.crew.day_trader:run:97 - 📈 Trading loop cancelled
2025-06-20 21:36:42.116 | INFO     | mamba2.crew.day_trader:run:110 - 📈 Day trader stopped
2025-06-21 11:51:40.061 | INFO     | mamba2.crew.rates:_run_loop:194 - 📈 Starting rate fetcher thread
2025-06-21 11:52:01.286 | INFO     | mamba2.crew.atr_manager:start:43 - ATR manager started
2025-06-21 11:52:01.286 | INFO     | mamba2.crew.position_manager:run:198 - 🚀 Position manager started
2025-06-21 11:52:01.286 | DEBUG    | mamba2.crew.position_manager:update_trailing_stops:44 - Waiting for ATR manager to initialize...
2025-06-21 11:52:01.286 | INFO     | mamba2.crew.day_trader:run:81 - 📈 Starting day trader...
2025-06-21 13:08:24.243 | WARNING  | mamba2.crew.position_manager:run:214 - Position manager task cancelled
2025-06-21 13:08:24.245 | INFO     | mamba2.crew.position_manager:stop:226 - 🛑 Stopping position manager...
2025-06-21 13:08:24.245 | DEBUG    | mamba2.crew.position_manager:stop:231 - Cleared positions cache
2025-06-21 13:08:24.246 | INFO     | mamba2.crew.position_manager:stop:233 - Position manager stopped
2025-06-21 13:08:24.246 | INFO     | mamba2.crew.atr_manager:stop:120 - Stopping ATR manager...
2025-06-21 13:08:24.248 | INFO     | mamba2.crew.day_trader:run:97 - 📈 Trading loop cancelled
2025-06-21 13:08:24.249 | INFO     | mamba2.crew.day_trader:run:110 - 📈 Day trader stopped
2025-06-26 09:42:05.770 | INFO     | mamba2.crew.rates:_run_loop:194 - 📈 Starting rate fetcher thread
2025-06-26 09:43:01.389 | INFO     | mamba2.crew.atr_manager:start:43 - ATR manager started
2025-06-26 09:43:01.482 | INFO     | mamba2.crew.position_manager:run:198 - 🚀 Position manager started
2025-06-26 09:45:21.142 | WARNING  | mamba2.crew.position_manager:run:214 - Position manager task cancelled
2025-06-26 09:45:21.146 | INFO     | mamba2.crew.position_manager:stop:226 - 🛑 Stopping position manager...
2025-06-26 09:45:21.148 | DEBUG    | mamba2.crew.position_manager:stop:231 - Cleared positions cache
2025-06-26 09:45:21.149 | INFO     | mamba2.crew.position_manager:stop:233 - Position manager stopped
2025-06-26 09:45:21.150 | INFO     | mamba2.crew.atr_manager:stop:120 - Stopping ATR manager...
2025-06-26 09:45:29.060 | INFO     | mamba2.crew.rates:_run_loop:194 - 📈 Starting rate fetcher thread
2025-06-26 09:46:01.269 | INFO     | mamba2.crew.atr_manager:start:43 - ATR manager started
2025-06-26 09:46:01.270 | INFO     | mamba2.crew.position_manager:run:198 - 🚀 Position manager started
2025-06-26 09:46:01.271 | DEBUG    | mamba2.crew.position_manager:update_trailing_stops:44 - Waiting for ATR manager to initialize...
2025-06-26 09:47:16.402 | WARNING  | mamba2.crew.position_manager:run:214 - Position manager task cancelled
2025-06-26 09:47:16.402 | INFO     | mamba2.crew.position_manager:stop:226 - 🛑 Stopping position manager...
2025-06-26 09:47:16.403 | DEBUG    | mamba2.crew.position_manager:stop:231 - Cleared positions cache
2025-06-26 09:47:16.404 | INFO     | mamba2.crew.position_manager:stop:233 - Position manager stopped
2025-06-26 09:47:16.405 | INFO     | mamba2.crew.atr_manager:stop:120 - Stopping ATR manager...
2025-06-26 09:48:00.671 | INFO     | mamba2.crew.rates:_run_loop:194 - 📈 Starting rate fetcher thread
2025-06-26 09:49:17.803 | INFO     | mamba2.crew.rates:_run_loop:194 - 📈 Starting rate fetcher thread
2025-06-26 09:50:01.155 | INFO     | mamba2.crew.atr_manager:start:43 - ATR manager started
2025-06-26 09:50:01.155 | INFO     | mamba2.crew.position_manager:run:197 - 🚀 Position manager started
2025-06-26 09:50:01.156 | DEBUG    | mamba2.crew.position_manager:update_trailing_stops:44 - Waiting for ATR manager to initialize...
2025-06-26 09:51:38.434 | WARNING  | mamba2.crew.position_manager:run:213 - Position manager task cancelled
2025-06-26 09:51:38.434 | INFO     | mamba2.crew.position_manager:stop:225 - 🛑 Stopping position manager...
2025-06-26 09:51:38.435 | DEBUG    | mamba2.crew.position_manager:stop:230 - Cleared positions cache
2025-06-26 09:51:38.436 | INFO     | mamba2.crew.position_manager:stop:232 - Position manager stopped
2025-06-26 09:51:38.436 | INFO     | mamba2.crew.atr_manager:stop:120 - Stopping ATR manager...
2025-06-26 09:51:55.777 | INFO     | mamba2.crew.rates:_run_loop:194 - 📈 Starting rate fetcher thread
2025-06-26 09:52:00.910 | INFO     | mamba2.crew.atr_manager:start:43 - ATR manager started
2025-06-26 09:52:00.910 | INFO     | mamba2.crew.position_manager:run:197 - 🚀 Position manager started
2025-06-26 09:52:00.911 | DEBUG    | mamba2.crew.position_manager:update_trailing_stops:44 - Waiting for ATR manager to initialize...
2025-06-26 09:52:01.926 | DEBUG    | mamba2.crew.position_manager:update_trailing_stops:82 - Calculated initial SL/TP for EURJPY: Current=168.73400, ATR=0.10200, SL=168.88700, TP=168.42800
2025-06-26 09:52:02.212 | SUCCESS  | mamba2.crew.position_manager:_update_position_sl:175 - Successfully updated position 52708078624 (SL=168.88700, TP=168.42800)
2025-06-26 09:52:02.214 | DEBUG    | mamba2.crew.position_manager:update_trailing_stops:82 - Calculated initial SL/TP for GBPJPY: Current=197.91700, ATR=0.10921, SL=198.08082, TP=197.58936
2025-06-26 09:52:02.471 | SUCCESS  | mamba2.crew.position_manager:_update_position_sl:175 - Successfully updated position 52708083471 (SL=198.08082, TP=197.58936)
2025-06-26 09:56:11.934 | WARNING  | mamba2.crew.position_manager:run:213 - Position manager task cancelled
2025-06-26 09:56:11.937 | INFO     | mamba2.crew.position_manager:stop:225 - 🛑 Stopping position manager...
2025-06-26 09:56:11.937 | DEBUG    | mamba2.crew.position_manager:stop:230 - Cleared positions cache
2025-06-26 09:56:11.937 | INFO     | mamba2.crew.position_manager:stop:232 - Position manager stopped
2025-06-26 09:56:11.940 | INFO     | mamba2.crew.atr_manager:stop:120 - Stopping ATR manager...
2025-06-26 09:56:30.632 | INFO     | mamba2.crew.rates:_run_loop:194 - 📈 Starting rate fetcher thread
2025-06-26 09:57:00.861 | INFO     | mamba2.crew.atr_manager:start:43 - ATR manager started
2025-06-26 09:57:00.862 | INFO     | mamba2.crew.position_manager:run:197 - 🚀 Position manager started
2025-06-26 09:57:00.863 | DEBUG    | mamba2.crew.position_manager:update_trailing_stops:44 - Waiting for ATR manager to initialize...
2025-06-26 09:57:01.868 | DEBUG    | mamba2.crew.position_manager:update_trailing_stops:82 - Calculated initial SL/TP for EURJPY: Current=168.83200, ATR=0.10543, SL=168.93743, TP=168.62114
2025-06-26 09:57:02.142 | SUCCESS  | mamba2.crew.position_manager:_update_position_sl:175 - Successfully updated position 52708078624 (SL=168.93743, TP=168.62114)
2025-06-26 09:57:02.144 | DEBUG    | mamba2.crew.position_manager:update_trailing_stops:82 - Calculated initial SL/TP for GBPJPY: Current=198.00600, ATR=0.11000, SL=198.11600, TP=197.78600
2025-06-26 09:57:02.402 | SUCCESS  | mamba2.crew.position_manager:_update_position_sl:175 - Successfully updated position 52708083471 (SL=198.11600, TP=197.78600)
